{"type":"FeatureCollection","features":[{"type":"Feature","properties":{"dpto":5,"dpto_nombre":"Antioquia"},"geometry":{"type":"Polygon","coordinates":[[[-76.4135456859999,8.873828895000088],[-76.38116683499993,8.794208980000064],[-76.41956591199994,8.754994157000056],[-76.36788788399991,8.720674675000055],[-76.3556987149999,8.692978692000054],[-76.34562620499992,8.63982154100006],[-76.31400316899993,8.656489665000038],[-76.2814664199999,8.648865872000044],[-76.28221634599993,8.644158505000064],[-76.26605742399994,8.63880709700004],[-76.26921397199993,8.623648550000041],[-76.25071510499993,8.610307220000038],[-76.25492287399993,8.592788994000045],[-76.2654422729999,8.584190250000063],[-76.24406344699992,8.57208690400006],[-76.22281106899993,8.573270138000055],[-76.22385996999992,8.561772594000047],[-76.2365771499999,8.56003492700006],[-76.23680258699994,8.554440043000056],[-76.20999636999994,8.522922531000063],[-76.20968197699995,8.476781851000055],[-76.21866846299991,8.443560473000048],[-76.18044527299992,8.397311061000039],[-76.24287729199995,8.369986246000053],[-76.26821438799993,8.351430017000041],[-76.30343039299993,8.311179062000065],[-76.30327582199993,8.284522208000055],[-76.32411989999991,8.26474412600004],[-76.32804125299992,8.24209165700006],[-76.35335615899993,8.19423902200009],[-76.34958237099994,8.172130407000054],[-76.33114775899992,8.15145939200005],[-76.3353340669999,8.14774783200005],[-76.34926511599991,8.155161986000053],[-76.35733513199995,8.146242279000091],[-76.36815124299994,8.152946085000053],[-76.37485222399994,8.111544446000039],[-76.40852664099992,8.09971715000006],[-76.40872379799993,8.07392512000007],[-76.42497153699992,8.07429380900004],[-76.42927785099994,8.043753111000058],[-76.4224939639999,8.027723999000045],[-76.42764859499994,8.019794603000037],[-76.4115737109999,8.00695201700006],[-76.41549251099991,7.954524622000065],[-76.42293247599991,7.950497503000065],[-76.42111738499995,7.911825227000065],[-76.43772273199994,7.905191006000052],[-76.4481277989999,7.879690461000052],[-76.4635398559999,7.873088241000062],[-76.46516834999994,7.848732390000066],[-76.48127254199994,7.821720749000065],[-76.48349733999993,7.758035071000052],[-76.49663120399993,7.749715600000059],[-76.48556311499993,7.689319447000059],[-76.49556191099992,7.652982084000087],[-76.49229868299994,7.640469144000065],[-76.51121954699994,7.613402159000088],[-76.50827137699991,7.602142012000058],[-76.51453012799993,7.586664649000056],[-76.50157821499994,7.554635190000056],[-76.49226976299991,7.549210019000043],[-76.4943636889999,7.541824173000066],[-76.4803153499999,7.537826678000044],[-76.47433814499993,7.521646343000043],[-76.46249794699992,7.516773209000064],[-76.45254228199991,7.501125871000056],[-76.4557301879999,7.483870593000063],[-76.43883669799993,7.469737479000059],[-76.41628620999995,7.41850461100006],[-76.3861268899999,7.39361316500009],[-75.84549601399993,7.347087269000042],[-75.83373334799995,7.371340718000056],[-75.83210975599991,7.402072375000046],[-75.81765888099994,7.415823579000062],[-75.8274675909999,7.426034583000046],[-75.82508112499994,7.442187751000063],[-75.80120755899992,7.446399687000053],[-75.78777923599995,7.45983691400005],[-75.78749428399993,7.476292845000046],[-75.77512562499993,7.501377450000064],[-75.78725385899992,7.512223405000043],[-75.7667816629999,7.529083544000059],[-75.7763983449999,7.544913898000061],[-75.77387344399995,7.564880461000087],[-75.76089425599992,7.577312092000057],[-75.76525372299994,7.60194378500006],[-75.74862959799992,7.613541764000047],[-75.71186875699993,7.581286822000038],[-75.68279033499994,7.583446757000047],[-75.67129618999991,7.597969971000055],[-75.64640948599992,7.585842218000039],[-75.61938526699993,7.582678509000061],[-75.60518048199992,7.585517199000037],[-75.60259930099994,7.601092161000054],[-75.57089853499991,7.62492353500005],[-75.55522432899994,7.624305806000052],[-75.5516840279999,7.632667154000046],[-75.55811827199994,7.642795320000062],[-75.54832293499993,7.64548903900004],[-75.55102694599992,7.668399469000065],[-75.53386720399993,7.689331111000058],[-75.53459315299995,7.721743721000053],[-75.4957012779999,7.721711546000051],[-75.47932004599994,7.749008067000091],[-75.47728839399991,7.773308403000044],[-75.45616179299992,7.792756248000046],[-75.45387264999994,7.803225478000059],[-75.46737727499993,7.820664503000046],[-75.4655698869999,7.827691737000066],[-75.4586580109999,7.833844361000047],[-75.4329594109999,7.819234511000047],[-75.42243627099992,7.819389264000051],[-75.41614583699993,7.839057197000045],[-75.40537832799993,7.841833869000084],[-75.4043481029999,7.85752788800005],[-75.34675432499995,7.874967567000056],[-75.3354253409999,7.92095497300005],[-75.3291459969999,7.926935502000049],[-75.3298731079999,7.937211464000086],[-75.33734567699992,7.938782707000087],[-75.33671572499992,7.948100173000057],[-75.32679787899991,7.943513757000062],[-75.30928456999993,7.947435993000056],[-75.29179049399994,7.960168668000051],[-75.26685873399992,7.999321803000043],[-75.24402757599995,8.007604296000068],[-75.2358160849999,8.029131050000046],[-75.24705961299992,8.042105461000062],[-75.23050117899993,8.052982107000048],[-75.22676154899995,8.062976714000058],[-75.21948123399994,8.06805331600009],[-75.2090234389999,8.056935141000054],[-75.1955991239999,8.056215227000052],[-75.1876558649999,8.044288645000051],[-75.15913972299995,8.05554066700006],[-75.15257952199994,8.050528993000057],[-75.13354406699995,8.05392669400004],[-75.12550815399993,8.040137067000046],[-75.10075085799991,8.05570106500005],[-75.09299764699995,8.070596875000092],[-75.08195923399995,8.063612854000041],[-75.08089259399992,8.053219658000046],[-75.04740590699993,8.042404004000048],[-75.04255634099991,8.050558418000037],[-75.02386950399995,8.055088399000056],[-75.01343621799992,8.070625152000048],[-74.98991255099992,8.07483349100005],[-74.96835927799992,8.09057864500005],[-74.95443507599992,8.07860463500009],[-74.9279278379999,8.074597633000053],[-74.91156468699995,8.103612049000049],[-74.89384840499991,8.115735160000042],[-74.87472946499992,8.155664328000057],[-74.86711042499991,8.159158407000064],[-74.8651389659999,8.199782245000051],[-74.83385996399994,8.20193267400009],[-74.8164502429999,8.190049979000037],[-74.8123659549999,8.167525410000053],[-74.79863011399993,8.159513523000044],[-74.78750736799992,8.134014465000064],[-74.7735610009999,8.121778834000054],[-74.76069820399994,8.130456262000052],[-74.73825826099994,8.11652169100006],[-74.7285859879999,8.118374936000066],[-74.71808106599991,8.09813256800004],[-74.7111987319999,8.099368427000059],[-74.70359301299993,8.08861547400005],[-74.69112210399993,8.090251551000051],[-74.67394269099992,8.077895072000047],[-74.66768108899993,8.060034020000046],[-74.6502586009999,8.051513441000054],[-74.64289593199993,8.057257269000047],[-74.63091895399992,8.05464581700005],[-74.62568016099993,8.035816280000063],[-74.61463070499991,8.031822738000074],[-74.60257088799995,8.03737841800006],[-74.59117025199993,8.00432761400009],[-74.5791635729999,7.99512665900005],[-74.55862712899994,7.960312025000064],[-74.53984755399995,7.948378450000064],[-74.53661508899995,7.916082728000049],[-74.52045062099995,7.903287836000061],[-74.5275452059999,7.851831361000052],[-74.51722382199995,7.801741591000052],[-74.52529909399993,7.782569429000091],[-74.51358117199993,7.78102540000009],[-74.5070384089999,7.722627096000053],[-74.4979002039999,7.711531945000047],[-74.48741942899994,7.713620558000059],[-74.4753215309999,7.705552264000062],[-74.47646716299994,7.682159138000088],[-74.48944495199993,7.675324799000066],[-74.50802527099995,7.678408699000045],[-74.53060667099993,7.671204668000087],[-74.56412940199993,7.640252023000073],[-74.56243369599991,7.607606298000064],[-74.5706295569999,7.575419307000061],[-74.56838353699993,7.518105558000059],[-74.58976027699993,7.51187621300005],[-74.5928031389999,7.490587548000065],[-74.58791288599991,7.482272249000061],[-74.59850962099995,7.465657040000053],[-74.58870609699994,7.445478095000055],[-74.5831839029999,7.44864780100005],[-74.57913820699991,7.433598],[-74.56323850299992,7.432857084000091],[-74.55901989499995,7.41447626300004],[-74.54811634899994,7.41155294400005],[-74.51811378699995,7.384882270000048],[-74.4909693539999,7.343460021000055],[-74.46988595699992,7.347617743000058],[-74.46789617299993,7.360732925000093],[-74.45226892699992,7.366186821000042],[-74.44811952799995,7.377715654000042],[-74.42837703299995,7.380257239000059],[-74.41940567099994,7.388585669000065],[-74.41309879499994,7.401733124000089],[-74.41187665299992,7.439584231000083],[-74.42229996499992,7.442204516000061],[-74.4124487169999,7.460350820000087],[-74.37981496599991,7.465964049000092],[-74.37009436799991,7.47996093200004],[-74.36048396799993,7.476531303000058],[-74.3529653089999,7.462179280000043],[-74.3349046159999,7.459225763000063],[-74.31993094899991,7.44166376600009],[-74.3474870739999,7.402798283000038],[-74.36124681099994,7.394137768000064],[-74.37384168499995,7.36422516600004],[-74.38694202199991,7.361193985000057],[-74.3976235149999,7.348115039000049],[-74.40291107199994,7.330232803000058],[-74.40165173699995,7.313899193000054],[-74.38630271999995,7.299260641000046],[-74.38700357599993,7.278867956000056],[-74.39911820799995,7.235105891000046],[-74.4055507999999,7.229404773000056],[-74.40328298299994,7.221970387000056],[-74.40864624199992,7.219196254000053],[-74.40376331899995,7.209964372000059],[-74.40909940499995,7.194124392000049],[-74.39955469099993,7.188891287000047],[-74.39664670799993,7.171782201000042],[-74.39190346999993,7.172850182000047],[-74.37001640299991,7.125205813000093],[-74.37201027299994,7.09807935300006],[-74.36263086999992,7.084996164000074],[-74.35480653899992,7.089164848000053],[-74.35144496599992,7.081589766000093],[-74.35569575499994,7.009898843000087],[-74.32948418099994,7.010714087000053],[-74.32215888299993,7.018860239000048],[-74.30581463099992,6.999159857000052],[-74.29288885799991,7.005757822000078],[-74.28674807599992,7.001674359000049],[-74.27720960099992,7.012199929000076],[-74.24576897899993,7.002673943000048],[-73.9158523349999,7.29558379000008],[-73.92454779399992,7.267565294000065],[-73.92239731799992,7.218552698000053],[-73.9387680129999,7.176769361000083],[-73.93134409299995,7.159351705000063],[-73.93110023699995,7.119065793000061],[-73.88817525099995,7.070210071000076],[-73.88128210199994,7.019807046000039],[-73.88570789999994,7.002032471000064],[-73.93403475299993,6.955847135000056],[-74.0106464779999,6.913279398000043],[-74.02296036899992,6.891313163000063],[-74.07723499899993,6.841886665000061],[-74.08123923499994,6.82149527200005],[-74.11514600899994,6.765573502000052],[-74.13296341299991,6.755246640000053],[-74.14261450599992,6.756588658000055],[-74.17731080399994,6.724945431000037],[-74.2059423529999,6.722380440000052],[-74.22917779099993,6.711423023000066],[-74.25901325799992,6.673367709000047],[-74.31222182199991,6.654311720000067],[-74.3302257869999,6.629572731000053],[-74.35939388699995,6.632838419000052],[-74.40680612599994,6.591356235000092],[-74.40673399499991,6.542633675000047],[-74.39379523199995,6.500460644000043],[-74.4046812659999,6.470891263000055],[-74.39706791299994,6.451809476000051],[-74.37406602199991,6.429123404000052],[-74.3694979629999,6.41221732300005],[-74.39025347799992,6.394085117000088],[-74.42353263799993,6.389977703000056],[-74.4403938609999,6.371054153000046],[-74.45038759499994,6.331878705000065],[-74.50283310899994,6.287496058000045],[-74.53591790199994,6.267952351000076],[-74.54575088199994,6.246434313000066],[-74.57341573299993,6.215661242000067],[-74.57492607699993,6.192109186000039],[-74.61171003499993,6.126644560000045],[-74.58451333199991,6.088208061000046],[-74.5617478449999,6.078295787000059],[-74.57163125799991,6.034521129000041],[-74.56331740899992,5.997633862000043],[-74.56897741499995,5.986948756000061],[-74.59411056499994,5.985965581000073],[-74.61237676099995,5.969879923000065],[-74.60660669499993,5.94247596200006],[-74.58570502299995,5.925019123000084],[-74.58538663699994,5.90306180400006],[-74.59037624599995,5.894692423000038],[-74.62407820999994,5.882350300000041],[-74.63804159099993,5.866365644000041],[-74.65177588699993,5.828224621000061],[-74.65045044699991,5.793015642000057],[-74.66496042599994,5.768536586000039],[-74.68056026399995,5.779162468000038],[-74.69822538199992,5.771167480000088],[-74.7136749249999,5.772378032000063],[-74.7129680939999,5.75580827400006],[-74.72034918399993,5.757621422000057],[-74.72713064999994,5.743787237000049],[-74.72538888499992,5.723528505000047],[-74.73298412399993,5.714648355000065],[-74.72944348599992,5.706467768000039],[-74.75240522599995,5.696477292000054],[-74.7655763809999,5.699741047000089],[-74.77154407199993,5.689813936000064],[-74.79733964399992,5.702322766000066],[-74.80570546699994,5.698640871000066],[-74.81107684099993,5.709267097000065],[-74.8290552009999,5.713065509000046],[-74.84079997899994,5.738209580000046],[-74.86512118499991,5.747207479000053],[-74.93157689399993,5.733514116000038],[-74.97054514399991,5.715091600000051],[-74.9933010279999,5.715334122000058],[-74.99153015999991,5.706063372000074],[-75.00021061599995,5.701647642000069],[-75.00895971099993,5.682035392000046],[-75.04792888299994,5.660875498000053],[-75.06446341299994,5.665998027000057],[-75.07641995299991,5.656762321000087],[-75.08648417299992,5.66100517700005],[-75.09365279199994,5.655369820000089],[-75.09918258199991,5.642128486000047],[-75.08902284999994,5.615409548000059],[-75.09628698299991,5.608256010000048],[-75.08737899399995,5.598221952000074],[-75.09162334199993,5.585212499000079],[-75.12984004399993,5.553236626000057],[-75.13760889199995,5.527219586000058],[-75.15009779899992,5.530273993000037],[-75.18140726699994,5.523468707000063],[-75.22072681999992,5.502936207000062],[-75.27592951399993,5.418558389000054],[-75.28619904699991,5.450210201000061],[-75.28258062299994,5.475688821000062],[-75.31773334899992,5.462543966000055],[-75.3108234099999,5.508665876000066],[-75.32884782699995,5.524572573000057],[-75.32693236099993,5.541776077000065],[-75.33385599699994,5.55005421900006],[-75.32778837199993,5.557820780000043],[-75.34582706599991,5.587109567000084],[-75.3402093169999,5.603009424000049],[-75.36528883199992,5.601569848000054],[-75.3831109969999,5.62150973100006],[-75.36839402899994,5.640842853000038],[-75.37689255899994,5.674191475000043],[-75.4066282469999,5.681229083000062],[-75.41271967099993,5.694287563000046],[-75.42893172399994,5.69660286900006],[-75.47816141099992,5.664284378000048],[-75.48920469299992,5.677512033000085],[-75.50308170699992,5.685050166000053],[-75.5092986539999,5.681362371000091],[-75.51989426199992,5.695120347000056],[-75.53549015399994,5.690976257000045],[-75.54337074299991,5.720071071000064],[-75.57258375799995,5.723106891000043],[-75.5984415609999,5.737454050000053],[-75.59959904999994,5.680911989000037],[-75.57235897999993,5.664707858000043],[-75.58976235299991,5.64303572700004],[-75.57607950599993,5.582780163000052],[-75.57607950499994,5.549743725000042],[-75.56912548499992,5.539935357000047],[-75.56930394599993,5.522803239000041],[-75.57743107399995,5.516206683000064],[-75.59643514299995,5.518102795000061],[-75.6166248689999,5.53230817900004],[-75.62727026399995,5.525896428000067],[-75.67047090799991,5.529473892000055],[-75.6894504359999,5.51941258100004],[-75.73026679899993,5.564098977000071],[-75.7447719939999,5.552277817000061],[-75.76475946599993,5.548318391000066],[-75.7714921509999,5.537291971000059],[-75.78567968699991,5.539968864000059],[-75.8068568889999,5.514389657000038],[-75.8169993429999,5.512099427000066],[-75.83249416699994,5.488838934000057],[-75.85232863999994,5.493564043000049],[-75.86227499599994,5.506332880000059],[-75.86802412599991,5.490242126000055],[-75.90502306499991,5.479859219000048],[-75.92271435799995,5.493029537000041],[-75.93079979099991,5.50887461700006],[-75.95926790999994,5.505081594000046],[-75.98285911999994,5.518872462000047],[-75.98802773699992,5.537325657000054],[-75.99897341399992,5.541514946000063],[-76.00825425999994,5.56368303000005],[-76.00637192199991,5.581182528000056],[-76.0121839219999,5.592364756000052],[-76.00191683399993,5.600120349000065],[-76.0051504729999,5.621918152000092],[-76.08695398999993,5.688642279000078],[-76.08006833099995,5.708610669000052],[-76.06306159799993,5.727421778000064],[-76.07094276999993,5.743528401000049],[-76.06118167599993,5.757955677000041],[-76.06552373399995,5.765274734000059],[-76.07385165599993,5.76144144500006],[-76.08110587699991,5.767021609000039],[-76.07094438199994,5.780652079000049],[-76.08588001899994,5.793031375000055],[-76.08141588399991,5.815699242000051],[-76.09927240899992,5.83111290100004],[-76.0990243999999,5.849198835000038],[-76.08157088999991,5.88277282100006],[-76.06049026799991,5.88634412600004],[-76.05624486999994,5.911544473000049],[-76.06104828399992,5.924128043000053],[-76.05398007999992,5.931177651000041],[-76.05112799199992,5.951328247000049],[-76.06727946699993,5.961372542000049],[-76.06678196399992,5.978117746000066],[-76.08584901799992,5.987419511000041],[-76.10485258099993,6.018401827000048],[-76.12199608299994,6.020075873000053],[-76.1314823649999,6.00011128500006],[-76.14382072599994,5.997631205000062],[-76.16508754799992,6.007205886000065],[-76.17265157999992,6.017391196000062],[-76.17474142999993,6.043577750000054],[-76.19090645999995,6.05772974100006],[-76.19695652399992,6.080175259000043],[-76.19592172199992,6.105451162000065],[-76.20578836499993,6.14734567000005],[-76.20120759299994,6.16030231700006],[-76.21466198699994,6.173986701000047],[-76.20946804599993,6.184548608000057],[-76.22427739799991,6.18825094400006],[-76.23767364199995,6.208345312000063],[-76.25029566799992,6.204215198000043],[-76.25888264499991,6.209668889000056],[-76.28518559199995,6.193406707000065],[-76.29562423699991,6.200685761000045],[-76.32640514899992,6.202591713000061],[-76.33278932299993,6.196162549000064],[-76.38981234699992,6.191494804000058],[-76.40517388799992,6.185585769000056],[-76.40913604199994,6.172380083000064],[-76.41987194299992,6.165732956000056],[-76.46867794199994,6.176573804000043],[-76.47559119699991,6.171098250000057],[-76.47546449099991,6.16005812800006],[-76.49896741799995,6.174172850000048],[-76.51940947999992,6.179978710000057],[-76.5528636759999,6.17851339300006],[-76.58015101799992,6.187226845000055],[-76.58351411299992,6.193451434000053],[-76.58900219799995,6.187863372000038],[-76.60193280099992,6.192569999000057],[-76.61803217399995,6.186897414000043],[-76.64388869099992,6.168326266000065],[-76.6725537239999,6.174348210000062],[-76.68426370899994,6.171213168000065],[-76.68688327699994,6.161509190000061],[-76.71694268999994,6.171485179000058],[-76.7201800659999,6.180042453000056],[-76.71378104099995,6.191420602000051],[-76.72156210399993,6.202590498000063],[-76.7174917179999,6.215861851000057],[-76.72702807399992,6.225312300000041],[-76.72306865099995,6.236981178000065],[-76.75647628399992,6.252152620000061],[-76.75935067199993,6.261442036000062],[-76.74897622299994,6.279602082000054],[-76.78190796299992,6.288815355000054],[-76.7830691389999,6.30924064900006],[-76.79024540699993,6.320236733000058],[-76.7776525669999,6.327880291000042],[-76.79078719099994,6.338657420000061],[-76.78900076499991,6.349873833000061],[-76.77138543199993,6.363242743000058],[-76.78737541099991,6.377900222000051],[-76.76917436499991,6.379789148000043],[-76.76507436999992,6.389292350000062],[-76.79204611799992,6.40923454600005],[-76.79526314899994,6.419970675000059],[-76.78808669499995,6.424691526000061],[-76.77089746799993,6.420770173000051],[-76.7617793739999,6.432153514000049],[-76.76876547099994,6.440167540000061],[-76.7893811209999,6.433010120000063],[-76.7958342199999,6.443651070000044],[-76.78176684599993,6.462648688000058],[-76.78228080999992,6.47456502700004],[-76.77057386099995,6.464856827000062],[-76.76798500799993,6.477991454000062],[-76.80036517699995,6.50796054500006],[-76.8199887799999,6.48724971300004],[-76.81935671999992,6.525476530000049],[-76.84110135599991,6.521451173000059],[-76.85128271799994,6.560720081000056],[-76.86392214799992,6.571496095000043],[-76.87300809399994,6.571264976000066],[-76.88188526999994,6.560456874000067],[-76.8905327619999,6.566237533000049],[-76.89926333099993,6.585527212000045],[-76.89100184299991,6.603420760000063],[-76.88203603399995,6.609359896000058],[-76.86307648799993,6.609036287000038],[-76.8580510669999,6.619715310000061],[-76.8740410449999,6.630261082000061],[-76.90800071199993,6.628129082000044],[-76.91235988499994,6.639855066000052],[-76.89610340699994,6.65911918200004],[-76.89808311799993,6.668218244000059],[-76.90935224599991,6.670159882000064],[-76.92484729599994,6.646898271000055],[-76.93748699299994,6.654588692000061],[-76.93896789699994,6.686344163000058],[-76.95228450199994,6.675123778000057],[-76.96412257899993,6.680883391000066],[-76.96265955599995,6.688416867000058],[-76.95130475099995,6.69177963900006],[-76.93364812099992,6.710918794000065],[-76.9401768429999,6.723164526000062],[-76.95732243599991,6.72478030700006],[-76.96716388699991,6.743130710000059],[-76.96210039399995,6.762794574000054],[-76.9652673569999,6.780394156000057],[-76.95785012999994,6.792514987000061],[-76.97216968999993,6.798123137000061],[-76.97030494699993,6.812734933000058],[-76.9564724469999,6.816812319000064],[-76.93352719699993,6.81184769500004],[-76.91657834099993,6.845472008000058],[-76.90025140199992,6.836564339000063],[-76.89988165099993,6.829034874000058],[-76.87770066799993,6.852164428000037],[-76.86649236699992,6.84476754700006],[-76.85507292199992,6.846158850000052],[-76.8502759289999,6.835422725000058],[-76.83528532499992,6.828684088000045],[-76.83432321099991,6.83847369700004],[-76.81793948799992,6.837682637000057],[-76.8305574069999,6.858589209000058],[-76.79804438499991,6.861634288000062],[-76.78553793799995,6.877529086000038],[-76.79670236899995,6.901599713000053],[-76.80009403699995,6.948564633000046],[-76.80831495099994,6.950246907000064],[-76.8133829269999,6.96351463700006],[-76.8287667219999,6.955970863000061],[-76.81878642299995,6.973836701000039],[-76.8221725169999,6.977899932000071],[-76.8302902879999,6.972402111000065],[-76.83184559499995,6.989140185000053],[-76.84252066499994,6.988321923000058],[-76.83463708099993,6.99926860100004],[-76.82477514199991,7.005457572000068],[-76.7066598159999,7.02491520600006],[-76.68401874599994,7.021338582000055],[-76.67556801699993,7.029853725000066],[-76.64548733399994,7.008360917000061],[-76.61560779899992,7.016789560000063],[-76.6031853579999,7.000489474000062],[-76.59293738199995,7.011625605000063],[-76.58404592599993,6.98312265900006],[-76.57130874399991,6.979676933000064],[-76.5478105759999,7.001996050000059],[-76.54944867599994,7.016716096000039],[-76.53539257599994,7.038448405000054],[-76.5306105539999,7.060098949000064],[-76.53875537999994,7.068741166000052],[-76.53006341999992,7.079621658000065],[-76.53115768799995,7.09357355800006],[-76.52284635299992,7.098769817000061],[-76.52486621199995,7.106260733000056],[-76.51408498799992,7.111150049000059],[-76.50826462499992,7.138619409000057],[-76.48424956799994,7.132855555000049],[-76.49850854999994,7.152246651000041],[-76.50844436499995,7.184072748000062],[-76.50444642199994,7.194553057000064],[-76.5239690169999,7.229341723000061],[-76.5303657099999,7.254962212000066],[-76.53591494699992,7.262056353000048],[-76.53638546399992,7.254944039000065],[-76.54666183899991,7.258885475000056],[-76.56267506499995,7.273475178000069],[-76.57895025199991,7.30417790100006],[-76.58553749599992,7.29791115200004],[-76.60448339099992,7.313280372000065],[-76.61874603899992,7.316170812000053],[-76.6618570789999,7.449177969000061],[-76.80101181299995,7.571660629000064],[-76.82584743699994,7.581475905000048],[-76.93619494099994,7.583409218000043],[-76.94363075599995,7.589209154000059],[-76.96013826799992,7.639772700000037],[-77.0397014959999,7.70476172900004],[-77.1216770229999,7.787407649000045],[-77.12771033099995,7.82698907200006],[-77.1216770229999,7.832681790000038],[-77.09520831599991,7.825067171000057],[-77.08061160199992,7.845174144000055],[-77.05837723899992,7.851543488000061],[-77.03139415299995,7.880097019000061],[-77.01231087499991,7.933825248000062],[-77.02142421099995,7.948792058000038],[-77.00008044599991,7.958428874000049],[-77.0055532049999,7.982318664000047],[-76.99565464699992,8.021151466000049],[-76.98715997099993,8.031026230000066],[-76.95991514399992,8.036903499000061],[-76.93907106599994,8.062839623000059],[-76.94197400699994,8.090155836000065],[-76.95089698599992,8.097603548000052],[-76.95559982099991,8.122733719000053],[-76.94933258599991,8.17233684100006],[-76.96651136699995,8.191789282000059],[-76.98018975199994,8.255281794000041],[-76.96228386399991,8.256126838000057],[-76.94841619899995,8.252749446000053],[-76.9417895169999,8.248512860000062],[-76.94582529299993,8.24456688400005],[-76.94323024099992,8.248979845000065],[-76.95046973099994,8.25196063900006],[-76.95584209999993,8.235491206000063],[-76.96851931499992,8.243317730000058],[-76.96597681199995,8.205939125000043],[-76.95735867099995,8.184764905000065],[-76.94136411599993,8.179949083000054],[-76.93473341499993,8.18883859600004],[-76.9336404419999,8.196926598000061],[-76.9436957929999,8.210625187000062],[-76.92781125399995,8.201444215000038],[-76.93232887499994,8.207419135000066],[-76.92657255099994,8.207783458000051],[-76.9262082269999,8.192336109000053],[-76.9195775259999,8.19619794600004],[-76.91258249999993,8.19335621600004],[-76.91025082499993,8.190805947000058],[-76.9269368759999,8.189858705000063],[-76.92810271299993,8.181333516000052],[-76.92220065999993,8.185122489000037],[-76.90944931099995,8.177617410000039],[-76.93168175799991,8.173635924000052],[-76.92620556499992,8.16282429000006],[-76.93245042399991,8.158471981000048],[-76.94323955499993,8.166651677000061],[-76.95033640299994,8.14476471100005],[-76.95274287299992,8.126583758000038],[-76.9351029579999,8.110908209000058],[-76.9349856199999,8.10325270900006],[-76.94098760499992,8.101819363000061],[-76.93186905099992,8.09152918600006],[-76.9027709369999,8.10110555500006],[-76.8886299589999,8.114379746000054],[-76.89356208399994,8.13230287500005],[-76.87663793099995,8.129782927000065],[-76.82933623499991,8.14112029200004],[-76.8359233999999,8.13504057700004],[-76.82205784299993,8.138276706000056],[-76.81270599599992,8.131658561000052],[-76.85405158899994,8.119979844000056],[-76.85717432899992,8.112377541000058],[-76.84729497899991,8.099202328000047],[-76.85466802099995,8.09126909400004],[-76.83733141599993,8.089369433000059],[-76.83743523599992,8.097036833000061],[-76.82157241399995,8.094375314000047],[-76.83451896199995,8.081160474000058],[-76.87315523399991,8.06806068800006],[-76.86714107099993,8.068975567000052],[-76.86492393899994,8.061037080000062],[-76.83954221499994,8.059519116000047],[-76.8299704499999,8.050386742000057],[-76.83745198299994,8.042436705000057],[-76.83963174899992,8.05005753000006],[-76.8534055909999,8.056847522000055],[-76.87163785599995,8.053172894000056],[-76.87004481199995,8.046975959000065],[-76.86533699199992,8.053337145000057],[-76.86466936799991,8.044796186000042],[-76.85786534699992,8.043536632000041],[-76.85971795199993,8.035248201000059],[-76.83418913199995,8.01982730800006],[-76.86426216799993,8.020178896000061],[-76.86661111899991,8.026292511000065],[-76.8745100239999,8.021356314000059],[-76.8795419839999,8.038440025000057],[-76.89047920699994,8.045473663000053],[-76.91196753699995,8.041719897000064],[-76.91760182199994,8.027069063000056],[-76.92482717899992,8.024643583000056],[-76.92895027599991,8.005721676000064],[-76.92046878499991,7.998936248000064],[-76.92803245499994,7.988723747000051],[-76.93275213399994,7.943677535000063],[-76.9222480009999,7.917593947000057],[-76.8624864709999,7.900559466000061],[-76.77946621199993,7.907844415000056],[-76.74836664399993,7.922084052000059],[-76.74786960199992,7.931166568000037],[-76.76255683699992,7.944038379000062],[-76.74996149799995,7.940559786000051],[-76.74089881899994,7.945636225000044],[-76.74457248699991,7.961933251000062],[-76.72602813899994,7.983472669000093],[-76.73616986899992,8.005270177000057],[-76.74714973399995,8.00533905900005],[-76.74292094799995,8.011220735000052],[-76.74737731899995,8.020745720000093],[-76.72929263599991,8.026575987000058],[-76.73823974099992,8.041551360000085],[-76.71956072199993,8.04027573500008],[-76.71476101399992,8.061643607000065],[-76.72202530399994,8.080618857000047],[-76.73295915199992,8.08894352100009],[-76.73116422299995,8.090227502000062],[-76.72928931699994,8.090736113000048],[-76.7284523909999,8.090499298000054],[-76.72802149799992,8.090564852000057],[-76.72805599799995,8.09064334900006],[-76.7360323069999,8.092545872000073],[-76.74013496499992,8.088459605000082],[-76.7359384099999,8.089480759000082],[-76.73356471499994,8.076583385000049],[-76.73900289199992,8.074228363000088],[-76.7331859329999,8.070758226000066],[-76.74325625999995,8.063309205000053],[-76.74279575299994,8.086074288000077],[-76.73865594699993,8.097647103000043],[-76.74045306699992,8.11336877000008],[-76.74639907999995,8.11087479400004],[-76.74100340399991,8.101228708000065],[-76.76149230599992,8.118038132000038],[-76.74521132099994,8.138120461000085],[-76.73906541799994,8.166583664000086],[-76.75446293099992,8.23760260000006],[-76.77432177599991,8.26653089000007],[-76.75361698299992,8.324926946000062],[-76.75408493399993,8.342215167000063],[-76.76102621599995,8.351100234000057],[-76.75863115499993,8.395033248000061],[-76.77332623699994,8.420312982000041],[-76.78805819899992,8.421150802000057],[-76.8037432189999,8.469886814000063],[-76.82507741099994,8.496617266000044],[-76.84802956499993,8.510554486000046],[-76.89390895699995,8.52568608100006],[-76.90291835799991,8.53114462700006],[-76.91124379199994,8.534987888000046],[-76.91365898899994,8.535096570000064],[-76.91574512699992,8.546185648000062],[-76.92829198899994,8.541956352000057],[-76.93492288899995,8.547700319000057],[-76.92263812499993,8.52745692800005],[-76.9152813799999,8.53459487300006],[-76.90727967599992,8.532258974000058],[-76.91499435799994,8.531365178000044],[-76.92159281399995,8.527277088000062],[-76.92728871599991,8.526346348000061],[-76.93826178899991,8.553369863000057],[-76.89142601599991,8.592095610000058],[-76.88524518499992,8.623096325000063],[-76.78442248199991,8.634246250000047],[-76.69178152199993,8.655029506000062],[-76.64967430599995,8.671171764000064],[-76.63433292199994,8.689792350000062],[-76.64093847599992,8.710552145000065],[-76.62852154899991,8.720059133000063],[-76.63176934599994,8.731315175000077],[-76.52405472499993,8.773565873000052],[-76.51336562299991,8.781838834000041],[-76.51030209399994,8.803937631000053],[-76.4286037949999,8.85390497700007],[-76.4135456859999,8.873828895000088]]]}},{"type":"Feature","properties":{"dpto":8,"dpto_nombre":"Atlántico"},"geometry":{"type":"Polygon","coordinates":[[[-74.85457021099995,11.10537038700005],[-74.83642371899992,11.055243659000041],[-74.78475457399992,11.018003142000055],[-74.7631693749999,10.994271078000054],[-74.75384961399993,10.936128187000065],[-74.7183881119999,10.909236331000045],[-74.73650231999994,10.888761198000054],[-74.74164515299992,10.840634980000061],[-74.73623669799991,10.800167972000054],[-74.72511400299993,10.771728067000083],[-74.7228416769999,10.672575688000052],[-74.74705867999995,10.649198856000055],[-74.7266507459999,10.623682729000052],[-74.72421057499992,10.60870404800005],[-74.73820984799994,10.582076165000046],[-74.73891923999992,10.54229521700006],[-74.7670655629999,10.52813721800004],[-74.79839908999992,10.496174784000061],[-74.8099710649999,10.475273211000058],[-74.81806411999992,10.424832654000056],[-74.82717732999993,10.41119818900006],[-74.84726658599993,10.403098680000085],[-74.86190661299992,10.38652171700005],[-74.86589043599992,10.373092926000083],[-74.86122790099995,10.352653583000063],[-74.89531605199994,10.295442660000049],[-74.90812362699995,10.253286073000083],[-74.9831932909999,10.343352721000088],[-75.00495973299991,10.360253454000087],[-75.02577567499992,10.363930026000048],[-75.04596171299994,10.376285259000042],[-75.07427899299995,10.409353654000085],[-75.08485682999992,10.411970451000059],[-75.13002892499992,10.397587516000044],[-75.16828335399993,10.45179199100005],[-75.19041313299994,10.467892926000047],[-75.2337457029999,10.47951375200006],[-75.24214358499995,10.501142346000051],[-75.2362044329999,10.512457425000036],[-75.24121944199993,10.519547727000088],[-75.22296410399991,10.55283782400005],[-75.23704498399991,10.56971930900005],[-75.2268782729999,10.587639465000052],[-75.22945952999993,10.618901790000052],[-75.22362393199995,10.630810392000058],[-75.22862109599993,10.64437504500006],[-75.24195902399993,10.65444182400006],[-75.24196644599994,10.688994897000043],[-75.24928584499992,10.703965381000046],[-75.2445907309999,10.71686743400005],[-75.24952656099993,10.722965119000037],[-75.24054303799994,10.747216493000053],[-75.22096556199995,10.773569620000046],[-75.2299476579999,10.785182212000052],[-75.20909113599993,10.817347495000092],[-75.1924394049999,10.818799694000063],[-75.18059243599993,10.829704667000044],[-75.15718171999993,10.831485612000051],[-75.1308047579999,10.862783949000061],[-75.10389624099992,10.866429999000047],[-75.08077367699991,10.886374852000074],[-75.05077109599995,10.89582590000009],[-75.0260556579999,10.944263823000085],[-75.03319197299993,10.951811941000074],[-75.05836342599991,10.931248706000076],[-75.05074431899993,10.946263782000074],[-75.00880063699992,10.97738649200005],[-74.9631098129999,10.986149906000037],[-74.95409172699993,11.006685788000084],[-74.92163528899994,11.028787977000093],[-74.92128938399992,11.045503625000038],[-74.88456241599994,11.044344064000086],[-74.84617932899994,11.058568765000075],[-74.85457021099995,11.10537038700005]]]}},{"type":"Feature","properties":{"dpto":11,"dpto_nombre":"Bogotá, D.C."},"geometry":{"type":"Polygon","coordinates":[[[-74.07059222899994,4.828561852000064],[-74.06594393799992,4.835579339000049],[-74.06057148999992,4.827666160000092],[-74.04906919699994,4.830620728000042],[-74.04991530799992,4.835303454000041],[-74.03310848299992,4.820766418000062],[-74.00670129199995,4.823247600000059],[-74.0035849759999,4.818559122000067],[-74.00095046399991,4.803163870000049],[-74.01324859899995,4.797482032000062],[-74.0183757339999,4.768095325000047],[-74.00716676899992,4.742340567000042],[-74.00691158099994,4.716530048000038],[-74.01482632699992,4.697251834000042],[-74.00200611399993,4.674608250000063],[-74.00843964899991,4.661802133000037],[-74.02489494799994,4.662499874000048],[-74.03138607099993,4.646030170000074],[-74.0093584519999,4.638864340000055],[-74.0092111749999,4.626173757000061],[-73.98612579299993,4.629074974000048],[-73.99531437699994,4.614215027000057],[-73.99511057299992,4.598226342000089],[-74.00178457499993,4.593896487000052],[-74.00534559199991,4.560592184000086],[-74.02959781699991,4.55787390100005],[-74.04227898099992,4.512401838000073],[-74.0725504259999,4.513124280000056],[-74.07590071899995,4.463157376000083],[-74.10106006199993,4.452591165000058],[-74.11214742699991,4.433134909000046],[-74.11444341899994,4.385657287000072],[-74.0961965429999,4.379441173000089],[-74.09822521099994,4.345619248000048],[-74.1219561719999,4.307785980000062],[-74.12921300399995,4.284209263000093],[-74.1527110099999,4.254555423000056],[-74.13607173799994,4.229848253000057],[-74.13855173099995,4.214914555000064],[-74.13113691599995,4.19838700400004],[-74.1238793579999,4.195393569000089],[-74.12332075599994,4.181093074000046],[-74.11004852299993,4.181912748000059],[-74.11470383599993,4.152899510000054],[-74.10959005299992,4.132493363000037],[-74.1285256509999,4.125743570000054],[-74.13059216999994,4.115985796000075],[-74.13152354499994,4.102825357000086],[-74.12008768099992,4.097571626000047],[-74.12982446299992,4.091563415000053],[-74.13265733299994,4.080419495000058],[-74.12576145199995,4.066913399000043],[-74.1269221359999,4.048477853000065],[-74.1477358599999,4.019066985000052],[-74.15067459799991,4.004849073000059],[-74.16025853499991,4.017847857000049],[-74.17559334799995,4.018025454000053],[-74.18389878099993,4.008778833000065],[-74.19551482499992,4.016516702000047],[-74.2173829809999,4.010896177000063],[-74.2442708399999,3.954433984000048],[-74.26014055799993,3.948251980000066],[-74.2564258029999,3.927865629000053],[-74.27358716499992,3.924904566000066],[-74.27814647199995,3.90722578000009],[-74.29752175599992,3.883284768000067],[-74.31032208599993,3.88840037500006],[-74.31675894599994,3.881282313000042],[-74.30410495299992,3.851151926000057],[-74.30707660799993,3.840342540000051],[-74.29425780699995,3.831734170000061],[-74.29661663399992,3.818903847000058],[-74.31676524999995,3.815160484000046],[-74.31831381799992,3.823643253000057],[-74.32627572099994,3.826716586000089],[-74.33562582899992,3.821664899000041],[-74.33694711099992,3.810962040000049],[-74.35359597399992,3.807092857000043],[-74.35243795299994,3.799651827000048],[-74.36331220099993,3.786147374000052],[-74.37661000399993,3.783705290000057],[-74.37763609699994,3.777266596000061],[-74.39389302799992,3.76991457400004],[-74.38715890599991,3.752702313000043],[-74.3973730319999,3.753727096000091],[-74.4015638489999,3.737422219000052],[-74.42285359499994,3.742002920000061],[-74.43958715699995,3.730633099000045],[-74.45067485499993,3.74986418900005],[-74.43366092499991,3.764625067000054],[-74.43169794199991,3.783871194000085],[-74.42338533399993,3.785822237000048],[-74.39526881699993,3.823803951000059],[-74.38571748399994,3.865481445000057],[-74.37348963099993,3.879177755000057],[-74.3595572399999,3.913744738000048],[-74.35689156099994,3.970980327000063],[-74.37458191699994,3.985874755000054],[-74.36255574299992,4.009532967000041],[-74.3661404529999,4.036266922000038],[-74.35060751599991,4.057303429000058],[-74.3496563459999,4.078020568000056],[-74.32988660799992,4.130540258000053],[-74.29968372899992,4.105616780000048],[-74.27966426299992,4.101992029000087],[-74.26565272599993,4.091665982000052],[-74.24564163399992,4.103247643000088],[-74.24145033799994,4.180840612000054],[-74.23175961499993,4.216688180000062],[-74.2197052489999,4.225915569000051],[-74.2173229629999,4.236302330000058],[-74.20426913799992,4.239706636000051],[-74.20552942599994,4.268892236000056],[-74.22188455999992,4.282058170000084],[-74.2137356689999,4.307296989000065],[-74.21795784099993,4.360812533000058],[-74.2085426939999,4.407035102000066],[-74.19443336199993,4.426675188000047],[-74.1780695619999,4.486343493000049],[-74.1815334339999,4.503871989000061],[-74.17457276599993,4.507129804000044],[-74.18773380699992,4.529172266000046],[-74.17363220499993,4.54090018100004],[-74.1798141399999,4.569755158000078],[-74.17527535999994,4.575389084000051],[-74.1837810259999,4.596452107000061],[-74.20427645099994,4.599683095000046],[-74.22177773699991,4.618763075000061],[-74.2225686729999,4.629401793000056],[-74.19421432599995,4.655092540000055],[-74.18374681599994,4.652735822000068],[-74.18517639099991,4.64696093200007],[-74.15850000699993,4.66284838200005],[-74.17484761599991,4.676640654000039],[-74.16755922599992,4.688186828000084],[-74.16924865199991,4.700972470000067],[-74.1769777369999,4.702908756000056],[-74.15809941299995,4.725475611000093],[-74.12609827299991,4.729396763000068],[-74.13199912199991,4.740562830000044],[-74.11663731999994,4.762027081000042],[-74.11294807799993,4.79013328800005],[-74.10801793199994,4.788642971000058],[-74.10073333799994,4.799187890000042],[-74.0936407719999,4.790717723000057],[-74.08728918899993,4.795979226000043],[-74.0886292209999,4.803108319000046],[-74.07954330699994,4.809304398000052],[-74.08648141399993,4.820895044000054],[-74.08168172199993,4.816383396000049],[-74.07889207599993,4.821536881000043],[-74.08670057799992,4.832435595000049],[-74.07466277399993,4.836898246000089],[-74.07059222899994,4.828561852000064]]]}},{"type":"Feature","properties":{"dpto":13,"dpto_nombre":"Bolívar"},"geometry":{"type":"MultiPolygon","coordinates":[[[[-76.17317674499992,9.387845687000038],[-76.17873873499991,9.378030411000054],[-76.1906311759999,9.38490557700004],[-76.18900016099991,9.393139989000076],[-76.17607170999992,9.398861846000045],[-76.17317674499992,9.387845687000038]]],[[[-75.87547031699995,9.783176653000055],[-75.86889348599993,9.780616352000038],[-75.87606042199991,9.780083353000066],[-75.87547031699995,9.783176653000055]]],[[[-75.85920841799992,9.786494211000047],[-75.85923433399995,9.785300490000054],[-75.85994932999995,9.786280608000084],[-75.85920841799992,9.786494211000047]]],[[[-75.85475070299992,9.79485744100009],[-75.85394425299995,9.794375001000049],[-75.8544368009999,9.79408232700007],[-75.85475070299992,9.79485744100009]]],[[[-75.85748590199995,9.795751578000079],[-75.85667646899992,9.79538924600007],[-75.85717181299992,9.794942562000074],[-75.85748590199995,9.795751578000079]]],[[[-75.8560344309999,9.796146569000086],[-75.85455116399993,9.795861123000066],[-75.85585689299995,9.795412],[-75.8560344309999,9.796146569000086]]],[[[-75.85368789599994,9.797664040000086],[-75.85383066299994,9.796480259000077],[-75.85404243499994,9.797617641000045],[-75.85368789599994,9.797664040000086]]],[[[-75.85123526099994,9.804563520000045],[-75.84460897299994,9.799405479000086],[-75.85002983099992,9.795739651000076],[-75.84741242399991,9.793273935000059],[-75.84282973099994,9.798805260000051],[-75.82803987999995,9.796040649000076],[-75.82784543199995,9.790430152000056],[-75.8560627029999,9.788392706000081],[-75.85689188899994,9.795065993000037],[-75.85539016199994,9.78945430500005],[-75.85002614299992,9.796913440000083],[-75.8561719779999,9.799998653000046],[-75.85123526099994,9.804563520000045]]],[[[-75.72761237299994,10.145940993000067],[-75.72884109499995,10.146286],[-75.7281106129999,10.147397271000045],[-75.72761237299994,10.145940993000067]]],[[[-75.69073437399993,10.150346943000045],[-75.69113386299995,10.149427457000058],[-75.69091064699995,10.150475205000077],[-75.69073437399993,10.150346943000045]]],[[[-75.68988951499995,10.149750534000077],[-75.6905482489999,10.150164355000072],[-75.69007558999994,10.150647082000091],[-75.68988951499995,10.149750534000077]]],[[[-75.69162849499992,10.150692870000057],[-75.69130373999991,10.149726901000065],[-75.69169107699992,10.149741677000065],[-75.69162849499992,10.150692870000057]]],[[[-75.68905810799993,10.150870911000084],[-75.68966827699995,10.15135969000005],[-75.6891787699999,10.151399419000086],[-75.68905810799993,10.150870911000084]]],[[[-75.67438444999993,10.16126111200009],[-75.67574014299993,10.160657335000053],[-75.67782225799994,10.160820719000071],[-75.67438444999993,10.16126111200009]]],[[[-75.77589784899993,10.16272058900006],[-75.77631976799995,10.162716666000051],[-75.77597911799995,10.162858931000073],[-75.77589784899993,10.16272058900006]]],[[[-75.66664385399991,10.163953689000039],[-75.6671592699999,10.163136339000062],[-75.66716340499994,10.163972612000066],[-75.66664385399991,10.163953689000039]]],[[[-75.65971402799994,10.164110416000085],[-75.66009251899993,10.164088187000061],[-75.65984451499992,10.164342955000052],[-75.65971402799994,10.164110416000085]]],[[[-75.67242630299995,10.163591572000087],[-75.67161245199992,10.163293947000057],[-75.67235030699993,10.160973050000052],[-75.67242630299995,10.163591572000087]]],[[[-75.66406649499993,10.164602047000074],[-75.6634092029999,10.16504322700007],[-75.66326900299993,10.164762773000064],[-75.66406649499993,10.164602047000074]]],[[[-75.65476189299994,10.165053598000043],[-75.65531449899993,10.164739227000041],[-75.65532120199993,10.165122629000052],[-75.65476189299994,10.165053598000043]]],[[[-75.66190324299993,10.165411189000054],[-75.66147376799995,10.165427314000056],[-75.66170941699994,10.16515929700006],[-75.66190324299993,10.165411189000054]]],[[[-75.66294177499992,10.166721],[-75.6635735829999,10.166649761000087],[-75.66333886299992,10.16724471100008],[-75.66294177499992,10.166721]]],[[[-75.66722918499994,10.166000544000042],[-75.66636006499994,10.16705571500006],[-75.6660643969999,10.166882242000042],[-75.66722918499994,10.166000544000042]]],[[[-75.79607509099992,10.169340382000087],[-75.78623752499993,10.16744998300004],[-75.78340961799995,10.159159023000086],[-75.79020001299995,10.157553964000044],[-75.79607509099992,10.169340382000087]]],[[[-75.65297840399995,10.171274121000067],[-75.65361437799993,10.16708643800007],[-75.66301141399993,10.169359946000043],[-75.66814502099993,10.167870443000083],[-75.6692656319999,10.16355019200006],[-75.66913509699992,10.166928167000037],[-75.6677085849999,10.168743125000049],[-75.65297840399995,10.171274121000067]]],[[[-75.7687616259999,10.175438960000065],[-75.7665673489999,10.174331857000084],[-75.76800827099993,10.17391179000009],[-75.7687616259999,10.175438960000065]]],[[[-75.75885882999995,10.176424574000066],[-75.75839674999992,10.176086926000039],[-75.7589232229999,10.176384240000061],[-75.75885882999995,10.176424574000066]]],[[[-75.77130880499993,10.177860767000084],[-75.77049563399993,10.177848079000057],[-75.77099552999994,10.176679439000054],[-75.77130880499993,10.177860767000084]]],[[[-75.77204546999991,10.177383775000067],[-75.77144151199991,10.178226234000078],[-75.77149873699994,10.177217614000085],[-75.77204546999991,10.177383775000067]]],[[[-75.77002664699995,10.178408180000076],[-75.77033558499994,10.178767101000062],[-75.77010853599995,10.178841504000047],[-75.77002664699995,10.178408180000076]]],[[[-75.76562409199994,10.178970241000059],[-75.76568743599995,10.17869950800008],[-75.7657488989999,10.178951263000044],[-75.76562409199994,10.178970241000059]]],[[[-75.75909626899994,10.177815445000078],[-75.7582785919999,10.177058990000091],[-75.75906011299992,10.177079584000069],[-75.75909626899994,10.177815445000078]]],[[[-75.7578442219999,10.17520756500005],[-75.75113495799991,10.176076235000039],[-75.75478726299991,10.173387725000055],[-75.7578442219999,10.17520756500005]]],[[[-75.77789906099991,10.180209734000073],[-75.77671084899993,10.179060923000065],[-75.77823647299994,10.179969241000038],[-75.77789906099991,10.180209734000073]]],[[[-75.74973470399993,10.180184950000069],[-75.7485779779999,10.180513455000039],[-75.74954298299991,10.178784207000092],[-75.74909775999993,10.177399034000075],[-75.74929447499994,10.17522789700007],[-75.74964585999993,10.174982012000044],[-75.74973470399993,10.180184950000069]]],[[[-75.77555621999994,10.178718486000037],[-75.77633313299992,10.178453127000068],[-75.7768815849999,10.18116998700009],[-75.77555621999994,10.178718486000037]]],[[[-75.77496981199994,10.18126751300008],[-75.77493235999992,10.181089994000047],[-75.77504220199995,10.181147614000054],[-75.77496981199994,10.18126751300008]]],[[[-75.74887808299991,10.182234387000051],[-75.74900387299994,10.181952464000062],[-75.74896469599992,10.182300419000057],[-75.74887808299991,10.182234387000051]]],[[[-75.71824454199992,10.183152325000037],[-75.716443,10.182491840000068],[-75.7185686649999,10.18281593800009],[-75.71824454199992,10.183152325000037]]],[[[-75.72288737399992,10.183118608000086],[-75.72117938299994,10.183005999000045],[-75.72258271099992,10.181792243000075],[-75.72288737399992,10.183118608000086]]],[[[-75.74887860199993,10.182689270000083],[-75.7237467349999,10.18127174600005],[-75.74749375499994,10.172372563000067],[-75.74811241599991,10.180367551000074],[-75.74887860199993,10.182689270000083]]],[[[-75.71755863599992,10.184341244000052],[-75.71799234999992,10.184195601000056],[-75.71771643099993,10.184519788000046],[-75.71755863599992,10.184341244000052]]],[[[-75.72627037799992,10.184481368000093],[-75.72674290599991,10.18429543600007],[-75.7267811339999,10.18472352200007],[-75.72627037799992,10.184481368000093]]],[[[-75.72823286999994,10.184802871000045],[-75.72784891299995,10.184198085000048],[-75.72842801399992,10.184720309000056],[-75.72823286999994,10.184802871000045]]],[[[-75.73664457299992,10.18535873400009],[-75.73656168999992,10.185180050000042],[-75.7366949339999,10.185308329000065],[-75.73664457299992,10.18535873400009]]],[[[-75.73739642299995,10.185311930000069],[-75.73756499599995,10.185280031000048],[-75.73747393999992,10.185385568000072],[-75.73739642299995,10.185311930000069]]],[[[-75.58263289199994,10.309711372000038],[-75.5782077849999,10.30611329900006],[-75.5799224889999,10.304947857000059],[-75.58263289199994,10.309711372000038]]],[[[-75.57840823799995,10.312138124000057],[-75.57811551399993,10.313636359000043],[-75.57522535299995,10.31270958400006],[-75.57840823799995,10.312138124000057]]],[[[-75.57537253499993,10.381356957000037],[-75.57019891399995,10.373545541000055],[-75.54060558999993,10.362860302000058],[-75.53745515299994,10.357024467000087],[-75.55164744699994,10.35586210100007],[-75.54939171799992,10.34972309200009],[-75.54472321499992,10.348238307000088],[-75.55009627699991,10.351803216000064],[-75.54638431799992,10.356107661000067],[-75.53829986099993,10.34916510800008],[-75.54894839499991,10.336112195000055],[-75.55809634499991,10.34593151200005],[-75.55981431599992,10.337131472000067],[-75.5663840069999,10.345159773000091],[-75.57445513899995,10.341542992000086],[-75.58075595199995,10.334728217000077],[-75.57491910999994,10.327697335000039],[-75.58212681899994,10.318005478000089],[-75.59144100799995,10.32342019300006],[-75.5934105579999,10.34767271000004],[-75.57537253499993,10.381356957000037]]],[[[-75.26176003599994,10.800689219000049],[-75.2222080649999,10.79660434300007],[-75.23036362999994,10.783157284000083],[-75.21988959399994,10.777202575000047],[-75.24952656099993,10.722965119000037],[-75.2445907309999,10.71686743400005],[-75.24928584499992,10.703965381000046],[-75.24196644599994,10.688994897000043],[-75.24195902399993,10.65444182400006],[-75.22862109599993,10.64437504500006],[-75.22362393199995,10.630810392000058],[-75.22945952999993,10.618901790000052],[-75.2268782729999,10.587639465000052],[-75.23704498399991,10.56971930900005],[-75.22296410399991,10.55283782400005],[-75.24121944199993,10.519547727000088],[-75.2362044329999,10.512457425000036],[-75.24214358499995,10.501142346000051],[-75.2337457029999,10.47951375200006],[-75.19041313299994,10.467892926000047],[-75.16828335399993,10.45179199100005],[-75.13002892499992,10.397587516000044],[-75.08485682999992,10.411970451000059],[-75.07432476699995,10.409374175000039],[-75.04596171299994,10.376285259000042],[-75.02773029799994,10.364703217000056],[-75.00287987299993,10.359145743000056],[-74.96459544299995,10.325544361000084],[-74.91073013099992,10.254385033000062],[-74.92885104899995,10.213568729000087],[-74.93161017599994,10.180423827000084],[-74.9460291449999,10.144888503000061],[-74.94366739799995,10.124427455000045],[-74.92669299499994,10.108120634000045],[-74.89259370199994,10.106242355000063],[-74.84847632099991,10.08502928300004],[-74.78829696899993,10.011257990000047],[-74.82039499199993,9.967333129000053],[-74.85293278899991,9.954389227000092],[-74.87262537399994,9.93674917900006],[-74.87172380299995,9.901938853000047],[-74.88236986399994,9.872851249000064],[-74.87329063599992,9.848504209000055],[-74.8643028379999,9.845298909000064],[-74.85044212799994,9.820909648000054],[-74.81559729899993,9.789894282000091],[-74.80523041799995,9.76181129400004],[-74.81528884799991,9.731168808000064],[-74.78764598399994,9.696864823000055],[-74.80575276699994,9.675530604000073],[-74.77697453899992,9.626194694000048],[-74.77358049399993,9.587267882000049],[-74.80705403699994,9.547422054000037],[-74.78803005599991,9.527016489000061],[-74.7757590249999,9.500481671000045],[-74.80677058299995,9.465303787000039],[-74.80569882899994,9.447455072000082],[-74.8007865429999,9.442087111000092],[-74.77874407399992,9.461771940000062],[-74.76333732099994,9.463752473000056],[-74.74275015699993,9.447165623000046],[-74.7388978159999,9.425273728000093],[-74.7320748759999,9.418828272000042],[-74.69889072199993,9.426862110000059],[-74.67240618699992,9.413078677000044],[-74.66018043999992,9.385967377000043],[-74.61844712099992,9.371501503000047],[-74.61528059499994,9.34099533400007],[-74.59275798899995,9.32381547600005],[-74.56568066099993,9.31436319100004],[-74.56081415499995,9.292947545000061],[-74.53372486799992,9.26098619000004],[-74.53056061799992,9.241968042000053],[-74.51677890099995,9.234521722000068],[-74.50303068199992,9.238480498000058],[-74.4638331509999,9.271320159000084],[-74.44792464999995,9.268960135000043],[-74.43557477899992,9.27429169900006],[-74.42478201499995,9.245018081000069],[-74.40303060799994,9.213748527000064],[-74.34889916999992,9.233281269000088],[-74.29645385099991,9.202676297000039],[-74.29111073599995,9.191616689000057],[-74.29824690899994,9.15983490900004],[-74.28388639699995,9.157466212000088],[-74.26645994799992,9.169582155000057],[-74.24827782499995,9.164652782000076],[-74.2200753329999,9.136127052000063],[-74.22843910899991,9.124046039000064],[-74.21370555899995,9.120175428000039],[-74.20079766399994,9.100530473000049],[-74.1765868949999,9.089289781000048],[-74.17738888199995,9.077109893000056],[-74.15755762999993,9.070863399000075],[-74.15729310899991,9.057377078000059],[-74.1346607239999,9.064402751000046],[-74.1310763159999,9.055461623000042],[-74.11793922699991,9.04888141400005],[-74.12010149299994,9.043230022000046],[-74.14069453499991,9.04079977400005],[-74.13746760099991,9.028731710000045],[-74.12660361199994,9.028558407000048],[-74.1132809419999,9.040996688000064],[-74.09799583499995,9.015818201000059],[-74.07750791699993,9.026282564000041],[-74.05709585099993,9.018505769000058],[-74.04728926199994,9.02335673500005],[-74.04315492299992,9.04061137900004],[-74.0355938269999,9.04439184100005],[-74.02696927399995,9.026165735000063],[-74.00320120499993,9.029646766000042],[-73.98473839899992,9.009678256000086],[-74.00168484199992,9.010144374000049],[-74.00386089199992,8.99882116300006],[-73.98975748899994,8.99569716800005],[-73.97766558699993,8.983928363000075],[-73.95913625899993,8.99592450700004],[-73.92097333599992,8.978352648000055],[-73.89395999299995,8.977930377000064],[-73.86632792599994,8.952659440000048],[-73.87336489799992,8.911815277000073],[-73.8665567459999,8.887049172000047],[-73.79527715599994,8.816771947000063],[-73.78927067699993,8.749205325000048],[-73.81025580599993,8.733171104000064],[-73.81571689499992,8.721492234000038],[-73.80888368399991,8.696108988000049],[-73.81981501199994,8.653017692000049],[-73.81450673299992,8.625722462000056],[-73.79836483499992,8.608617888000083],[-73.7900480159999,8.580794357000059],[-73.7749044329999,8.560550085000045],[-73.78020328899993,8.514579921000063],[-73.77430153299991,8.49705466100005],[-73.7460043129999,8.462057962000074],[-73.74847419899993,8.36268399700009],[-73.75763235799991,8.334247863000087],[-73.74674994299994,8.316851220000046],[-73.76032724099991,8.299872527000048],[-73.75026665099995,8.271879640000066],[-73.76218931299991,8.260323424000092],[-73.77955551699995,8.20812871600009],[-73.77140722399992,8.166661194000085],[-73.77370566099995,8.147235046000048],[-73.7839763689999,8.135255788000052],[-73.8067711839999,8.130394322000086],[-73.82357340499993,8.10563303400005],[-73.86147219199995,8.078501265000057],[-73.8716801839999,8.018769998000039],[-73.86565016799995,7.976920539000048],[-73.83158918999993,7.935872870000082],[-73.8353667749999,7.896226662000061],[-73.82121154399994,7.864886883000054],[-73.82162745699992,7.823028139000087],[-73.79813688399992,7.774987192000083],[-73.83185068099993,7.729819638000038],[-73.81094390399994,7.706175997000059],[-73.81566609599992,7.688156861000039],[-73.79775938499995,7.650859331000049],[-73.81842576999992,7.642814403000045],[-73.81031148299991,7.616571712000052],[-73.8287118099999,7.602441178000049],[-73.83053748099991,7.575701859000048],[-73.84070375999994,7.566162772000041],[-73.84923438499993,7.534666160000086],[-73.86657741899995,7.533136508000041],[-73.8815415599999,7.506280774000061],[-73.91308097699994,7.49359664900004],[-73.91735069299995,7.472630129000038],[-73.8953573039999,7.431371640000066],[-73.89938003499992,7.39121530500006],[-73.90751962599995,7.381439248000049],[-73.90395856799995,7.359144535000041],[-73.9158523349999,7.29558379000008],[-74.24729312999995,7.001971003000051],[-74.27720960099992,7.012199929000076],[-74.28674807599992,7.001674359000049],[-74.29288885799991,7.005757822000078],[-74.30581463099992,6.999159857000052],[-74.32215888299993,7.018860239000048],[-74.32948418099994,7.010714087000053],[-74.35569575499994,7.009898843000087],[-74.35144496599992,7.081589766000093],[-74.35480653899992,7.089164848000053],[-74.36263086999992,7.084996164000074],[-74.37201027299994,7.09807935300006],[-74.37001640299991,7.125205813000093],[-74.39190346999993,7.172850182000047],[-74.39664670799993,7.171782201000042],[-74.39955469099993,7.188891287000047],[-74.40909940499995,7.194124392000049],[-74.40376331899995,7.209964372000059],[-74.40864624199992,7.219196254000053],[-74.40328298299994,7.221970387000056],[-74.4055507999999,7.229404773000056],[-74.39911820799995,7.235105891000046],[-74.38700357599993,7.278867956000056],[-74.38630271999995,7.299260641000046],[-74.40337534499992,7.319493868000052],[-74.39772751999993,7.347909258000072],[-74.38694202199991,7.361193985000057],[-74.37384168499995,7.36422516600004],[-74.36124681099994,7.394137768000064],[-74.34801459099992,7.402209025000047],[-74.31938876699991,7.439867494000055],[-74.32291059599993,7.446816857000044],[-74.33501305099992,7.459305912000048],[-74.3529653089999,7.462179280000043],[-74.36048396799993,7.476531303000058],[-74.37009436799991,7.47996093200004],[-74.37981496599991,7.465964049000092],[-74.4124487169999,7.460350820000087],[-74.42229996499992,7.442204516000061],[-74.41187665299992,7.439584231000083],[-74.41309879499994,7.401733124000089],[-74.41940567099994,7.388585669000065],[-74.42837703299995,7.380257239000059],[-74.44811952799995,7.377715654000042],[-74.45226892699992,7.366186821000042],[-74.46789617299993,7.360732925000093],[-74.46988595699992,7.347617743000058],[-74.4909693539999,7.343460021000055],[-74.51811378699995,7.384882270000048],[-74.54811634899994,7.41155294400005],[-74.55901989499995,7.41447626300004],[-74.56323850299992,7.432857084000091],[-74.57913820699991,7.433598],[-74.5831839029999,7.44864780100005],[-74.58870609699994,7.445478095000055],[-74.5984215869999,7.461902739000038],[-74.58791288599991,7.482272249000061],[-74.5928031389999,7.490587548000065],[-74.59022970099994,7.511040885000057],[-74.56838353699993,7.518105558000059],[-74.57052870899992,7.577677269000048],[-74.56108381899992,7.646454135000056],[-74.53060667099993,7.671204668000087],[-74.50802527099995,7.678408699000045],[-74.48944495199993,7.675324799000066],[-74.47646716299994,7.682159138000088],[-74.4753215309999,7.705552264000062],[-74.48741942899994,7.713620558000059],[-74.4979002039999,7.711531945000047],[-74.5070384089999,7.722627096000053],[-74.51358117199993,7.78102540000009],[-74.52529909399993,7.782569429000091],[-74.51722382199995,7.801741591000052],[-74.5275452059999,7.851831361000052],[-74.51979795699992,7.900795848000087],[-74.53661508899995,7.916082728000049],[-74.53891569899992,7.946922180000058],[-74.5485758879999,7.95009092500004],[-74.57410597299992,7.979395867000051],[-74.5791635729999,7.99512665900005],[-74.59117025199993,8.00432761400009],[-74.60313637899992,8.037841376000074],[-74.61463070499991,8.031822738000074],[-74.62568016099993,8.035816280000063],[-74.63091895399992,8.05464581700005],[-74.64289593199993,8.057257269000047],[-74.6502586009999,8.051513441000054],[-74.66768108899993,8.060034020000046],[-74.67394269099992,8.077895072000047],[-74.69112210399993,8.090251551000051],[-74.70359301299993,8.08861547400005],[-74.7111987319999,8.099368427000059],[-74.71808106599991,8.09813256800004],[-74.7285859879999,8.118374936000066],[-74.73825826099994,8.11652169100006],[-74.76069820399994,8.130456262000052],[-74.7735610009999,8.121778834000054],[-74.78481051199992,8.131495470000061],[-74.79863011399993,8.159513523000044],[-74.8123659549999,8.167525410000053],[-74.81129528899993,8.182537160000038],[-74.83064992699991,8.200011883000059],[-74.8332304939999,8.212309711000046],[-74.82583417899991,8.23004417900006],[-74.8170719819999,8.224695785000051],[-74.7949197129999,8.246557221000046],[-74.80727058399992,8.25894044100005],[-74.80877299799994,8.274282127000049],[-74.79513135099995,8.268924325000057],[-74.77088239299991,8.279409694000037],[-74.76435049499992,8.294539113000042],[-74.73475429699994,8.298181817000057],[-74.72747280599992,8.281022454000038],[-74.72489560499992,8.298691616000042],[-74.7127233999999,8.30405677500005],[-74.68404713799993,8.29200505600005],[-74.6680385009999,8.29532787100004],[-74.6602716889999,8.280249820000051],[-74.65348785099991,8.27899564200004],[-74.64925109799992,8.313462780000066],[-74.6140139609999,8.347002820000057],[-74.61896965999995,8.357389991000048],[-74.61090001999992,8.375675570000055],[-74.61453594699992,8.406543811000063],[-74.59677565399994,8.403251711000053],[-74.58691205799994,8.384121140000047],[-74.57742071099995,8.385612457000093],[-74.56106404499991,8.39007293900005],[-74.5556421199999,8.411607489000062],[-74.53973208399992,8.426392520000093],[-74.53285323599994,8.454768655000066],[-74.5354063019999,8.480637179000041],[-74.5563338579999,8.508562217000076],[-74.56868786699994,8.50755453000005],[-74.57654893999995,8.544230560000074],[-74.56394426399993,8.549162072000058],[-74.56258199899992,8.569054796000046],[-74.5947109569999,8.59229599300005],[-74.5867079269999,8.63078051900004],[-74.59913511099995,8.655309481000074],[-74.59066737599994,8.668774331000066],[-74.59712327199992,8.677937489000044],[-74.59481106299995,8.694639479000045],[-74.60913029099993,8.725738044000082],[-74.59992576499991,8.744225690000064],[-74.61073381799991,8.755937904000064],[-74.60660291199991,8.76288214400006],[-74.58934908099991,8.761143781000044],[-74.58565115899995,8.771027759000049],[-74.57147383799992,8.773037246000058],[-74.57517590899994,8.785549393000053],[-74.55565115599995,8.799448450000057],[-74.5402971229999,8.799894671000061],[-74.53965931599993,8.805290830000047],[-74.56465404699992,8.83695639800004],[-74.58601096299992,8.841172967000091],[-74.57944395999994,8.872765657000059],[-74.58953663099993,8.871822910000049],[-74.59471395299994,8.900991178000083],[-74.6085698409999,8.919465888000047],[-74.60602686099992,8.931011217000048],[-74.62335944099993,8.930498908000061],[-74.63936084799991,8.977455864000092],[-74.68382741099992,9.01150688100006],[-74.70494316399993,9.00784761600005],[-74.73685757599992,9.015829404000044],[-74.74812628399991,9.028286104000074],[-74.74554165599994,9.037660755000047],[-74.75049141399995,9.042356200000086],[-74.78185125499994,9.037660868000046],[-74.78563934399995,9.046815547000051],[-74.81169754799993,9.04970763700004],[-74.82376495299991,9.057419909000089],[-74.83195478699992,9.07920667400009],[-74.82909840199994,9.086473942000055],[-74.83850105399995,9.094326954000053],[-74.84652454099995,9.12178687100004],[-74.86325603699993,9.148477619000062],[-74.88059706099995,9.16027030400005],[-74.90302754999993,9.16348223500006],[-74.90222439699994,9.193227704000037],[-74.9098917099999,9.209748583000078],[-74.9046692899999,9.229612943000063],[-74.9104476949999,9.244934817000058],[-74.93099873999995,9.254840199000057],[-74.92572110999993,9.278960977000054],[-74.93123937799993,9.291674759000045],[-74.94451122599992,9.295801295000047],[-74.9328712109999,9.328404490000082],[-74.95051410499991,9.347947444000056],[-74.93234705499992,9.36696836200008],[-74.91510808599992,9.413943385000039],[-74.88842472499994,9.422958446000052],[-74.89077832899994,9.43096406300009],[-74.90878386399993,9.43268792400005],[-74.9138976779999,9.440419846000054],[-74.93566478799994,9.448152193000055],[-74.94576416599995,9.437065448000055],[-74.96687882799995,9.434422381000047],[-75.03222927099995,9.466568755000083],[-75.03646948399995,9.476790613000048],[-75.02585421999993,9.495504419000042],[-75.02894884499995,9.50983670100004],[-75.01239443199995,9.528293675000043],[-75.02700665099991,9.528991026000085],[-75.03988565999992,9.540426697000044],[-75.0563866679999,9.53253273900009],[-75.07785267799994,9.532755738000048],[-75.10347514799992,9.565844138000045],[-75.13197124699991,9.57999174400004],[-75.13338701299995,9.596426073000089],[-75.15418543499993,9.600444934000052],[-75.16721738699994,9.613418445000093],[-75.18105950699993,9.601913084000046],[-75.18933258699991,9.629266063000046],[-75.18132227299992,9.627704768000058],[-75.16450565799994,9.646466148000059],[-75.18017322599991,9.63895665800004],[-75.19764020499991,9.645364384000061],[-75.20021172399993,9.652028310000048],[-75.2326762269999,9.646671535000053],[-75.24385201699994,9.65871254600006],[-75.2705594919999,9.670003011000063],[-75.26723263999992,9.683549870000093],[-75.27645712499992,9.686258790000068],[-75.29978816599993,9.669953405000058],[-75.30072494899991,9.657171567000091],[-75.31472835099993,9.652764226000045],[-75.32708239199991,9.616707620000057],[-75.33432901999993,9.61993588200005],[-75.3309711519999,9.63186352200006],[-75.35624583299995,9.647309143000086],[-75.36289915499992,9.647007471000052],[-75.36254651199994,9.63068916900005],[-75.3743777709999,9.630769876000045],[-75.37443276099992,9.645167684000057],[-75.38350708799993,9.650607014000059],[-75.37490162499995,9.658017031000043],[-75.37142756499992,9.674629473000039],[-75.38075080199991,9.682209672000056],[-75.37011651299991,9.692423675000043],[-75.3769956889999,9.70364236200004],[-75.37158198499992,9.714907556000071],[-75.37795970799993,9.720356971000058],[-75.3599741889999,9.73750023000008],[-75.3356048089999,9.811901828000089],[-75.33826145299992,9.828226993000044],[-75.36187411399993,9.84610523300006],[-75.37676829499992,9.849402361000045],[-75.39358453799991,9.880814635000092],[-75.42178151399992,9.884455493000075],[-75.41870274799993,9.890472540000076],[-75.39669634599994,9.893831779000038],[-75.42759242999995,9.892876221000051],[-75.43306984999992,9.897137738000083],[-75.43085376599993,9.912734034000039],[-75.4460964399999,9.913207663000037],[-75.4537793579999,9.899433309000074],[-75.44973990199992,9.894749854000054],[-75.46550715099994,9.891769970000041],[-75.46889278999993,9.897883751000052],[-75.46382638499995,9.905876746000047],[-75.4820489029999,9.929895499000054],[-75.46918593499993,9.92471381100006],[-75.47775063599994,9.935089344000062],[-75.46418014699992,9.961382158000049],[-75.480096,9.978449512000054],[-75.47018244799995,10.004013367000084],[-75.48441913699992,10.00686858000006],[-75.47610976199991,10.018560557000058],[-75.49082343899994,10.03825377000004],[-75.51554564799994,10.025131779000048],[-75.54332273699993,10.040149366000037],[-75.49747758799992,10.145482637000043],[-75.57362449399994,10.08642806000006],[-75.58074340999991,10.125492895000093],[-75.56412369799995,10.123587264000037],[-75.55580361999995,10.140969977000054],[-75.54695607699995,10.14601588100004],[-75.52948689899995,10.166443551000043],[-75.53906677299994,10.166936637000049],[-75.54463154799993,10.159681289000048],[-75.5430114269999,10.173558018000051],[-75.5530139409999,10.172360535000053],[-75.55449318299992,10.178277515000048],[-75.54216614299992,10.179122796000058],[-75.53815105099994,10.187716508000051],[-75.53613916199993,10.172825026000055],[-75.52085011699995,10.173352249000061],[-75.5246438019999,10.221121262000054],[-75.53733602699992,10.227214399000047],[-75.54622595299992,10.216778632000057],[-75.54684741599993,10.228788991000044],[-75.52657905899991,10.234021670000061],[-75.52319464899995,10.236981609000054],[-75.54325251099993,10.244287364000058],[-75.55634276199993,10.229331844000058],[-75.57708061199992,10.223527757000056],[-75.60260986399993,10.200181693000047],[-75.62004165399992,10.19677583400005],[-75.6375908839999,10.177004726000064],[-75.63721452499993,10.187980751000055],[-75.63866140999994,10.175348602000042],[-75.66904340899993,10.137605190000045],[-75.68110301099995,10.13789973300004],[-75.67749434099994,10.140395916000045],[-75.67948799299995,10.142632397000057],[-75.68564339599993,10.139279295000051],[-75.68419079599994,10.130998353000052],[-75.69040812499992,10.130284518000053],[-75.70439520199994,10.141617377000046],[-75.6939521569999,10.149895652000055],[-75.69732784399991,10.143940899000086],[-75.69119312299995,10.142652385000076],[-75.68146136399992,10.160489247000044],[-75.67923509199994,10.157342246000042],[-75.65412233299992,10.163818424000056],[-75.64902144799993,10.17103147000006],[-75.65402206099992,10.177494078000052],[-75.64776670399993,10.177345280000054],[-75.63864220099993,10.188724764000085],[-75.63024083699992,10.190077600000052],[-75.60494056199991,10.23655960900004],[-75.5861858209999,10.22618082200006],[-75.5882528059999,10.235730358000069],[-75.62221762799993,10.251406880000047],[-75.61284020199992,10.260186390000058],[-75.58393502099995,10.261569932000043],[-75.59460421499995,10.267656934000058],[-75.58848948199994,10.296087626000087],[-75.57862387699993,10.299947513000063],[-75.58095947699991,10.279088088000037],[-75.57239389199992,10.269863613000041],[-75.56436740099991,10.271061599000063],[-75.56634228299993,10.269603030000042],[-75.5614943839999,10.263300761000039],[-75.55643276399991,10.274889212000062],[-75.53189071799994,10.279576749000057],[-75.53503050899991,10.285546511000064],[-75.54446118499993,10.281419094000057],[-75.52821553099994,10.291282083000056],[-75.53047570399991,10.304184809000049],[-75.5260288469999,10.29411398800005],[-75.5171757729999,10.30130428700005],[-75.5125001319999,10.302398839000091],[-75.51050138499994,10.301806948000092],[-75.51569455799995,10.300346554000043],[-75.51497179699993,10.296152754000047],[-75.50312615999991,10.301087944000074],[-75.51138485999991,10.337314019000075],[-75.5040179319999,10.342695871000046],[-75.51180414899994,10.35513265500009],[-75.50898115599995,10.37417787700008],[-75.51670332799995,10.386339244000055],[-75.52631443799993,10.385903315000064],[-75.52452989699992,10.39208251000008],[-75.52743913599994,10.385487689000058],[-75.5242392369999,10.381170871000052],[-75.53744583999992,10.393854469000075],[-75.5246714239999,10.392169668000065],[-75.53031903399994,10.397766507000085],[-75.52408087899994,10.396557071000075],[-75.52402330299992,10.404870279000079],[-75.53966831399993,10.40585623600009],[-75.54909581099992,10.42225009200007],[-75.54596796399994,10.411899617000074],[-75.55456632999994,10.397918003000086],[-75.54484052299995,10.390337210000041],[-75.56642402499995,10.396584405000056],[-75.5521173429999,10.409033462000082],[-75.55404100599992,10.425464315000056],[-75.51056539699994,10.456364891000078],[-75.49222112599995,10.486403879000079],[-75.50243032199995,10.501484529000038],[-75.49451876899991,10.534989764000045],[-75.5153243819999,10.560499405000087],[-75.51267068999994,10.57108151600005],[-75.4614594169999,10.589702946000045],[-75.45153512899992,10.627606893000063],[-75.39864376499992,10.662792520000039],[-75.39424458899992,10.682668890000059],[-75.31585252999992,10.694706151000048],[-75.27771657999995,10.712877520000063],[-75.26516587399993,10.739787998000054],[-75.27012628099993,10.757141752000052],[-75.27038785699995,10.742362491000051],[-75.27228431099991,10.746090004000052],[-75.27122837799993,10.77931286200004],[-75.26176003599994,10.800689219000049]]]]}},{"type":"Feature","properties":{"dpto":15,"dpto_nombre":"Boyacá"},"geometry":{"type":"Polygon","coordinates":[[[-72.18569570299991,7.05392736500005],[-72.15958457599993,7.047115458000064],[-72.15306271399993,7.035047797000061],[-72.1221291249999,7.02767609600005],[-72.07569392399995,7.045367527000053],[-72.05580611499994,7.036925376000056],[-72.00958483599993,7.03338092000007],[-71.9488539159999,7.011323104000041],[-71.9601540999999,7.001604440000051],[-71.9929365349999,6.929419844000051],[-71.99657381799994,6.90893748700006],[-72.03454534499991,6.829704956000057],[-72.03773849999993,6.795887099000083],[-72.0506035649999,6.768895849000046],[-72.05990164099995,6.767522822000046],[-72.07692868799995,6.750900785000056],[-72.09234833599993,6.753877407000061],[-72.10012238899992,6.747193737000089],[-72.0949562099999,6.729647807000049],[-72.10073049099992,6.719283438000048],[-72.09801509099992,6.673396335000064],[-72.09142714899991,6.645960286000047],[-72.11281631299994,6.612115459000051],[-72.11199157099992,6.591630508000037],[-72.13089513699992,6.520588906000057],[-72.13864632199994,6.514223615000049],[-72.15121351899995,6.515573501000063],[-72.1778840099999,6.496758421000038],[-72.1747464419999,6.463005668000051],[-72.18164418099991,6.459420847000047],[-72.20209626499991,6.468967981000048],[-72.21375443799991,6.465485815000079],[-72.21889720599995,6.438634944000057],[-72.23508261399991,6.421961237000062],[-72.24597092599993,6.420487607000041],[-72.25996922199994,6.441830315000061],[-72.26787216699995,6.441579420000039],[-72.26881321399992,6.419170180000037],[-72.27950759999993,6.42103886700005],[-72.28666130599993,6.403408289000083],[-72.28003114899991,6.388547523000057],[-72.2827160299999,6.379385894000052],[-72.29513160199991,6.374590624000064],[-72.30210824099993,6.359269951000044],[-72.31549284899995,6.35771313500004],[-72.32164917799992,6.331840172000057],[-72.3396156259999,6.34611086700005],[-72.3540200679999,6.343542414000069],[-72.37135203899993,6.319150981000064],[-72.37891630099995,6.29311922100004],[-72.39614714099991,6.274157048000063],[-72.38724316699995,6.261007194000058],[-72.4025365679999,6.207603953000046],[-72.41855331999994,6.185394031000044],[-72.39252884099994,6.188325491000057],[-72.39310468399992,6.161569469000085],[-72.37391213099994,6.147698650000052],[-72.37685768499995,6.134217161000038],[-72.38917830699995,6.123736823000058],[-72.36408147999992,6.099325888000067],[-72.37537915699994,6.092501594000055],[-72.36663860699991,6.076834829000063],[-72.32120409299995,6.088204322000081],[-72.31802723599992,6.077561161000062],[-72.32532266299995,6.06392684900004],[-72.3655056799999,6.036703419000048],[-72.33978251899993,5.998492618000057],[-72.34266523899993,5.965965385000061],[-72.33867071899994,5.948672654000063],[-72.32506198599992,5.935037153000053],[-72.32670619399994,5.906575944000053],[-72.33568511499993,5.889566468000055],[-72.41554955799995,5.904011359000037],[-72.45089407199993,5.878371556000047],[-72.46306759999993,5.849102679000055],[-72.43493760299992,5.848561749000055],[-72.40140018099993,5.836672448000058],[-72.3919279719999,5.81894880100009],[-72.3511676039999,5.811435040000049],[-72.3480515039999,5.805377864000093],[-72.33156183799991,5.802903227000058],[-72.3250659119999,5.793337792000045],[-72.3075957449999,5.792798589000085],[-72.30335800699993,5.789241049000054],[-72.30719369799994,5.779523331000064],[-72.29627204099995,5.76757357300005],[-72.30046747199992,5.758265914000049],[-72.28038479999992,5.749550322000061],[-72.27694184399991,5.730841248000047],[-72.26920982299993,5.728626168000062],[-72.24787782199991,5.695355515000074],[-72.24966973599993,5.685253602000046],[-72.23570723899991,5.687400174000061],[-72.22190447499992,5.672581455000056],[-72.22840355999995,5.666827792000049],[-72.27213809299991,5.662216045000093],[-72.26268896899995,5.633537193000052],[-72.28747128299995,5.605640445000063],[-72.2851698149999,5.574627369000041],[-72.2957857749999,5.553339531000063],[-72.29465799099995,5.518237199000055],[-72.30089610699991,5.505972369000062],[-72.31759228399994,5.49802734900004],[-72.33809956499994,5.500800713000046],[-72.3755387249999,5.537956750000092],[-72.38742984899994,5.563445179000041],[-72.3968298449999,5.570328681000092],[-72.42090449599993,5.563237950000087],[-72.44239468099994,5.519263598000066],[-72.48985701599992,5.48183143600005],[-72.5034339149999,5.443027439000048],[-72.58397811999993,5.381988634000038],[-72.56723763499991,5.373372619000065],[-72.57975046099995,5.350334191000059],[-72.59127180399992,5.35802804900004],[-72.6093752349999,5.348401362000061],[-72.62031404099992,5.351217524000049],[-72.63740067099991,5.33703659300005],[-72.63695523299992,5.328403911000066],[-72.64859759699993,5.321757796000043],[-72.65478157699994,5.304399832000058],[-72.7007768169999,5.279268666000064],[-72.7005666519999,5.273278447000052],[-72.72025823799993,5.288556390000053],[-72.71815931399993,5.301322761000051],[-72.72558184499991,5.318019247000052],[-72.75688995099995,5.331374543000038],[-72.77828323999995,5.365878341000041],[-72.79832219399992,5.38014286300006],[-72.8095660489999,5.383579705000045],[-72.82070650199995,5.370132955000088],[-72.84176427599994,5.363594532000093],[-72.8595450219999,5.340390429000081],[-72.86686966799994,5.340647107000052],[-72.86643452899995,5.352581064000049],[-72.88271031499994,5.363227945000062],[-72.88574530799991,5.35164566900005],[-72.87840544499994,5.349918037000066],[-72.88952949899993,5.331541721000065],[-72.88777820599995,5.316127452000046],[-72.9006781889999,5.295342090000076],[-72.8916882819999,5.285532391000061],[-72.89620702199994,5.262083711000059],[-72.91127246499991,5.244135186000051],[-72.92622493599993,5.210413586000072],[-72.94606788899995,5.19538069400005],[-72.96295843199994,5.15650867700009],[-72.9738906689999,5.150364405000062],[-72.9650083869999,5.132899619000057],[-72.94264416499993,5.12024847400005],[-72.92859167199992,5.099673012000039],[-72.90844017799992,5.102479663000054],[-72.9038212339999,5.067931975000079],[-72.92847102999991,5.047235817000058],[-72.92606835599992,5.029628378000041],[-72.95283314199992,5.009647944000051],[-72.97528364399994,4.974758155000075],[-73.0165403659999,5.002663961000053],[-73.03051301799991,4.982305618000055],[-73.02937039299991,4.969888862000062],[-73.04912913599992,4.922256657000048],[-73.0414836519999,4.878326794000088],[-73.06155858999995,4.855116947000056],[-73.07771915299992,4.810741989000064],[-73.04498984299994,4.75048313700006],[-73.05255695499994,4.736324805000038],[-73.0621091939999,4.731848809000041],[-73.07184782199994,4.739188135000063],[-73.07874264399993,4.725807890000056],[-73.07209028699992,4.718665360000045],[-73.10420664499992,4.660494027000084],[-73.1216876659999,4.671559260000038],[-73.14902588699994,4.655244906000064],[-73.20754952099992,4.680499457000053],[-73.2224336299999,4.677377773000046],[-73.23465594699991,4.69515302700006],[-73.21972608699991,4.724911679000058],[-73.2230368299999,4.733288926000057],[-73.2547162329999,4.733848831000046],[-73.25533107399991,4.738977800000043],[-73.2685123949999,4.740731744000072],[-73.28320416499992,4.722278313000061],[-73.3040176419999,4.729588655000043],[-73.30981487199995,4.736374899000054],[-73.30571711599993,4.746568991000061],[-73.3129838289999,4.769639966000057],[-73.32085050799992,4.779294446000051],[-73.37183636399993,4.800823026000046],[-73.36516400399995,4.824769351000043],[-73.3756174209999,4.832082823000064],[-73.38063964499992,4.846345446000043],[-73.39449949899995,4.853294003000087],[-73.39320248799993,4.865463703000046],[-73.40200348999991,4.87993349900006],[-73.42485537999994,4.879154204000088],[-73.44588773799995,4.889813403000062],[-73.45260850199992,4.883144722000054],[-73.46961638399995,4.892720184000041],[-73.52087070199991,4.878956319000054],[-73.52495512199994,4.892657220000046],[-73.53867728799992,4.896568797000043],[-73.5487906379999,4.925149051000062],[-73.5446795119999,4.944186179000042],[-73.53275082099992,4.954862161000051],[-73.51725690299992,4.990321871000049],[-73.50699497499994,4.99635771800007],[-73.5184243519999,5.004572155000062],[-73.52240361199995,5.029223525000077],[-73.49624828299994,5.03930801100006],[-73.47985807399994,5.063143965000052],[-73.48179429599992,5.084592307000094],[-73.49453516599993,5.106353611000088],[-73.48845778599991,5.13751067000004],[-73.4772036249999,5.148094483000079],[-73.48241821599993,5.154271854000058],[-73.5050237669999,5.151920936000067],[-73.51194093999993,5.162297359000092],[-73.50831809099992,5.185204730000066],[-73.52236575699993,5.192967776000046],[-73.52454293099993,5.21402020000005],[-73.51479130299992,5.232694449000064],[-73.52779878799993,5.24451081300009],[-73.53418075399992,5.282298949000051],[-73.5480343449999,5.299638271000049],[-73.5776142279999,5.301616869000043],[-73.5993660769999,5.318812745000059],[-73.59068494799993,5.343995598000049],[-73.59945618199993,5.370300994000047],[-73.58988450999993,5.390485348000084],[-73.59272405199994,5.39884853600006],[-73.61820831999995,5.40451379700005],[-73.6381098629999,5.41747437500004],[-73.65054412899991,5.415121962000057],[-73.65533691299993,5.426222877000043],[-73.6784296209999,5.434323505000066],[-73.67671817099995,5.459455870000056],[-73.69627673899993,5.446636039000055],[-73.71953141799992,5.458814276000055],[-73.7202456199999,5.478070575000061],[-73.72836309899992,5.479160187000048],[-73.74316181099994,5.468552081000041],[-73.74707680599994,5.489626504000057],[-73.76883104299992,5.48659628300004],[-73.78541768499991,5.505566543000043],[-73.78946523399992,5.552991042000087],[-73.80467054499991,5.571397784000055],[-73.81979288399992,5.552883958000052],[-73.84786398099993,5.545654469000056],[-73.85727130499993,5.530924041000048],[-73.87046525499994,5.532867485000054],[-73.88987068199992,5.512416279000092],[-73.89770046299992,5.528363482000088],[-73.90679869399992,5.528175821000048],[-73.91168863299993,5.521434545000091],[-73.9061408959999,5.506464892000054],[-73.90911918199993,5.494688607000057],[-73.90294043199992,5.48941755900006],[-73.90120068999994,5.447743072000037],[-73.91251709799991,5.432232339000052],[-73.92544527699994,5.439997959000038],[-73.9421790099999,5.434081865000053],[-73.94797327899994,5.417556348000062],[-73.9726851449999,5.419559904000039],[-73.99138839299991,5.374647048000043],[-73.99909870999994,5.367490144000044],[-74.0209686789999,5.366294197000059],[-74.02227788199991,5.386888338000063],[-74.03979293499992,5.392009267000049],[-74.04518428199992,5.40453549700004],[-74.05447020699995,5.401213881000047],[-74.07357519599992,5.408165565000047],[-74.09275324899994,5.42894590800006],[-74.0969318089999,5.470635295000079],[-74.11729757899991,5.472976496000058],[-74.11311864699991,5.466521626000088],[-74.1254732829999,5.428969889000086],[-74.13868619899995,5.446336718000055],[-74.16062983099994,5.447757509000041],[-74.18238713099993,5.463738198000044],[-74.20192375099992,5.497010591000048],[-74.21907703499994,5.496147570000062],[-74.23250799599992,5.480219986000066],[-74.24395946699991,5.476346198000044],[-74.2538735569999,5.48761595700006],[-74.2564184769999,5.499838486000044],[-74.25099765199991,5.502148933000058],[-74.24029167899994,5.539196023000045],[-74.25962585999991,5.559761791000085],[-74.27253852599995,5.56052909400006],[-74.29777524399992,5.57496836200005],[-74.31495709599994,5.620507805000045],[-74.30569425099992,5.637640842000053],[-74.30845677699995,5.64766843600006],[-74.29251109499995,5.663720497000043],[-74.28515264499993,5.663710018000074],[-74.27597746499993,5.692185246000065],[-74.27897595099995,5.699068559000068],[-74.30398703399993,5.709234397000046],[-74.30219272499994,5.724675496000089],[-74.28716685599994,5.746492562000071],[-74.31298310099993,5.782246934000057],[-74.30102451199991,5.797659872000054],[-74.31684595399992,5.797007957000062],[-74.3152343399999,5.815169962000084],[-74.3338009069999,5.82688747800006],[-74.33309655499994,5.837042840000038],[-74.34594123499994,5.831572074000064],[-74.34610898199992,5.82290148900006],[-74.38469338199991,5.784391722000066],[-74.40443196299992,5.779066533000048],[-74.41185913299995,5.765270317000045],[-74.42405683699991,5.768457969000053],[-74.43091355299993,5.758013705000053],[-74.44132216699995,5.76002416700004],[-74.44222867799994,5.76680073600005],[-74.4526882209999,5.762001141000042],[-74.46123639599995,5.765816664000056],[-74.46645405299995,5.775924357000065],[-74.48598635699994,5.770862470000054],[-74.4935461419999,5.783972449000089],[-74.50088059099994,5.779146215000083],[-74.51639178999994,5.791422760000046],[-74.5385905249999,5.786088097000061],[-74.55400025599994,5.760553598000058],[-74.57775131299991,5.751553393000052],[-74.58744009799995,5.759036881000043],[-74.5973706069999,5.743395921000058],[-74.61228347499991,5.758322910000061],[-74.6187013519999,5.75255678700006],[-74.6270805609999,5.762456078000071],[-74.63844036099994,5.754915592000089],[-74.6429195689999,5.735407753000061],[-74.65201562099992,5.740502975000084],[-74.6540107109999,5.75373428000006],[-74.66102469999993,5.752378124000074],[-74.66496042599994,5.768536586000039],[-74.65045044699991,5.793015642000057],[-74.65177588699993,5.828224621000061],[-74.63804159099993,5.866365644000041],[-74.62407820999994,5.882350300000041],[-74.59037624599995,5.894692423000038],[-74.58538663699994,5.90306180400006],[-74.58570502299995,5.925019123000084],[-74.60660669499993,5.94247596200006],[-74.61237676099995,5.969879923000065],[-74.59411056499994,5.985965581000073],[-74.56897741499995,5.986948756000061],[-74.56272437299992,6.001891479000051],[-74.57163125799991,6.034521129000041],[-74.5617478449999,6.078295787000059],[-74.58451333199991,6.088208061000046],[-74.60931543099991,6.119701242000076],[-74.61069478999991,6.133197178000046],[-74.57492607699993,6.192109186000039],[-74.57341573299993,6.215661242000067],[-74.54575088199994,6.246434313000066],[-74.53949724299991,6.264252286000044],[-74.52657102199993,6.273641081000051],[-74.5288533179999,6.262847294000039],[-74.50841812199991,6.216470541000092],[-74.4828605909999,6.199806322000086],[-74.46962850699992,6.201394080000057],[-74.47947584699995,6.159641997000051],[-74.4526255429999,6.13567544600005],[-74.45676211699993,6.127649185000053],[-74.4516946469999,6.09928565000007],[-74.43017165799995,6.086694400000056],[-74.40798644599994,6.086456657000042],[-74.40085533699994,6.07912576700005],[-74.40193763299993,6.066317879000053],[-74.38083311499992,6.048117930000046],[-74.38305881199994,6.040277893000052],[-74.36696561399992,6.046866590000093],[-74.36275326899994,6.039852498000073],[-74.34755227499994,6.038518750000037],[-74.33732563099994,6.064977651000049],[-74.31534928799994,6.067740566000055],[-74.29807339299992,6.084108163000053],[-74.2755346969999,6.080424082000093],[-74.27763387899995,6.073664328000064],[-74.25871622999995,6.065524407000055],[-74.26557556099993,6.052518857000052],[-74.26063398499991,6.050640563000059],[-74.26008464999995,6.012481525000055],[-74.22222488999995,5.967910212000049],[-74.23889663299991,5.943694759000039],[-74.22449041499993,5.92323704100005],[-74.2311406899999,5.905005996000057],[-74.27498091799993,5.868483360000084],[-74.2660811419999,5.83459079000005],[-74.23182234299992,5.835812438000062],[-74.21474874699993,5.85383728000005],[-74.1973038559999,5.852941548000047],[-74.19420328099994,5.864857977000042],[-74.2000726519999,5.876657088000059],[-74.18963105299991,5.884212854000054],[-74.18666853299993,5.907260233000045],[-74.18041643899994,5.911088568000082],[-74.13333312399993,5.875921147000042],[-74.10307663499992,5.876997637000045],[-74.08903471699995,5.841516981000041],[-74.0842967989999,5.844046118000051],[-74.07962584099994,5.834489449000046],[-74.07925943899994,5.818500395000058],[-74.0652970729999,5.814862076000054],[-74.05581100199993,5.819686984000043],[-74.02603033399993,5.806822433000093],[-74.02506369199995,5.780755361000047],[-74.01103431799993,5.774725816000057],[-74.01406685299992,5.764311466000038],[-74.00175555399994,5.755156096000064],[-73.9826112209999,5.720910168000046],[-73.96243084799994,5.739438012000051],[-73.94386663499995,5.736090103000038],[-73.92451572199991,5.74302623300008],[-73.91879240999992,5.73696108200005],[-73.88623067599991,5.735796845000039],[-73.88414408699992,5.722771384000055],[-73.87454942399995,5.727865181000084],[-73.88314441799992,5.708311623000043],[-73.8743451499999,5.708007828000063],[-73.86114310399995,5.711508601000048],[-73.85645219899993,5.726246352000089],[-73.84290621199995,5.736574996000058],[-73.8244074559999,5.740557322000086],[-73.81881171599991,5.73637726600009],[-73.82016616999994,5.71605426900004],[-73.81253161699993,5.714967981000086],[-73.7943066979999,5.72942187600006],[-73.76360922499993,5.77291510200007],[-73.72672186299991,5.770441103000053],[-73.71438250099993,5.781700866000051],[-73.69336221599991,5.757226352000089],[-73.67232785999994,5.747687252000048],[-73.6517634089999,5.71239418600004],[-73.64400972399994,5.71520577800004],[-73.6296054419999,5.745854127000086],[-73.62432537799992,5.812293882000063],[-73.60017153299992,5.868990527000051],[-73.61126681999991,5.887144223000064],[-73.63150401199994,5.895242668000037],[-73.6359002829999,5.911162380000064],[-73.60299175099993,5.937693740000043],[-73.59086008899993,5.965417931000047],[-73.58479182899993,6.008185209000089],[-73.53964673699994,6.03742569700006],[-73.52436637099993,6.059400827000047],[-73.52664913099994,6.076869227000088],[-73.5138905629999,6.087263915000051],[-73.51520285999993,6.099078779000081],[-73.4974154169999,6.10803216100004],[-73.43807888899994,6.07137810200004],[-73.41483270499992,6.073094708000042],[-73.4190809349999,6.068374578000089],[-73.40376962099992,6.056034060000059],[-73.40635445399994,6.050509821000048],[-73.37070869799993,6.00523217500006],[-73.37387456999994,5.969414448000066],[-73.40740769399991,5.889543721000052],[-73.42050503799993,5.889364355000055],[-73.44448609699992,5.902000822000048],[-73.4569033269999,5.890356061000091],[-73.44887988799991,5.879766481000047],[-73.45108873499993,5.867043891000037],[-73.47347757999995,5.816830869000057],[-73.43589321499991,5.798198039000056],[-73.4271258839999,5.776365583000086],[-73.43080930899993,5.767068565000045],[-73.41712301099994,5.768642792000037],[-73.39048013799993,5.751068438000061],[-73.37903027399994,5.763402488000054],[-73.37232354199995,5.785213859000066],[-73.3593021399999,5.798337802000049],[-73.35343208299992,5.831388943000093],[-73.34574940199991,5.842248863000066],[-73.35147171299991,5.872571855000047],[-73.3292400439999,5.851541377000046],[-73.3126315419999,5.856184233000079],[-73.29006960499993,5.850360196000054],[-73.2834723549999,5.86022814100005],[-73.27048027899991,5.853546007000091],[-73.26393767299993,5.845267284000045],[-73.26527981699991,5.834937149000041],[-73.24689090499993,5.815959385000042],[-73.22895158599994,5.824935535000066],[-73.2049532719999,5.826582488000042],[-73.18398077899991,5.85044715500004],[-73.20725182699994,5.888838829000065],[-73.2209826159999,5.890703181000049],[-73.22175013899994,5.909542871000042],[-73.20830580099994,5.921504988000038],[-73.22473870099992,5.941139914000075],[-73.21630119499991,5.962283185000047],[-73.21875676799993,5.980575587000089],[-73.19931453999993,6.003134279000051],[-73.1755137099999,5.994537466000054],[-73.1426391039999,5.961076947000038],[-73.10077675499991,5.962260959000048],[-73.0869916549999,5.965593904000059],[-73.08218790699993,5.97718743900009],[-73.06781644999995,5.982041704000039],[-73.06219704699993,6.011052394000046],[-73.03200938499992,6.023000191000051],[-73.02811876599992,5.99664593500006],[-73.01124344699991,5.963105016000043],[-72.99024065499992,5.989351264000049],[-72.98297150499991,6.010017517000051],[-72.96265532699994,6.027425194000045],[-72.95273591499995,6.06744935100005],[-72.92277234999995,6.087929397000039],[-72.92337266699991,6.098348352000073],[-72.91597506999994,6.107376271000078],[-72.9009142999999,6.11178589900004],[-72.89500233599995,6.123868669000046],[-72.87251881299994,6.12512236300006],[-72.86843404799993,6.14452218100007],[-72.83127065499991,6.148783293000065],[-72.80373756799992,6.215967976000059],[-72.79336694099993,6.218939825000064],[-72.77501609799992,6.210482882000065],[-72.76774246499991,6.219934680000051],[-72.75495053799995,6.218809131000057],[-72.74467753499994,6.229182199000093],[-72.74993129399991,6.251504436000062],[-72.74378940399993,6.259327756000062],[-72.74585651099994,6.274878989000058],[-72.75464397499991,6.279644115000053],[-72.75791633099993,6.315094799000065],[-72.74963668499993,6.32438105600005],[-72.74838028999994,6.34762874900008],[-72.73144194399993,6.356927714000051],[-72.7255892739999,6.372056533000091],[-72.73294718499994,6.385257873000057],[-72.73352798499991,6.435608276000039],[-72.73797620699992,6.440268769000056],[-72.72488353599994,6.456701817000067],[-72.73682437999992,6.473029360000055],[-72.73592265899993,6.490688269000088],[-72.76537717999992,6.499138643000038],[-72.7784489039999,6.528686291000042],[-72.79706585699995,6.530051671000081],[-72.80857913799991,6.538807343000087],[-72.80886373999994,6.55920582400006],[-72.78186638999995,6.579749466000067],[-72.76460303699992,6.582838994000042],[-72.74273729899994,6.568905046000054],[-72.74342940699995,6.558923405000087],[-72.71913719699995,6.552697766000051],[-72.69521671799993,6.524907675000065],[-72.6627725539999,6.446572786000047],[-72.6490698099999,6.436400568000067],[-72.60561346299994,6.448836783000047],[-72.58809886899991,6.472072554000079],[-72.5680953129999,6.483649797000055],[-72.53923745499992,6.487973174000047],[-72.53438528599992,6.496050495000077],[-72.54462393999995,6.502979014000061],[-72.54946861999991,6.521468814000059],[-72.5363228089999,6.540418789000057],[-72.54590690299995,6.567152707000048],[-72.54266503199995,6.58281149600009],[-72.52704786999993,6.591630953000049],[-72.51883825699991,6.620098990000088],[-72.4970248109999,6.63389126900006],[-72.48553524699992,6.657101121000039],[-72.4911094599999,6.681828166000059],[-72.48470642299992,6.702568230000054],[-72.4988942029999,6.728259681000054],[-72.48755187699993,6.743647383000052],[-72.49085379399992,6.759637829000042],[-72.49858359399991,6.764375164000057],[-72.49888917399994,6.795241514000054],[-72.48403867399992,6.808145093000064],[-72.47705870699991,6.842202643000064],[-72.50157021599995,6.874249798000051],[-72.4964026749999,6.89646196800004],[-72.5029414999999,6.908158766000042],[-72.49719946499994,6.920738417000052],[-72.48779575499992,6.92452402400005],[-72.4645966409999,6.901687988000049],[-72.4290108749999,6.881412879000038],[-72.40598931599993,6.872828393000077],[-72.3872814039999,6.873908939000046],[-72.37054519399993,6.889853773000084],[-72.35004570099994,6.892893168000057],[-72.34915582999992,6.900106614000038],[-72.31342579999995,6.932223804000046],[-72.28142958899991,7.010064291000049],[-72.2525098879999,7.007483552000053],[-72.25541734199993,6.983979266000063],[-72.24471621999993,6.977018100000066],[-72.2341039559999,6.979264173000047],[-72.20096781799992,7.006687169000088],[-72.20580378199992,7.022428753000042],[-72.19965955499993,7.041193450000037],[-72.18569570299991,7.05392736500005]]]}},{"type":"Feature","properties":{"dpto":17,"dpto_nombre":"Caldas"},"geometry":{"type":"Polygon","coordinates":[[[-74.68149301199992,5.779181505000054],[-74.66496042599994,5.768536586000039],[-74.65195895599993,5.709524043000044],[-74.63371814099992,5.708052055000053],[-74.62745595699994,5.696037735000061],[-74.63704377199991,5.651273005000064],[-74.62851241299995,5.631736639000053],[-74.64458908799992,5.61944324600006],[-74.65305136399991,5.574720974000059],[-74.64101453899991,5.54021821300006],[-74.65266127299992,5.525366465000047],[-74.67457259699995,5.51465065900004],[-74.66045247099993,5.451245313000072],[-74.6493477809999,5.442932352000071],[-74.6764001219999,5.438085983000065],[-74.66669331999992,5.405912862000093],[-74.68483850799993,5.400236049000057],[-74.6778428849999,5.377821526000048],[-74.68508834799991,5.367185333000066],[-74.69440393499991,5.363687525000046],[-74.70661057599995,5.370968685000094],[-74.70107721699992,5.353180185000042],[-74.71469983299994,5.315012018000061],[-74.72966069699993,5.303055234000055],[-74.73427575799991,5.286864727000079],[-74.74265146499994,5.285710689000041],[-74.74308091099994,5.291098154000053],[-74.7544654379999,5.281705117000058],[-74.77445760699993,5.29916262100005],[-74.80540183699992,5.302941653000062],[-74.82667113899993,5.31933566500004],[-74.85413309699993,5.315009013000065],[-74.87281519599992,5.294913989000065],[-74.89836515399992,5.298932359000048],[-74.91412843899991,5.310407827000063],[-74.9393769639999,5.313030421000065],[-74.98634668499994,5.288688821000051],[-75.01011044599994,5.293377343000088],[-75.02817336499993,5.288788265000051],[-75.0358107159999,5.276599617000045],[-75.05662692499993,5.275524318000066],[-75.06274576399994,5.25219658900005],[-75.0750519419999,5.244062955000061],[-75.10541273899992,5.198465801000054],[-75.1162349299999,5.160564423000039],[-75.13068735999991,5.155879772000048],[-75.15493496099992,5.171432865000043],[-75.17157824199995,5.170964782000055],[-75.1984114249999,5.162063219000061],[-75.21133189699992,5.138763537000045],[-75.23501705199993,5.126000108000085],[-75.27582063499995,5.14080494600006],[-75.28790829399992,5.138306512000042],[-75.30832288199991,5.110926054000061],[-75.3447524309999,5.080784947000041],[-75.3487927569999,5.057294909000063],[-75.3194121649999,5.032937609000044],[-75.31800828099995,5.015353393000055],[-75.3355687049999,4.974640815000043],[-75.35272461799991,4.966741007000053],[-75.35246287799993,4.940566935000049],[-75.33894753699991,4.905017785000041],[-75.31872212199994,4.888072057000045],[-75.32481155699992,4.863300879000064],[-75.34534927899995,4.842159664000064],[-75.35235158599994,4.842127690000041],[-75.37549906999993,4.802684968000051],[-75.40553666399995,4.804059402000064],[-75.42686677299992,4.816390873000046],[-75.43016200799991,4.834745674000089],[-75.44003915099995,4.845130830000073],[-75.43874710299991,4.85523164500006],[-75.45192967699995,4.869529236000062],[-75.45634952599994,4.886899301000085],[-75.47294626699994,4.890789718000065],[-75.47427281599994,4.903948142000047],[-75.48404645199992,4.910676067000054],[-75.48008524099993,4.916464207000047],[-75.5119314179999,4.924286891000065],[-75.5374576129999,4.916533212000047],[-75.54338247299995,4.928460261000055],[-75.55737013399994,4.924111793000066],[-75.56459417799994,4.937803213000052],[-75.58757241699993,4.934562713000048],[-75.59497491899992,4.926196529000038],[-75.60933021099993,4.933934535000049],[-75.61706107899994,4.931405171000051],[-75.62307886699995,4.970959859000061],[-75.6395050129999,4.974998158000062],[-75.6391576119999,4.968766350000067],[-75.65416249299994,4.958030223000037],[-75.6555395979999,4.945802034000053],[-75.70238478499994,4.945500300000049],[-75.71378794799995,4.956265633000044],[-75.71990894299995,4.992719373000057],[-75.74681297099994,5.046819020000044],[-75.75846580199993,5.037873151000042],[-75.76208400699994,5.024825193000083],[-75.77242631799993,5.020078297000055],[-75.77061721099994,5.007478612000057],[-75.78139178599992,5.010384385000066],[-75.78561035799993,4.99604763800005],[-75.77853404299992,4.993165880000049],[-75.79324701399992,4.980117921000044],[-75.7962408439999,4.966341521000061],[-75.78836707599993,4.949383259000058],[-75.79218890399994,4.937768378000044],[-75.80274562199992,4.936486136000042],[-75.81480708599992,4.919438478000075],[-75.86711851399991,4.933293657000092],[-75.86072690099991,4.942129236000085],[-75.89216009299992,4.961530423000056],[-75.90442621299991,4.995729227000083],[-75.90386703999991,5.023616512000046],[-75.92203422499995,5.042051383000057],[-75.91225197099993,5.07366649100004],[-75.91735166799992,5.078686351000044],[-75.89891890599995,5.106659834000084],[-75.89987578199992,5.118437497000059],[-75.88837846599995,5.116562187000056],[-75.8918282539999,5.130996998000057],[-75.8750340329999,5.132230478000054],[-75.84584852099994,5.105580899000074],[-75.8365688209999,5.114781864000065],[-75.83382269499992,5.150083376000055],[-75.80237520399993,5.200359329000094],[-75.80831433899993,5.207404914000051],[-75.80497942599993,5.235080547000052],[-75.82060058799993,5.243741786000044],[-75.8236641439999,5.270118111000045],[-75.78694587899992,5.284818183000084],[-75.77421860999993,5.274101833000088],[-75.76314459799994,5.273368958000049],[-75.74927234099994,5.284523875000048],[-75.73480751099993,5.264365801000054],[-75.69872955299991,5.261374548000049],[-75.6926383469999,5.255185182000048],[-75.66622917699993,5.268471334000083],[-75.66199326899994,5.290434517000051],[-75.64814603499991,5.307572011000047],[-75.65990094599994,5.318888608000066],[-75.66617087199995,5.354000321000058],[-75.6803477009999,5.356270328000051],[-75.69778274299995,5.376454771000056],[-75.69843357699995,5.387794493000058],[-75.7124497399999,5.386248632000047],[-75.72522650899992,5.397141540000064],[-75.73941607199993,5.397644674000048],[-75.7421096249999,5.383834283000056],[-75.76310139499992,5.386894182000049],[-75.78845441199991,5.366818858000045],[-75.80917475799993,5.362126563000061],[-75.8283436939999,5.367408965000038],[-75.83313117199992,5.36107959800006],[-75.83893967699993,5.369839098000057],[-75.86067798499994,5.371708954000042],[-75.85064151299991,5.412476717000061],[-75.86467124199993,5.445063323000056],[-75.86540229999991,5.501869119000048],[-75.86107218699993,5.506199235000054],[-75.85232863999994,5.493564043000049],[-75.83249416699994,5.488838934000057],[-75.8169993429999,5.512099427000066],[-75.8068568889999,5.514389657000038],[-75.78567968699991,5.539968864000059],[-75.7714921509999,5.537291971000059],[-75.76475946599993,5.548318391000066],[-75.7447719939999,5.552277817000061],[-75.73026679899993,5.564098977000071],[-75.68910779499993,5.51931740100008],[-75.67047090799991,5.529473892000055],[-75.62727026399995,5.525896428000067],[-75.61679143099991,5.53230817900004],[-75.59594735199994,5.517948130000093],[-75.57102905499994,5.520572497000046],[-75.56912548499992,5.539935357000047],[-75.57607950499994,5.549743725000042],[-75.57607950599993,5.582780163000052],[-75.58976235299991,5.641865033000045],[-75.58445140099991,5.655585005000091],[-75.57235897999993,5.664707858000043],[-75.59959904999994,5.680911989000037],[-75.59926247199991,5.737311282000064],[-75.57258375799995,5.723106891000043],[-75.54337074299991,5.720071071000064],[-75.53549015399994,5.690976257000045],[-75.51989426199992,5.695120347000056],[-75.5092986539999,5.681362371000091],[-75.50308170699992,5.685050166000053],[-75.48920469299992,5.677512033000085],[-75.47816141099992,5.664284378000048],[-75.42893172399994,5.69660286900006],[-75.41271967099993,5.694287563000046],[-75.4066282469999,5.681229083000062],[-75.37689255899994,5.674191475000043],[-75.36839402899994,5.640842853000038],[-75.3831109969999,5.62150973100006],[-75.36528883199992,5.601569848000054],[-75.3402093169999,5.603009424000049],[-75.34582706599991,5.587109567000084],[-75.32778837199993,5.557820780000043],[-75.33385599699994,5.55005421900006],[-75.32693236099993,5.541776077000065],[-75.32884782699995,5.524572573000057],[-75.3108234099999,5.508665876000066],[-75.31773334899992,5.462543966000055],[-75.28258062299994,5.475688821000062],[-75.28619904699991,5.450210201000061],[-75.27592951399993,5.418558389000054],[-75.22072681999992,5.502936207000062],[-75.18140726699994,5.523468707000063],[-75.15009779899992,5.530273993000037],[-75.13760889199995,5.527219586000058],[-75.12984004399993,5.553236626000057],[-75.09162334199993,5.585212499000079],[-75.08737899399995,5.598221952000074],[-75.09628698299991,5.608256010000048],[-75.08902284999994,5.615409548000059],[-75.09918258199991,5.642319514000064],[-75.08709747599994,5.660814148000043],[-75.0768472549999,5.656651727000053],[-75.06025890699993,5.666037287000051],[-75.04792888299994,5.660875498000053],[-75.01055669199991,5.68109733600005],[-75.00021061599995,5.701647642000069],[-74.99153015999991,5.706063372000074],[-74.9933010279999,5.715334122000058],[-74.95194416499993,5.720065591000093],[-74.93157689399993,5.733514116000038],[-74.886962,5.738890783000045],[-74.87336000399995,5.747711073000062],[-74.8410912679999,5.738430958000038],[-74.8290552009999,5.713065509000046],[-74.81107684099993,5.709267097000065],[-74.80570546699994,5.698640871000066],[-74.79733964399992,5.702322766000066],[-74.77154407199993,5.689813936000064],[-74.7655763809999,5.699741047000089],[-74.75240522599995,5.696477292000054],[-74.72944348599992,5.706467768000039],[-74.73298412399993,5.714648355000065],[-74.72538888499992,5.723528505000047],[-74.72713064999994,5.743787237000049],[-74.72034918399993,5.757621422000057],[-74.7129680939999,5.75580827400006],[-74.71393190299995,5.772178156000052],[-74.69822538199992,5.771167480000088],[-74.68149301199992,5.779181505000054]]]}},{"type":"Feature","properties":{"dpto":18,"dpto_nombre":"Caquetá"},"geometry":{"type":"Polygon","coordinates":[[[-74.79916381399994,2.937916759000075],[-74.78916930699995,2.926249981000069],[-74.79416656799992,2.914999952000073],[-74.78083038499994,2.904583220000063],[-74.77874755599993,2.885833268000056],[-74.7693748449999,2.873124951000079],[-74.73625183599995,2.880833389000088],[-74.72583007799994,2.877500056000088],[-74.72499847499995,2.883333200000038],[-74.69208526699992,2.893333191000067],[-74.67292022799995,2.888333321000061],[-74.6616668659999,2.84208321400007],[-74.67166900199993,2.831666707000068],[-74.66583252499993,2.823750019000045],[-74.6666641189999,2.804999826000085],[-74.65666962199992,2.803750037000043],[-74.64333342999993,2.755833393000046],[-74.61750031199995,2.753750082000067],[-74.6295852689999,2.736666676000084],[-74.6270828239999,2.721666814000059],[-74.63749695299992,2.700833318000093],[-74.61583710699995,2.69625020400008],[-74.61583710699995,2.683333404000052],[-74.58999633499991,2.673333405000051],[-74.58583069299993,2.665416709000056],[-74.5979156489999,2.638333561000081],[-74.60916901199994,2.633333441000048],[-74.61333466199994,2.622499944000083],[-74.62416839199994,2.625833269000054],[-74.62500000199992,2.61833333800007],[-74.64791869699991,2.601666689000069],[-74.64583587099992,2.587499859000047],[-74.68166350799993,2.558333392000065],[-74.67500305699991,2.539583448000087],[-74.67749785699993,2.523750064000069],[-74.65708159999991,2.512500043000045],[-74.64749908099992,2.493749858000058],[-74.66291808499994,2.488333222000051],[-74.67292022899994,2.425000191000038],[-74.69291686899993,2.42000007200005],[-74.70874786799993,2.375833510000064],[-74.7337493839999,2.346666810000045],[-74.74833678499994,2.274166820000062],[-74.74124907399994,2.271666528000083],[-74.73000335699993,2.279999973000088],[-74.72875214599992,2.269166476000066],[-74.71583557899993,2.263333324000087],[-74.70916748399992,2.283750055000041],[-74.69333648599991,2.284166571000071],[-74.70124816999993,2.271666528000083],[-74.65916442899993,2.252083303000063],[-74.65000152599993,2.240000008000038],[-74.65083312799993,2.22749996500005],[-74.6600036609999,2.226666685000055],[-74.6650009139999,2.211250074000077],[-74.64416503299992,2.210833309000066],[-74.64333342999993,2.20249986400006],[-74.6270828239999,2.19249988100006],[-74.61083221599995,2.208333498000059],[-74.59166717799991,2.201666598000088],[-74.58916473999994,2.16999983900007],[-74.60416412899991,2.15666651500004],[-74.59333039099994,2.134583238000062],[-74.58000183699994,2.124583247000089],[-74.55290233399995,2.124196577000077],[-74.55083465599995,2.131666662000043],[-74.53874969099991,2.110000126000045],[-74.51999664699991,2.122916693000093],[-74.51166534599992,2.121666671000071],[-74.50875091499995,2.132499942000038],[-74.49083710299993,2.136666774000048],[-74.49166870599993,2.147499805000052],[-74.48542023399995,2.149166584000056],[-74.47750091199993,2.120833398000059],[-74.48416900699993,2.110000126000045],[-74.4620819079999,2.089166638000052],[-74.44291686899993,2.094166517000076],[-74.43166350699994,2.090833192000048],[-74.43666839699995,2.081666706000078],[-74.42624664599992,2.085000040000068],[-74.41750335199993,2.078333373000078],[-74.39250182699993,2.084166526000047],[-74.36194287699993,2.059513749000075],[-74.24189608099994,2.056417304000092],[-74.23141580499993,2.04950984900006],[-74.22331740999994,2.019021774000066],[-74.19000243799991,1.985416778000058],[-74.15333557299994,1.97958337700004],[-74.14958190199991,1.997499940000068],[-74.12500000199992,1.992916576000084],[-74.10791778499993,1.981666680000046],[-74.10500336099994,1.972500087000071],[-74.06624603299991,1.979166737000071],[-74.04000091799992,1.970833299000049],[-73.65666833299991,1.61773194400007],[-73.66390842599992,1.595257962000062],[-73.6583457879999,1.576350894000086],[-73.6434408959999,1.551640110000051],[-73.61531645799994,1.527026520000049],[-73.60697257399994,1.501716913000053],[-73.58452311799994,1.486955622000039],[-73.57794903999991,1.46872453900005],[-73.54725851199993,1.438015103000055],[-73.54764711399991,1.406161515000065],[-73.5350340039999,1.389844320000066],[-73.50999568399993,1.388376779000055],[-73.50326828199991,1.370093806000057],[-73.48326341199993,1.37044988100007],[-73.48466525099991,1.363557447000062],[-73.47210893199991,1.358454795000057],[-73.47004502899995,1.34049310000006],[-73.45515653699994,1.321018638000055],[-73.46134991799994,1.312269062000041],[-73.45150992499993,1.30427680400004],[-73.45607704899993,1.294573248000063],[-73.44675584299995,1.290811114000064],[-73.42825363799994,1.295942497000055],[-73.42226268399992,1.280358793000062],[-73.43187025499992,1.258920563000061],[-73.40874095399994,1.241436497000052],[-73.41526483399991,1.225771425000062],[-73.4241678489999,1.223537486000055],[-73.41572308299993,1.215074727000058],[-73.4167708949999,1.207169373000056],[-73.4072717059999,1.205746666000039],[-73.4211004519999,1.191067729000054],[-73.41097491099993,1.174014972000066],[-73.39298500699994,1.17194151700005],[-73.39749869099995,1.153091169000049],[-73.39192722299993,1.154914777000045],[-73.39271141599994,1.147070903000042],[-73.37479044799994,1.141680293000093],[-73.3728461259999,1.130927074000056],[-73.35731528799994,1.128384357000073],[-73.3607285359999,1.124000686000045],[-73.35565211099993,1.120253417000072],[-73.34356776699991,1.123403287000087],[-73.34421365599991,1.117448787000058],[-73.33371396699994,1.113195759000064],[-73.34054040899991,1.09917749400006],[-73.3328796749999,1.101096763000044],[-73.33443058099994,1.093910016000052],[-73.31926842899992,1.08682034900005],[-73.3250886589999,1.086636114000044],[-73.32283650999995,1.08082109500009],[-73.31005578299994,1.075653168000088],[-73.30790725299994,1.079516701000045],[-73.29091409499995,1.065452468000046],[-73.28201259699995,1.066795452000065],[-73.2788474699999,1.047291789000042],[-73.25767688499991,1.044315626000071],[-73.25155583899993,1.048763],[-73.25241292099992,1.039794013000062],[-73.24646733999992,1.042412501000058],[-73.23888719899992,1.032145565000064],[-73.2478373209999,1.021923530000038],[-73.23490330299995,1.008697860000041],[-73.2167224719999,1.002582948000054],[-73.21633162199993,0.99697235800005],[-73.20647211499994,1.006718395000064],[-73.19875597899994,0.998611407000055],[-73.17857046599994,1.000162200000091],[-73.17164863799991,0.991803054000059],[-73.17689359299993,0.991084393000051],[-73.17292205299992,0.981514871000059],[-73.18950189599991,0.966986426000062],[-73.18067259499992,0.970958349000057],[-73.1822411249999,0.960914700000046],[-73.16534148699992,0.953400939000062],[-73.16425363799993,0.940372029000059],[-73.14694921799992,0.943331995000051],[-73.14586136799994,0.933364245000064],[-73.15481716399995,0.933465442000056],[-73.14452052899992,0.919930552000039],[-73.1389547789999,0.924332554000046],[-73.13943545899991,0.917780150000056],[-73.1307326509999,0.914415401000042],[-73.1092792199999,0.924003669000058],[-73.10287860999995,0.912340896000046],[-73.07849051199992,0.906623353000043],[-73.08352498399995,0.901740673000063],[-73.07752915599991,0.894454602000053],[-73.05159782699991,0.911860219000062],[-73.04975100999991,0.905409009000039],[-73.04097230699995,0.911227746000066],[-73.0382653289999,0.902423742000053],[-73.02657725699993,0.921499083000072],[-73.00972821899995,0.910544679000054],[-73.00476964299992,0.925749290000056],[-72.99970987099994,0.925066222000055],[-73.00621167599991,0.933288349000065],[-72.99166483499994,0.933338947000038],[-72.99664870799995,0.922713429000055],[-72.98741462699991,0.928532164000046],[-72.99637042199993,0.952009504000046],[-72.98622557899995,0.951756515000056],[-72.98571960299995,0.961698966000085],[-72.98344270599995,0.955197161000058],[-72.96047134399993,0.960838804000048],[-72.95422252499992,0.983582477000084],[-72.94452397399994,0.978497833000063],[-72.93671571699991,0.984088455000062],[-72.92891499199993,1.001872262000063],[-72.93249837699994,1.015151868000089],[-72.91760273599994,1.01617067300009],[-72.90787138399992,1.008687722000047],[-72.89996685799991,1.018067760000065],[-72.8950836169999,1.011673875000042],[-72.8848252969999,1.024075199000038],[-72.86718941899994,1.024461644000041],[-72.8745318469999,1.03640626400005],[-72.86515180799995,1.041711077000059],[-72.8722834479999,1.046348401000046],[-72.87744773899993,1.041324633000045],[-72.87934482599991,1.046172744000046],[-72.87375895999992,1.052215316000058],[-72.85802016799994,1.042238048000058],[-72.86083066799995,1.071923937000065],[-72.88334978599994,1.070026849000044],[-72.88405241099991,1.07768545600004],[-72.87214292399995,1.076807177000092],[-72.86912163799991,1.086538528000062],[-72.8837010979999,1.098623670000052],[-72.86567877699991,1.108741464000047],[-72.85928489299994,1.102277319000052],[-72.85004537999993,1.104666243000054],[-72.86841901299994,1.121423838000055],[-72.87207266099995,1.135406069000055],[-72.8690865069999,1.146648063000043],[-72.84979946099992,1.143099807000056],[-72.85085339799991,1.158171107000044],[-72.85924976199993,1.164775776000056],[-72.83051241599992,1.156625331000043],[-72.82689389899991,1.14889646000006],[-72.81624913599995,1.168078112000046],[-72.82390774499993,1.178231037000046],[-72.8028641379999,1.182657572000039],[-72.79762958399994,1.176088033000042],[-72.78431484799995,1.175315146000059],[-72.77128116099993,1.18227113100005],[-72.77802635799992,1.147877655000059],[-72.76446570299993,1.132595569000046],[-72.74960519199993,1.128836530000058],[-72.74061159799993,1.136319480000054],[-72.73874964099991,1.151109729000041],[-72.72276493299995,1.14959908700007],[-72.7305991959999,1.160524899000052],[-72.72585647999995,1.186100435000071],[-72.69919187699992,1.182200868000052],[-72.69437889799991,1.163756971000055],[-72.6691898059999,1.163194874000055],[-72.6621986909999,1.15079355000006],[-72.65418877099995,1.159506094000051],[-72.65390772099994,1.180690224000045],[-72.6473733119999,1.180795618000047],[-72.63700959999994,1.15205827200009],[-72.62257066299992,1.136249217000056],[-72.58968783099994,1.124901831000045],[-72.58663141399995,1.115697449000038],[-72.57430035399994,1.113589574000059],[-72.55703099599992,1.093614066000043],[-72.5205874749999,1.081017449000058],[-72.51091666799994,1.068011162000062],[-72.4984558029999,1.073822034000045],[-72.48414888299993,1.071598377000043],[-72.46856231299995,1.084017287000052],[-72.45568188899995,1.079863666000051],[-72.4524512939999,1.065556749000052],[-72.4262263139999,1.037301620000051],[-72.42365943899995,1.022663494000085],[-72.39946042999992,1.003933852000046],[-72.41047860799995,0.986819486000059],[-72.40046509099994,0.967362853000054],[-72.37702235799992,0.960206793000054],[-72.39160003299992,0.919090273000052],[-72.37403206499994,0.917408229000046],[-72.3544082709999,0.935069645000056],[-72.3399240409999,0.926659448000066],[-72.34693253799992,0.902924],[-72.33235486299992,0.879375447000086],[-72.34356845999991,0.868629083000087],[-72.3275890829999,0.83994096400005],[-72.31665582699992,0.853023496000048],[-72.32394466399995,0.875357243000053],[-72.30011577099992,0.882085400000051],[-72.29170557299994,0.877786856000057],[-72.28703324199995,0.862274711000055],[-72.30133057799992,0.841155770000057],[-72.28675290199993,0.818728577000059],[-72.30329295699994,0.817420325000057],[-72.31011456199991,0.80929046600005],[-72.2926394509999,0.781491722000055],[-72.2696544499999,0.763105179000092],[-72.26171066199993,0.765337832000057],[-72.26098833299994,0.773349109000094],[-72.27034076199993,0.794098496000061],[-72.24869581899992,0.788537374000043],[-72.22185126799991,0.747279620000086],[-72.23051920899991,0.71818948400005],[-72.22009178999991,0.705600300000071],[-72.20037841399994,0.701969929000086],[-72.19079114699991,0.726988759000051],[-72.16393366299991,0.713330187000054],[-72.16337793799994,0.733850787000051],[-72.14029382399991,0.718058155000051],[-72.12670091799993,0.740122004000057],[-72.11947763299992,0.734409041000049],[-72.1213819539999,0.72166979800005],[-72.10982469999993,0.704924909000056],[-72.09399914099993,0.698817953000059],[-72.08112856199995,0.704924909000056],[-72.07035930199993,0.692710993000048],[-72.06930864299994,0.671303809000051],[-72.08559386499991,0.662964198000054],[-72.08428054099994,0.657776565000063],[-72.05164442999995,0.655478249000055],[-72.02819813999992,0.664508759000057],[-72.01365001699992,0.653252549000058],[-71.99793379599993,0.657393985000056],[-71.99496045699993,0.633076318000064],[-71.98147424099994,0.630633934000059],[-71.99496045699993,0.606634838000048],[-72.01173858499993,0.596015771000054],[-71.9924053769999,0.590729334000059],[-71.9897629319999,0.563016231000063],[-71.96387333399991,0.556024150000042],[-71.95310174999992,0.54000850500006],[-71.94299157799992,0.55163047800005],[-71.94478684299992,0.568118561000063],[-71.9386451499999,0.569961069000044],[-71.91318074599991,0.515961415000049],[-71.92914914699992,0.497205629000064],[-71.92900741599993,0.48662302300005],[-71.92192084699991,0.478544333000059],[-71.9054327639999,0.47863882200005],[-71.90146428499992,0.47197744500005],[-71.92078699599995,0.46007201000009],[-71.92050353399992,0.452560248000054],[-71.90420442499993,0.442780781000067],[-71.88984231299992,0.447552405000067],[-71.8871021729999,0.469379038000056],[-71.8589921169999,0.457001166000055],[-71.84727565599991,0.438056404000065],[-71.84689770599994,0.413584119000063],[-71.82341754099991,0.405741650000039],[-71.83626785299992,0.395111795000048],[-71.83395290699991,0.369033222000041],[-71.85374805599992,0.356702595000058],[-71.8510079159999,0.350371926000093],[-71.82346478499994,0.339364122000063],[-71.80187437199993,0.355285279000043],[-71.81481917099995,0.373568627000054],[-71.78888232999992,0.363836407000065],[-71.76696120999992,0.369600150000053],[-71.77348085299991,0.348387689000049],[-71.78524455799993,0.34536408300005],[-71.78907130499994,0.335679105000054],[-71.7693233999999,0.327458686000057],[-71.75368570499995,0.33241928700005],[-71.75132351499991,0.297222659000056],[-71.73724486499992,0.285695175000058],[-71.72716071499991,0.308560528000044],[-71.7050072479999,0.318422398000052],[-71.70086240499995,0.299556216000042],[-71.7243736659999,0.288122170000065],[-71.72630316099992,0.280975888000057],[-71.69793243099991,0.237455044000058],[-71.64390655499994,0.20958455400006],[-71.62411135999992,0.21587327900005],[-71.62747011099992,0.204796547000058],[-71.61712267399992,0.192939287000058],[-71.63207449399994,0.189808884000058],[-71.63614882999991,0.182972109000048],[-71.60578243899994,0.18330254500006],[-71.57114854299994,0.215308575000051],[-71.56009803899991,0.215645484000049],[-71.5617151859999,0.208098797000048],[-71.57721284399992,0.197991629000057],[-71.57788665499993,0.179798726000058],[-71.58994787499995,0.166255122000052],[-71.5821990469999,0.163222970000049],[-71.54830634299992,0.173869190000062],[-71.53146106299994,0.165244405000067],[-71.52613795499991,0.152509373000044],[-71.54500466799993,0.132025512000041],[-71.53328035399994,0.120368579000058],[-71.51468316499995,0.132834087000049],[-71.49669240499992,0.133170991000043],[-71.4948731149999,0.145569117000093],[-71.48308141899992,0.150555322000059],[-71.47351329999992,0.184987074000048],[-71.45606158999993,0.175486333000038],[-71.45666801999994,0.16308820800009],[-71.4687966219999,0.159112721000042],[-71.47034638799994,0.15264413500006],[-71.45107538699995,0.139235295000049],[-71.42836794999994,0.140178629000047],[-71.40882742499991,0.15069008100005],[-71.40175240799994,0.160123441000053],[-71.40060692799995,0.185997788000066],[-71.3731154319999,0.172117278000087],[-71.36543398399994,0.144558399000061],[-71.3418505919999,0.138291955000057],[-71.34373726299992,0.152441990000057],[-71.33524724199992,0.15500247500006],[-71.3209624449999,0.136337906000051],[-71.32850912999993,0.112889273000064],[-71.2903040349999,0.095909231000064],[-71.29663785999992,0.070573933000048],[-71.27979257999993,0.06578987000006],[-71.26436230399992,0.07010226500006],[-71.25384590399995,0.059518811000089],[-71.26121437699993,0.054335364000053],[-71.2633668329999,0.041933116000052],[-71.27136166899993,0.035168254000041],[-71.30368895299995,0.032473945000049],[-71.31515226999994,0.020539898000038],[-71.32787100599995,0.018742685000063],[-71.37058936699992,0.031184926000094],[-71.38593479699995,0.025931534000051],[-71.38579654999995,0.014595272000065],[-71.40045074499994,0.005609208000067],[-71.44837899799995,0.003348824000057],[-71.45375190199991,-0.012226562999956],[-71.48570908399995,-0.008659232999946],[-71.54671620099992,0.021335934000092],[-71.57721975999993,0.015743614000087],[-71.58213422199992,0.009303973000044],[-71.57823654499992,-0.00103334299996],[-71.59348832499995,-0.014421016999961],[-71.62602545399994,-0.034587256999941],[-71.64754740899991,-0.038484933999939],[-71.67178079199994,-0.059837425999945],[-71.70482631399994,-0.067293848999952],[-71.70092863699995,-0.097458479999943],[-71.72719558999995,-0.123894897999946],[-71.73645800999992,-0.154534415999933],[-71.71449187199994,-0.203624380999941],[-71.71064768399992,-0.232342722999931],[-71.72919023599991,-0.231325144999914],[-71.74299745499991,-0.252355177999959],[-71.77032786699993,-0.255828102999942],[-71.77319680499994,-0.263528935999943],[-71.78965545199992,-0.270474788999934],[-71.81139898399994,-0.263679931999945],[-71.81662655499991,-0.272397069999954],[-71.83086781399993,-0.276304416999949],[-71.8737933999999,-0.26961622999994],[-71.90998811299994,-0.273316646999945],[-71.92779534199991,-0.265253990999952],[-71.9749452129999,-0.270658518999937],[-71.9831451899999,-0.279417588999934],[-72.01967236299993,-0.263763083999947],[-72.0418495749999,-0.269167615999947],[-72.04613592699991,-0.28258576199994],[-72.0614177029999,-0.296190268999908],[-72.05675862499993,-0.309422050999956],[-72.06272224499992,-0.324703826999951],[-72.07259949099995,-0.325822005999953],[-72.08284946299995,-0.338308336999944],[-72.09365852399992,-0.32917654299996],[-72.1262720709999,-0.337190156999952],[-72.14360384199995,-0.347253764999948],[-72.14229929999993,-0.35526737899994],[-72.15344433999991,-0.35532606299995],[-72.15885899499995,-0.38239933899996],[-72.14802968499993,-0.395394510999949],[-72.16298066799993,-0.411406950999947],[-72.17278959499993,-0.443931292999935],[-72.2011838599999,-0.479553186999908],[-72.23061064299992,-0.492975929999943],[-72.24661468199992,-0.585386352999933],[-72.24282988999994,-0.605261492999944],[-72.2634093609999,-0.62270495599995],[-72.28578227999992,-0.630772061999949],[-72.2919007239999,-0.64360180999995],[-72.30558805699991,-0.650967931999958],[-72.35276379399994,-0.638685860999942],[-72.37104101599994,-0.623219664999908],[-72.39436863799995,-0.614114395999934],[-72.40887930399992,-0.597825809999961],[-72.40379765099993,-0.58283530999995],[-72.40779248599995,-0.567936237999959],[-72.42496999899993,-0.562289795999959],[-72.46936330299991,-0.601770121999948],[-72.51388719499994,-0.656943274999946],[-72.53544438799992,-0.672519673999943],[-72.55426081699994,-0.703888258999939],[-72.56280569099994,-0.705686957999944],[-72.60045455999995,-0.688004906999936],[-72.67381418499991,-0.635177885999951],[-72.67764881399995,-0.615957963999961],[-72.69454867499991,-0.610646313999951],[-72.71435669899995,-0.588890481999954],[-72.74061905699995,-0.580109003999951],[-72.74972881199994,-0.554995625999936],[-72.76306077399994,-0.560615046999942],[-72.77656100699994,-0.577706061999947],[-72.80145663799993,-0.579382579999958],[-72.81586180599993,-0.599208180999938],[-72.83245959999994,-0.598452520999956],[-72.87221483999991,-0.61676523999995],[-72.91727826999994,-0.615509517999953],[-72.93717638399994,-0.605842654999947],[-72.95891432899992,-0.559440697999946],[-72.98947458399994,-0.536812612999938],[-73.01565665599992,-0.526867363999941],[-73.04417480699993,-0.534847339999942],[-73.05330213899992,-0.546697719999941],[-73.0747920149999,-0.621288799999945],[-73.08490213099992,-0.62280981899994],[-73.09924016799994,-0.609976081999946],[-73.12142387499995,-0.604131504999941],[-73.16586210399993,-0.621685171999957],[-73.20298421099994,-0.626476802999946],[-73.23935906199995,-0.58690858999995],[-73.2560354229999,-0.579543107999939],[-73.26501776799995,-0.555769347999956],[-73.31549975399992,-0.53093733299994],[-73.33187629299994,-0.506100451999941],[-73.35768074999993,-0.515218622999953],[-73.37850401199995,-0.536262060999945],[-73.43034484399993,-0.51089666699994],[-73.48874653899992,-0.528145765999909],[-73.51047856499991,-0.524273713999946],[-73.5223261669999,-0.515235206999932],[-73.5331943079999,-0.487737567999943],[-73.54979280299995,-0.514098109999907],[-73.56835520399994,-0.516834313999937],[-73.56933788899994,-0.494577117999938],[-73.57937485499991,-0.479840964999937],[-73.57884813699991,-0.459026927999957],[-73.58464931399993,-0.449116192999952],[-73.59800144999991,-0.438999625999941],[-73.60815613999995,-0.439154378999945],[-73.65139822599991,-0.457168839999952],[-73.65241126599994,-0.450978254999939],[-73.63625506499994,-0.432024612999953],[-73.63925926499991,-0.418860277999954],[-73.6856795459999,-0.417675076999956],[-73.71366235399995,-0.382646609999938],[-73.7348066479999,-0.381572440999946],[-73.76342712499991,-0.407461033999937],[-73.81848494099995,-0.411188421999952],[-73.8814117469999,-0.369928477999906],[-74.0072313199999,-0.340583141999957],[-74.03840014899993,-0.306059983999944],[-74.04466858299992,-0.274762654999961],[-74.08176282399995,-0.279820410999946],[-74.11156896099993,-0.235076116999949],[-74.13473474299991,-0.233556725999961],[-74.14605355099991,-0.240849453999942],[-74.15820250999991,-0.263107551999951],[-74.18144378599993,-0.263943020999932],[-74.1883104719999,-0.258549348999907],[-74.19072490099995,-0.227175218999946],[-74.20030798499994,-0.209778860999961],[-74.21758792299994,-0.210082579999948],[-74.22324752499992,-0.234087872999908],[-74.23403809799993,-0.23758221199995],[-74.28821663299993,-0.202333279999948],[-74.28783905299991,-0.178328032999957],[-74.26497512499992,-0.157437585999958],[-74.26550322499992,-0.144447380999907],[-74.2781046309999,-0.139433514999951],[-74.30625040199993,-0.146042302999945],[-74.32322813099995,-0.122492725999962],[-74.34186599799995,-0.109654345999957],[-74.35574651399992,-0.106398553999952],[-74.40185446099991,-0.11428765799991],[-74.44627419099993,-0.13959590199994],[-74.44720416399991,-0.129100292999908],[-74.42652882699991,-0.112540183999954],[-74.42335948999994,-0.097954902999959],[-74.43611148799994,-0.078203867999946],[-74.4543718939999,-0.070759151999937],[-74.47482125999994,-0.130315315999951],[-74.4932327169999,-0.137911480999946],[-74.50832375699991,-0.126896383999906],[-74.50658792399992,-0.103347453999959],[-74.5189625239999,-0.088610213999914],[-74.53050725799994,-0.088762002999943],[-74.53465740199994,-0.095142940999949],[-74.5240184299999,-0.116185168999948],[-74.5302059629999,-0.12598444799994],[-74.63176806899992,-0.088456816999951],[-74.63259798799993,-0.082759585999952],[-74.6179596529999,-0.071365306999951],[-74.61653437599995,-0.056308043999934],[-74.64644432299991,-0.038419728999941],[-74.67771520799994,-0.060130861999937],[-74.68127241999991,-0.049155120999956],[-74.66118908999994,-0.037691062999954],[-74.65637058999994,-0.011572679999915],[-74.7045989909999,0.039847937000047],[-74.70142597899991,0.044775492000042],[-74.67684417499993,0.044439056000044],[-74.6564792499999,0.065738147000047],[-74.65707613599994,0.075259436000067],[-74.66863938499995,0.082019269000057],[-74.6983348139999,0.07904607100005],[-74.71337590799993,0.094199309000089],[-74.70728232999994,0.097674315000063],[-74.69016680999994,0.087885358000051],[-74.67529088899994,0.099734721000061],[-74.68056156499995,0.165404297000066],[-74.71630934799992,0.201042844000085],[-74.7365441959999,0.209605946000067],[-74.78155822499991,0.208575757000062],[-74.81586609099992,0.216754460000061],[-74.84086563099993,0.213040697000054],[-74.86153122099995,0.22212769500004],[-74.89297919799992,0.249197365000043],[-74.91579216799994,0.252378921000059],[-74.95938186599994,0.242488041000058],[-75.0038880429999,0.27320301900005],[-75.01057731199995,0.291450435000058],[-74.98519541399992,0.301977755000053],[-74.97988594799995,0.314620241000057],[-75.00713612699991,0.342273349000038],[-75.0166464109999,0.382896345000063],[-75.01020654999991,0.391857110000046],[-74.98464926499992,0.399960337000039],[-74.98619709799993,0.418507250000062],[-75.00580069999995,0.438516936000042],[-75.01861718899994,0.472823156000061],[-75.03386136199993,0.48426237700005],[-75.10585906799992,0.473760996000067],[-75.09403408799994,0.498056689000066],[-75.10117750599994,0.511939944000062],[-75.11966160599991,0.510123820000047],[-75.1552576229999,0.480904414000065],[-75.18216315399991,0.486664443000052],[-75.20193074699995,0.479467462000059],[-75.21767048299995,0.487458404000051],[-75.21641937599992,0.495086120000053],[-75.19845993399991,0.504691395000066],[-75.22481390199994,0.535444418000054],[-75.23550884999992,0.571807241000045],[-75.23207839499992,0.579999977000057],[-75.21266605399995,0.587910201000057],[-75.20725804299991,0.601470591000066],[-75.23118058299991,0.646063680000054],[-75.27616684399993,0.667416862000039],[-75.25709355799995,0.70339474900004],[-75.26560146799994,0.725637646000052],[-75.29750444699994,0.729489438000087],[-75.30710494399995,0.746677702000056],[-75.32281289299993,0.745490162000067],[-75.33026202399992,0.751050018000058],[-75.33980661499993,0.769234913000048],[-75.35982833599991,0.750396292000062],[-75.38294432299995,0.754582652000067],[-75.4090483999999,0.737784127000054],[-75.46874952999991,0.758837271000061],[-75.48306927899995,0.782966310000063],[-75.5080442819999,0.768164221000063],[-75.53839243999994,0.788592483000059],[-75.53793007199994,0.826800898000045],[-75.58294426599991,0.839069118000054],[-75.60777151999991,0.838261016000047],[-75.61922126399992,0.867703220000067],[-75.63635693899994,0.87673839100006],[-75.66034688099995,0.873311259000047],[-75.6819271199999,0.856908231000091],[-75.71215795199993,0.862384830000053],[-75.73095364399995,0.858704557000067],[-75.7622797969999,0.837762037000061],[-75.77064804199995,0.863830656000061],[-75.80017786999991,0.895733675000088],[-75.8141761679999,0.89299118200006],[-75.82852475599992,0.873841751000043],[-75.85659685199994,0.885003548000043],[-75.86750185299991,0.922077528000045],[-75.89491347499995,0.935325182000042],[-75.9091796749999,0.97305921800006],[-75.94692800599995,0.982914446000052],[-75.93199987299994,0.993886123000038],[-75.92096654199992,1.02225945400005],[-75.92334159099994,1.032291994000047],[-75.94905764599991,1.031513959000051],[-75.9862461429999,1.070088699000053],[-76.0008060209999,1.067855914000063],[-75.98576579999991,1.049778254000046],[-75.99588056999994,1.027551530000039],[-76.00494350699995,1.054666300000065],[-76.0199165709999,1.047760487000062],[-76.03850852499994,1.052786454000056],[-76.04924769099995,1.046225666000055],[-76.08495151599993,1.057551880000062],[-76.08130819299993,1.065661152000075],[-76.09192052599991,1.071155809000061],[-76.10081225099992,1.068114368000067],[-76.1029545419999,1.078729925000061],[-76.12407747999993,1.087605416000088],[-76.12341139799992,1.10064410800004],[-76.14777007799995,1.099525767000046],[-76.15950694799994,1.116163262000043],[-76.16484015099991,1.106666706000055],[-76.17120306999993,1.111034991000054],[-76.18420087399994,1.104860306000091],[-76.21215040399994,1.116741575000049],[-76.2148209959999,1.108344570000042],[-76.2334226989999,1.122591593000038],[-76.25185719199993,1.119426752000038],[-76.27421287399994,1.132220816000086],[-76.28709787199995,1.157820422000043],[-76.2850815189999,1.171229262000054],[-76.29266934999993,1.178988103000052],[-76.3027042889999,1.176629391000063],[-76.29487921899994,1.184686016000057],[-76.29994933699993,1.192437994000045],[-76.28953981799992,1.208407745000045],[-76.30620276899992,1.229148516000066],[-76.27680630399993,1.264658270000041],[-76.25369085699992,1.275915544000043],[-76.25240894099994,1.289044276000084],[-76.2441351789999,1.293037118000086],[-76.24637887599994,1.301328044000059],[-76.23240043999994,1.307985826000049],[-76.22463986999992,1.323207136000065],[-76.21417668899994,1.320368127000052],[-76.21382478599992,1.330132216000038],[-76.2230062239999,1.337885638000046],[-76.20344641199995,1.354134899000087],[-76.19563099499993,1.40989210400005],[-76.2011665359999,1.422269585000038],[-76.19273126099995,1.421145385000045],[-76.18568609999994,1.442283257000042],[-76.17583129899992,1.451055049000047],[-76.17849035799992,1.459831819000044],[-76.18647809299995,1.459567054000047],[-76.18378748999993,1.488204290000056],[-76.1491688509999,1.536861824000084],[-76.1571858829999,1.575520037000047],[-76.16974681499994,1.58798157800004],[-76.12437813399993,1.566068917000052],[-76.11981589599992,1.552125171000057],[-76.0903200969999,1.568200811000054],[-76.08744749399995,1.577151153000045],[-76.07457936899993,1.584832056000039],[-76.03437752899993,1.582767257000057],[-76.0060270969999,1.614751002000048],[-75.99406316699992,1.614751002000048],[-75.98084779899995,1.624355933000061],[-75.97999357299994,1.65758986600008],[-75.9526511869999,1.663800256000059],[-75.93370260599994,1.692964438000047],[-75.9235105539999,1.69634503900005],[-75.91223660499992,1.711959046000061],[-75.89995322999994,1.717104930000062],[-75.87334133999991,1.714249576000043],[-75.85349373399993,1.725649148000059],[-75.84402044699993,1.722648844000048],[-75.83032024999994,1.747400987000049],[-75.81644967599993,1.753619540000045],[-75.79940296399991,1.749987461000046],[-75.78672043299991,1.763133983000046],[-75.77364823199991,1.762160287000086],[-75.75704869599991,1.776274045000093],[-75.73714924299992,1.782464398000059],[-75.73066979799995,1.823348968000062],[-75.70791263199993,1.83968159200009],[-75.70197350299992,1.866207816000042],[-75.68962168199994,1.879438004000065],[-75.65968571299993,1.891049388000056],[-75.65175862299992,1.901053837000063],[-75.64126868799991,1.922543933000043],[-75.64737902799993,1.935774461000051],[-75.64103852599993,1.958031067000093],[-75.62392716599993,1.974804410000047],[-75.61613604899992,1.997007418000067],[-75.58805904699994,2.011118373000045],[-75.58436028799991,2.03116551100004],[-75.56982975799991,2.041384450000066],[-75.57161911599991,2.049741118000043],[-75.55541314399994,2.069250586000067],[-75.55414013299992,2.080326982000088],[-75.54099361099992,2.089749644000051],[-75.53498428099994,2.11766072100005],[-75.50137201299992,2.122988336000049],[-75.48662728699992,2.135240576000058],[-75.44236401199993,2.147015310000086],[-75.42627104999991,2.188126655000076],[-75.43965742599994,2.220711411000082],[-75.4334623389999,2.23241386400008],[-75.41040519599994,2.245648227000061],[-75.41332148399994,2.250668024000049],[-75.39053827499993,2.293714217000058],[-75.3944704999999,2.302270428000043],[-75.38855687199992,2.312624407000044],[-75.3717720919999,2.32605032400005],[-75.35877700499992,2.320020072000091],[-75.34808738599992,2.323784419000049],[-75.32962409999993,2.365308385000048],[-75.31014718699993,2.361613165000051],[-75.28982344799994,2.389173376000088],[-75.27954463799995,2.422712473000047],[-75.27053535599993,2.422461941000051],[-75.2595250199999,2.441127649000066],[-75.25058991899994,2.444454098000051],[-75.25334452599992,2.452963432000047],[-75.23109796799991,2.480913322000049],[-75.2271032829999,2.51167035800006],[-75.18055808799994,2.507708338000043],[-75.17263145399994,2.523832735000042],[-75.18139363299991,2.531079014000056],[-75.15755635099993,2.563633338000045],[-75.15413153799994,2.581194713000059],[-75.13269170099994,2.59515138800009],[-75.13402046199991,2.604850694000049],[-75.14952624099993,2.620740647000048],[-75.15552010699992,2.645046838000042],[-75.13333209399991,2.691488891000063],[-75.15409344599993,2.704123761000062],[-75.14681156799992,2.722372114000052],[-75.12282660299991,2.729474804000063],[-75.11438546399995,2.724715884000091],[-75.09628292199994,2.737567750000039],[-75.08785962999991,2.730334188000086],[-75.07471860499993,2.745459187000051],[-75.0703443349999,2.742146321000064],[-75.04111152299993,2.783082101000048],[-75.02648572599992,2.793154583000046],[-75.02027666399994,2.81495529700004],[-74.98895538199992,2.858004808000089],[-74.95579305399991,2.879709919000049],[-74.93569541099993,2.908643175000066],[-74.92041778299995,2.903333431000078],[-74.91062545199992,2.883541824000076],[-74.87833404199995,2.914999953000063],[-74.84541321199993,2.916666755000051],[-74.8368759199999,2.908541555000056],[-74.79916381399994,2.937916759000075]]]}},{"type":"Feature","properties":{"dpto":19,"dpto_nombre":"Cauca"},"geometry":{"type":"Polygon","coordinates":[[[-76.4592208389999,3.328723713000045],[-76.44779143999995,3.317116553000062],[-76.41711606799993,3.310158586000057],[-76.40576297299992,3.29832287000005],[-76.35622630799992,3.288917223000055],[-76.34312841399992,3.28055532500008],[-76.31168831899993,3.280480362000048],[-76.29280169099991,3.286899216000052],[-76.27645702699994,3.27663662100008],[-76.26275114099991,3.282157697000059],[-76.2292590589999,3.276831383000058],[-76.20632559499995,3.258106437000038],[-76.19134096399995,3.227090301000089],[-76.15636074799994,3.236033435000081],[-76.14600698599992,3.222667952000052],[-76.1089911759999,3.227637490000063],[-76.06780702499992,3.21051396900009],[-76.05520555699991,3.223265358000049],[-76.05544134999991,3.210241408000059],[-76.0685636369999,3.195461551000051],[-76.0839890339999,3.203682899000057],[-76.09154231999992,3.198297429000093],[-76.09187260699991,3.175988658000051],[-76.07786008599993,3.164673549000042],[-76.08611653199995,3.155062197000063],[-76.07267881999991,3.14028350600006],[-76.07372391899992,3.122485234000067],[-76.10263816799994,3.109325674000047],[-76.10541139499992,3.100556554000093],[-76.08227232399992,3.090443275000041],[-76.07023321999992,3.066929164000044],[-76.07298183499995,3.049592588000053],[-76.04489847199994,3.043123453000078],[-76.04130435799993,3.015879171000051],[-76.02079984799991,3.003891668000051],[-76.02901388399994,2.978066931000058],[-76.0289934729999,2.940490261000093],[-75.89524152999991,2.855387614000051],[-75.87917940699992,2.833765852000056],[-75.84560256799995,2.842984695000041],[-75.8254325179999,2.838238318000037],[-75.80555201099992,2.819133007000062],[-75.81180211299994,2.779043753000053],[-75.80580667099991,2.76829034800005],[-75.78981214799995,2.758443700000043],[-75.7828484879999,2.763056984000059],[-75.77676605399995,2.754138631000046],[-75.7537534679999,2.745234579000055],[-75.74782424299991,2.719511373000046],[-75.75423708299991,2.712288269000055],[-75.75798069099994,2.680771531000062],[-75.77150211799994,2.677189468000051],[-75.78064276399994,2.659649523000041],[-75.7890891369999,2.65819871900004],[-75.79101917399993,2.630396057000041],[-75.83755865199993,2.567119612000056],[-75.8398743599999,2.558318544000088],[-75.83348219599992,2.551823481000042],[-75.8375083009999,2.540845275000038],[-75.81932678599992,2.519722496000043],[-75.82268281699993,2.494739353000057],[-75.8141156399999,2.483622896000043],[-75.82307074099992,2.483332449000045],[-75.82477218799994,2.476103657000067],[-75.82835390799994,2.480125951000048],[-75.84283331199993,2.466629589000092],[-75.83642281999994,2.460882290000086],[-75.8487391999999,2.458585267000046],[-75.8461357079999,2.45113109600004],[-75.85324382999994,2.454791770000043],[-75.86153302499991,2.427904713000089],[-75.87424262899992,2.426147700000058],[-75.8728002389999,2.43172852400005],[-75.88749726599991,2.425107223000055],[-75.88858415999994,2.434224715000084],[-75.89461837499994,2.433280821000039],[-75.91763206899992,2.457024687000057],[-75.91573586999993,2.471163061000084],[-75.9239955299999,2.481229635000091],[-75.93147070999993,2.478272969000045],[-75.9372822709999,2.488096229000064],[-75.9526905589999,2.48709791400006],[-75.97721133599993,2.504040836000058],[-75.98920865699995,2.47879432600007],[-76.02189805799992,2.44360288200005],[-76.03253500699992,2.402631166000049],[-76.0892478689999,2.41591801900006],[-76.12021528999992,2.390532615000041],[-76.14645181199995,2.294019098000092],[-76.12113532899991,2.224808972000062],[-76.1363036059999,2.220884158000047],[-76.14783691399992,2.201315808000061],[-76.20926970499994,2.198403317000043],[-76.24976430899994,2.246863761000043],[-76.27611413199992,2.271042464000061],[-76.29906426699995,2.282486812000059],[-76.35574311999994,2.270703197000046],[-76.37376724899991,2.27908939200006],[-76.3850928839999,2.268510683000045],[-76.40473178099995,2.200541461000057],[-76.4342627289999,2.187288099000057],[-76.43181902599991,2.17156938100004],[-76.43745834899994,2.161111648000087],[-76.42431416799991,2.131666359000064],[-76.4309171729999,2.12038771400006],[-76.44829913199993,2.116354527000055],[-76.46742999899993,2.100007628000071],[-76.4806003189999,2.110857973000066],[-76.48741747499992,2.129060849000041],[-76.50322899199995,2.126205498000047],[-76.51340118899992,2.135306933000038],[-76.54180977899995,2.134004358000084],[-76.55338511499991,2.139691803000062],[-76.59055257599994,2.107250717000056],[-76.5772786309999,2.056538745000069],[-76.58606254099993,2.034644092000065],[-76.57384549799991,2.029883918000053],[-76.57251299799992,2.019737895000048],[-76.57923259899991,2.001749171000085],[-76.59234818699991,2.005518236000057],[-76.61067955599992,1.995010536000052],[-76.6246626439999,1.97173943100006],[-76.6211491549999,1.957076702000052],[-76.61046455399992,1.946727195000051],[-76.61928494199992,1.926539779000052],[-76.5950382339999,1.919972466000047],[-76.57872337299995,1.898732409000047],[-76.59205402499992,1.881409459000054],[-76.59030683999993,1.868158246000064],[-76.56927389999993,1.855801830000075],[-76.55675912499993,1.838787083000057],[-76.54423942799991,1.839151174000051],[-76.53044834799994,1.82353745000006],[-76.51128178899995,1.833495492000054],[-76.4689858509999,1.815074253000091],[-76.43512621299993,1.791800325000054],[-76.4209403829999,1.756148284000062],[-76.4303274049999,1.739845807000052],[-76.41845625699995,1.717099459000053],[-76.3826263169999,1.746755556000039],[-76.37190640599994,1.742521897000074],[-76.3753999189999,1.68422765300005],[-76.3822887039999,1.669150501000047],[-76.37668635299991,1.663938062000057],[-76.36346566999993,1.669940603000043],[-76.34833686399992,1.661812071000043],[-76.32559910099991,1.663091669000039],[-76.31722614699993,1.683715306000067],[-76.30497981299993,1.690024182000059],[-76.27233599699991,1.674502507000057],[-76.25322524899991,1.674045601000046],[-76.24225436499995,1.68309129000005],[-76.21155502599993,1.640718521000053],[-76.21193376899993,1.606548463000081],[-76.20066690699991,1.592024042000048],[-76.20239677799992,1.578651473000093],[-76.18312314399992,1.573768817000087],[-76.1699371869999,1.58806224600005],[-76.16098257399995,1.582878655000059],[-76.15216834599994,1.562505930000043],[-76.15630510499994,1.55374007100005],[-76.14894815199995,1.548928388000093],[-76.14940218599992,1.535932027000058],[-76.18383750999993,1.487969845000066],[-76.18647809299995,1.459567054000047],[-76.17849035799992,1.459831819000044],[-76.17588131199994,1.450837349000039],[-76.18568609999994,1.442283257000042],[-76.19273126099995,1.421145385000045],[-76.2011665359999,1.422269585000038],[-76.19563099499993,1.40989210400005],[-76.20344641199995,1.354134899000087],[-76.2230062239999,1.337885638000046],[-76.21382478599992,1.330132216000038],[-76.21417668899994,1.320368127000052],[-76.22463986999992,1.323207136000065],[-76.23240043999994,1.307985826000049],[-76.24637887599994,1.301328044000059],[-76.2441351789999,1.293037118000086],[-76.25240894099994,1.289044276000084],[-76.25369085699992,1.275915544000043],[-76.27680630399993,1.264658270000041],[-76.30314994299994,1.236244583000087],[-76.3062151709999,1.228630581000061],[-76.28945474099993,1.20602152500004],[-76.29948954299994,1.193671042000062],[-76.29487921899994,1.184686016000057],[-76.30272264099995,1.176715721000051],[-76.29266934999993,1.178988103000052],[-76.2850815189999,1.171229262000054],[-76.2804594779999,1.137911214000042],[-76.26009265399995,1.122491551000053],[-76.23360689499992,1.122663420000038],[-76.2148209959999,1.108344570000042],[-76.21363612399995,1.116359209000052],[-76.2037421359999,1.115841873000079],[-76.18380274599991,1.10481831900006],[-76.17120306999993,1.111034991000054],[-76.16484015099991,1.106666706000055],[-76.15972085699991,1.11621118000005],[-76.14777007799995,1.099525767000046],[-76.1235711459999,1.100759037000046],[-76.12407747999993,1.087605416000088],[-76.1029545419999,1.078729925000061],[-76.10129148999994,1.068459159000042],[-76.09192052599991,1.071155809000061],[-76.08085185499993,1.065098095000053],[-76.09346608299995,1.050242687000093],[-76.08137766899995,1.04527826900005],[-76.07490769899994,1.028393811000058],[-76.09024830599992,1.019054999000048],[-76.10397565599993,1.025226433000057],[-76.12530236299995,1.006601483000054],[-76.16685894799991,1.030105042000059],[-76.1837014059999,1.026127638000048],[-76.1830803069999,1.013219193000054],[-76.19278185499991,1.009745141000053],[-76.20328870399993,1.017774102000089],[-76.20881599699993,1.005360402000065],[-76.20431002999993,1.000094758000046],[-76.1926970419999,1.006317697000043],[-76.19059380399995,0.993433483000047],[-76.20498899699993,0.97976460700005],[-76.23641736299993,0.98204122900006],[-76.23569619799991,0.964531991000058],[-76.24484997299993,0.968833223000047],[-76.2498623539999,0.981422710000061],[-76.26668760099994,0.969420653000043],[-76.27601534099995,0.983689655000092],[-76.29486138999994,0.961445878000063],[-76.31217691899991,0.965776943000094],[-76.32876953699991,0.958028630000058],[-76.33513439699993,0.980594311000061],[-76.34463023799992,0.97540489000005],[-76.3706551169999,0.98390310800005],[-76.38345345399995,0.975107526000045],[-76.40171466499993,0.979936151000061],[-76.4095671579999,0.962264488000073],[-76.42564720599995,0.960393469000053],[-76.44527935399992,0.969585005000056],[-76.44541388199991,0.981212266000057],[-76.4663745599999,0.998510400000043],[-76.4834264779999,1.004642183000044],[-76.4934557169999,1.028179560000069],[-76.54496998499991,1.037670646000038],[-76.55566173999995,1.069408281000051],[-76.56380268599992,1.073363619000077],[-76.5609650849999,1.084896380000089],[-76.56811972299994,1.082572857000059],[-76.5613558789999,1.095339352000053],[-76.56803913199991,1.103399831000047],[-76.55353577499994,1.112614974000053],[-76.5489672839999,1.123101104000057],[-76.55089827599994,1.141937301000041],[-76.5372342679999,1.20919710000004],[-76.54345221699992,1.222616003000041],[-76.56570961299991,1.238546235000058],[-76.56337809799993,1.247886910000091],[-76.57388123299995,1.256924703000038],[-76.57376702199991,1.282714257000066],[-76.58601648699994,1.300631595000084],[-76.57096877999993,1.328000154000051],[-76.58430580099991,1.343548440000063],[-76.5773755219999,1.348715965000054],[-76.5795729269999,1.374094791000061],[-76.57401904599993,1.385757943000044],[-76.59185771999995,1.39122450800005],[-76.60126026599994,1.413408102000062],[-76.61328544699995,1.423337464000042],[-76.62437151799992,1.422627406000061],[-76.63289221799994,1.430083019000051],[-76.6459595799999,1.455542047000051],[-76.67661806399991,1.466181464000044],[-76.69722120599994,1.443986419000055],[-76.77958796599995,1.409926526000049],[-76.80046596999995,1.408288810000045],[-76.87243617899992,1.37088407400006],[-76.88664715199991,1.371923694000088],[-76.91260018999992,1.34323676200006],[-76.9207442949999,1.345688617000064],[-76.93180291699991,1.385798519000048],[-76.93193879699993,1.39930584800004],[-76.91825425499991,1.42966350100005],[-76.92892711399992,1.500486126000055],[-76.91274688399994,1.500515362000044],[-76.88763908599992,1.523021783000047],[-76.85860744599995,1.522467856000048],[-76.85140715599994,1.534526142000061],[-76.85753452599994,1.564038589000063],[-76.84287114599994,1.582003143000065],[-76.8336805369999,1.609739129000047],[-76.85451312899994,1.637677128000064],[-76.86487711099994,1.637765758000057],[-76.89448870299992,1.663422579000041],[-76.9020880139999,1.66237331800005],[-76.91669198699992,1.701730381000061],[-76.93608470399994,1.729002057000059],[-76.96062400599993,1.72209153600005],[-76.96811409599991,1.712412830000062],[-76.98841418299992,1.714803174000053],[-76.99833048199991,1.707327187000089],[-77.0263485399999,1.713971690000051],[-77.0456236579999,1.697796681000057],[-77.05685439199993,1.699051988000065],[-77.0723341819999,1.668956713000057],[-77.13755999199992,1.654930831000058],[-77.14414084399993,1.665123918000063],[-77.1423578799999,1.676782867000043],[-77.15079958599995,1.685644815000046],[-77.16210517899992,1.675841203000061],[-77.19183978199993,1.677457678000053],[-77.23897014999994,1.65734341600006],[-77.25646585099992,1.670885061000092],[-77.2751722349999,1.662179515000048],[-77.28169447499994,1.67370606500009],[-77.28603931399994,1.668291942000053],[-77.29572346399993,1.674033554000061],[-77.2975063209999,1.669708405000051],[-77.33087997899992,1.681512693000059],[-77.29469356099992,1.765996766000058],[-77.30827996199992,1.78730276400006],[-77.30366732599992,1.797499071000061],[-77.31007293999994,1.804204476000052],[-77.2952405609999,1.818862992000049],[-77.28918620999991,1.849048004000053],[-77.28026887099992,1.850867563000065],[-77.27846285999993,1.862185598000053],[-77.25574746699994,1.869695399000079],[-77.24339623199995,1.887856868000085],[-77.24549119799991,1.911329831000046],[-77.2262709659999,1.920376322000038],[-77.21837534399992,1.916973262000056],[-77.21984624599992,1.934000676000039],[-77.21050274299995,1.935731497000063],[-77.20315946799991,1.95203759900005],[-77.22056992599994,1.988187509000056],[-77.25931160999994,1.994098614000052],[-77.27950085099991,2.02076061300005],[-77.30301900899991,2.027033706000054],[-77.30618293999993,2.036142955000059],[-77.33352773199994,2.051361640000039],[-77.33428393699995,2.059797709000065],[-77.3193849779999,2.072446745000093],[-77.30789655099994,2.106141489000038],[-77.31106571899994,2.141958462000048],[-77.30534632099994,2.14560625200005],[-77.31796126299992,2.181920999000056],[-77.30771330199991,2.195728692000046],[-77.31669056099992,2.200681965000058],[-77.3230770209999,2.221996531000059],[-77.35557983299992,2.260326191000047],[-77.3747937999999,2.264206482000077],[-77.38567747299993,2.25594241400006],[-77.43227895299992,2.281848615000058],[-77.45943429599993,2.286177710000061],[-77.46817416699992,2.274982734000048],[-77.47902225899992,2.27368808500006],[-77.47227354799992,2.241319503000057],[-77.48773623099993,2.216080642000065],[-77.48794162199994,2.19525260000006],[-77.52122752699995,2.200003052000056],[-77.54344652899994,2.196346167000058],[-77.55621210999993,2.20251982800005],[-77.57416370099992,2.180668083000057],[-77.60362508299994,2.164709610000045],[-77.6456203699999,2.168544420000046],[-77.66458467699994,2.157896329000039],[-77.69848009799995,2.153613297000049],[-77.73376750299991,2.134042233000059],[-77.7806428799999,2.148378492000063],[-77.80279566699994,2.171429515000057],[-77.83566791599992,2.176604843000064],[-77.84875494999994,2.191190941000059],[-77.8532164419999,2.21183276000005],[-77.84792213999992,2.260593862000064],[-77.86386453199992,2.272752910000065],[-77.88349508399995,2.319461730000057],[-77.88324523499995,2.352714703000061],[-77.89407178499994,2.365599481000061],[-77.90037735599992,2.393641425000055],[-77.91754130499993,2.411506798000062],[-77.9174270929999,2.454559420000066],[-77.92520131099991,2.482009840000046],[-77.91479970899991,2.56976448100005],[-77.91704731199991,2.605481919000056],[-77.9283381539999,2.640404028000091],[-77.90642902499991,2.645772208000039],[-77.91422491799995,2.664130854000064],[-77.90758079599993,2.680433778000065],[-77.8731142609999,2.697540824000043],[-77.84564969299993,2.691514552000058],[-77.8425063169999,2.703892021000058],[-77.81065036599995,2.690958411000054],[-77.80907913699991,2.685002257000065],[-77.78645152899992,2.692484772000057],[-77.79540826699991,2.705438796000067],[-77.79038371999991,2.729961029000037],[-77.80059456999993,2.728710669000066],[-77.79413320299994,2.756081520000066],[-77.78429371499993,2.762600442000064],[-77.77968410499994,2.757328746000042],[-77.76465602399992,2.764998939000066],[-77.75062731699995,2.764099504000058],[-77.73596150999992,2.787545224000041],[-77.76090513399993,2.790934768000056],[-77.76413274099991,2.796264758000063],[-77.73777024299994,2.822685519000061],[-77.72093018999993,2.824892083000066],[-77.71601475299991,2.831228851000049],[-77.69413217199991,2.887549106000051],[-77.69849055199995,2.89793796500004],[-77.68671459899991,2.903867581000043],[-77.69231109099991,2.913544849000061],[-77.6792026409999,2.93414860200005],[-77.6718320889999,2.936349931000052],[-77.66665200299991,2.984248612000044],[-77.68157598199991,2.991610665000053],[-77.70202982799992,2.972505974000057],[-77.69550058699991,2.988695828000061],[-77.6849405399999,2.994692068000063],[-77.69032050099992,2.994209038000065],[-77.69080315199994,3.00075468700004],[-77.65343497799995,3.064818484000057],[-77.62611876699992,3.07762712400006],[-77.57320193399994,3.144435246000057],[-77.54262110199994,3.213675181000042],[-77.51525677199993,3.18739350900006],[-77.50494286599991,3.187216766000063],[-77.49724398799992,3.190770095000062],[-77.49490471399992,3.201222803000064],[-77.50207059299993,3.210491065000042],[-77.49771077499992,3.216449253000064],[-77.48077172299992,3.20901880200006],[-77.47200668799991,3.211528573000066],[-77.4658971689999,3.217608342000062],[-77.46925250999993,3.224941190000038],[-77.46206467199994,3.226700085000061],[-77.47071315699992,3.236963295000066],[-77.45524853599994,3.233451710000054],[-77.4517294389999,3.243190664000053],[-77.43032028999994,3.254073178000056],[-77.4160629559999,3.24299392000006],[-77.40348517799993,3.213232263000066],[-77.39242421999995,3.213805279000042],[-77.38207953499995,3.203387496000062],[-77.38388106299993,3.17742740500006],[-77.36541414499993,3.165954639000063],[-77.3658377779999,3.146511868000061],[-77.34733587199992,3.140084720000061],[-77.33222205899995,3.153542162000065],[-77.33089033399995,3.163484455000059],[-77.32022011799995,3.164521111000056],[-77.31717676099993,3.174220742000045],[-77.2909186999999,3.157087670000067],[-77.27986551399994,3.15937382900006],[-77.2780708919999,3.149158903000057],[-77.28849626899995,3.147099121000053],[-77.28831858399991,3.13862251200004],[-77.2787799319999,3.139542790000064],[-77.27715371099993,3.130869458000063],[-77.27187722999992,3.140955813000062],[-77.26816255599994,3.133503143000041],[-77.2615872099999,3.135143346000064],[-77.25232444099993,3.115159640000059],[-77.2447033549999,3.126311022000039],[-77.2440886249999,3.114867871000058],[-77.23410234399995,3.108080018000067],[-77.23473425299994,3.115760606000038],[-77.22768801399991,3.111538458000041],[-77.21624600099994,3.120399147000057],[-77.21709901999992,3.13599967600004],[-77.20263272099993,3.134074695000038],[-77.19991436799995,3.144142466000062],[-77.19261221999994,3.140314918000058],[-77.19058280199994,3.149811710000051],[-77.17307145299992,3.158720453000058],[-77.17267334199994,3.165339404000065],[-77.15883406499995,3.165123463000043],[-77.15929896499995,3.174311547000059],[-77.14517205999994,3.168422260000057],[-77.13867940599994,3.171626360000062],[-77.12964520199995,3.161248339000053],[-77.10098578999992,3.185272516000055],[-77.08664358199991,3.185793165000064],[-77.08726839999991,3.180481273000055],[-77.06390453599994,3.169211415000063],[-77.03032669599992,3.166968832000066],[-77.01686808099993,3.155079241000067],[-76.9967542629999,3.154809286000045],[-76.98786137899992,3.138616802000058],[-76.97727346799991,3.13463667700006],[-76.97904422099992,3.127336324000055],[-76.97188179499994,3.118785591000062],[-76.93905725399992,3.113824534000059],[-76.9262493679999,3.127658762000067],[-76.92601513599993,3.142607343000066],[-76.91548259299992,3.149464045000059],[-76.90804959899992,3.201370376000057],[-76.86387473099995,3.212639418000037],[-76.8508129299999,3.207330732000059],[-76.80939152099995,3.207540157000039],[-76.77291308199995,3.23370568100006],[-76.7528555369999,3.20993074200004],[-76.7585715699999,3.20054716900006],[-76.73920540299991,3.186136885000053],[-76.74979676599992,3.146217752000041],[-76.73340928099992,3.124887508000086],[-76.72118655699995,3.117018896000047],[-76.69968259199993,3.120198153000047],[-76.68186322699995,3.10256778300004],[-76.6685116189999,3.102885814000047],[-76.66632584399991,3.097978831000091],[-76.65067409699992,3.102087457000039],[-76.64083371099991,3.111198475000037],[-76.64290427899994,3.118618455000046],[-76.62979485699992,3.128414722000059],[-76.62192161799993,3.115933552000058],[-76.6240401149999,3.101757899000063],[-76.61242342899993,3.091604416000052],[-76.60375724799991,3.097025933000054],[-76.5980887149999,3.092088507000085],[-76.59171375199992,3.096703429000058],[-76.59882071999994,3.105098940000062],[-76.59077698199991,3.102295836000053],[-76.59005644299992,3.116424151000047],[-76.57454993399995,3.115316207000092],[-76.57866307199993,3.125092161000055],[-76.57286547099994,3.128768081000089],[-76.5559188869999,3.099491899000043],[-76.5521890629999,3.107406830000059],[-76.53668813899992,3.109882493000043],[-76.53085831899995,3.123562925000044],[-76.52710166899993,3.115741830000047],[-76.51335909099993,3.120764401000088],[-76.53266100899992,3.135689745000093],[-76.51776142999995,3.134485533000088],[-76.52084146499993,3.143426052000052],[-76.51408047699994,3.145480067000051],[-76.51976224099991,3.149732443000062],[-76.50076633999993,3.144011068000054],[-76.50780432699992,3.157282197000086],[-76.50192469699994,3.166581457000063],[-76.49556491499993,3.165974947000052],[-76.49634037099992,3.175431017000051],[-76.48979288399994,3.169924279000043],[-76.48711521899992,3.173837070000047],[-76.49341377399992,3.181793719000041],[-76.49100379899994,3.197511083000052],[-76.49822926299993,3.202051487000062],[-76.49087627199992,3.217382815000065],[-76.48508495999994,3.213131783000051],[-76.4794916539999,3.222310144000062],[-76.47330946999995,3.216069430000061],[-76.47133559799994,3.22646768900006],[-76.46543783999994,3.227501361000066],[-76.47734017599993,3.232577201000083],[-76.47175742099995,3.237684474000048],[-76.47505714999994,3.244687178000049],[-76.46662157899993,3.239737499000057],[-76.47109702999995,3.248405429000059],[-76.46205459099991,3.249216677000049],[-76.47557641999992,3.257710379000059],[-76.46298979799991,3.252238820000059],[-76.45982971199993,3.256307645000049],[-76.46077861399993,3.266281673000037],[-76.47182698299991,3.270753282000044],[-76.47330601099992,3.279812689000039],[-76.48718896799994,3.282453879000059],[-76.4751700299999,3.287656578000053],[-76.49418354099993,3.292847398000049],[-76.48914497399994,3.304962085000057],[-76.47743844899992,3.294030959000054],[-76.47323168499992,3.304971331000047],[-76.4783545969999,3.319253032000063],[-76.4684717159999,3.310691141000063],[-76.4592208389999,3.328723713000045]]]}},{"type":"Feature","properties":{"dpto":20,"dpto_nombre":"Cesar"},"geometry":{"type":"Polygon","coordinates":[[[-73.4794066629999,10.867173370000046],[-73.39316084199993,10.86748639700005],[-73.3735925659999,10.858095085000059],[-73.33754801299995,10.86256445400005],[-73.3123186489999,10.846152620000055],[-73.28993567299995,10.862270424000087],[-73.27994439999992,10.856994297000085],[-73.27715300499995,10.847587488000045],[-73.26499948499992,10.844982151000067],[-73.25153751499994,10.804298799000037],[-73.2593138819999,10.785097027000063],[-73.2524358199999,10.770733101000076],[-73.27505744299992,10.741459940000084],[-73.2778252359999,10.72642766100006],[-73.24831103699995,10.731515418000072],[-73.23705809199993,10.740441098000076],[-73.2295137399999,10.73197538900007],[-73.2151031759999,10.730510307000088],[-73.20762661399993,10.707460895000054],[-73.15741840999993,10.715542876000086],[-73.1572796289999,10.703667297000038],[-73.14614414399995,10.69150836700004],[-73.10409213199995,10.67386233700006],[-73.09832256099992,10.65121438500006],[-73.08219369199992,10.629399482000053],[-73.0893974199999,10.608232693000048],[-73.0850765429999,10.59103064900006],[-73.10166392199994,10.570321117000049],[-73.09538140299992,10.557751156000052],[-73.10589570799993,10.540272626000046],[-73.11483901799994,10.540052286000048],[-73.12337805299995,10.527140934000045],[-73.13755127199994,10.530335090000051],[-73.1395001649999,10.514164754000092],[-73.14948461999995,10.508085021000056],[-73.1448750269999,10.499490021000042],[-73.15605527199995,10.497666671000047],[-73.16052070399991,10.488031343000046],[-73.16801456699994,10.492200138000044],[-73.16398689499994,10.484477638000044],[-73.1749340209999,10.481165230000045],[-73.17069483599994,10.473030833000053],[-73.18167432699994,10.466279092000093],[-73.17788907899995,10.45658185800005],[-73.16868715699991,10.46186706900005],[-73.14233075699991,10.436776226000063],[-73.14431865299991,10.398094298000046],[-73.12742827399995,10.399200104000045],[-73.08446821599995,10.426336161000052],[-73.03685685599993,10.403462345000037],[-73.01617852599992,10.41182165400005],[-73.01045201199992,10.404489638000086],[-72.98674958899994,10.400494219000052],[-72.95764803199995,10.413107964000062],[-72.9425101999999,10.42698200700005],[-72.90075025399995,10.436109721000037],[-72.89419296799991,10.411439235000046],[-72.89971331799995,10.398923271000058],[-72.88760186099995,10.394122708000054],[-72.88575109999994,10.384567270000048],[-72.89237393199994,10.363810559000058],[-72.9006591669999,10.361474445000056],[-72.90787638599994,10.344275001000085],[-72.90646391599995,10.323175371000048],[-72.89609926799994,10.311066684000082],[-72.90698763599994,10.267970448000085],[-72.8971997189999,10.217923246000055],[-72.89966841199993,10.208673089000058],[-72.90927548299993,10.205133645000046],[-72.90820472999991,10.17556883900005],[-72.92199905899992,10.13795699800005],[-72.9114924619999,10.11244051600005],[-72.92198588799994,10.108324048000043],[-72.92574543599994,10.092191304000039],[-72.9546927689999,10.066006524000045],[-72.95898222299991,10.05317171300004],[-72.95290626999991,10.026789439000083],[-72.96319743499993,10.01745005400005],[-72.96118203499992,10.006929266000043],[-72.98421283599993,9.97451942400005],[-72.98059605499992,9.958910157000048],[-72.99915109499995,9.922670967000045],[-72.99336900499992,9.915770529000042],[-72.9815430829999,9.916270216000044],[-72.9887052599999,9.898590820000038],[-72.97721246299994,9.889001592000056],[-72.99296449499991,9.876366657000062],[-72.9720942429999,9.868058766000047],[-72.97094615399993,9.854668350000054],[-72.94353714199991,9.843127966000054],[-72.9571357609999,9.821177438000063],[-72.98786649999994,9.79408727300006],[-73.00585522599994,9.741227546000061],[-73.01702679599993,9.734196241000063],[-73.05507437699993,9.67826701100006],[-73.05814388099992,9.651045974000056],[-73.07698921299993,9.620350927000061],[-73.0775602839999,9.610928263000062],[-73.0677093139999,9.606787999000062],[-73.08127224299994,9.58565838900006],[-73.08469866599995,9.556533785000056],[-73.12688389699991,9.55523966900006],[-73.1450814069999,9.54288179200006],[-73.1766925469999,9.50105086700006],[-73.17395616499994,9.479671410000037],[-73.19720349999994,9.476554319000059],[-73.20307006199994,9.469212491000064],[-73.1873358759999,9.44699427200004],[-73.20215724099995,9.436410132000049],[-73.20743012399993,9.423713328000076],[-73.221231,9.42437957900006],[-73.24106142799991,9.403050088000043],[-73.2479856569999,9.379897934000041],[-73.2608109549999,9.370641832000047],[-73.26447532199995,9.328097067000044],[-73.27361245499992,9.319293062000042],[-73.28265440699994,9.32321917300004],[-73.28874582399993,9.314843470000085],[-73.29838370599992,9.26667354600005],[-73.3165152009999,9.247923393000065],[-73.3332952849999,9.212782441000058],[-73.35621136299994,9.215584923000051],[-73.37170120299993,9.158101386000055],[-73.38227689699994,9.15260661900004],[-73.40310609499994,9.163141953000093],[-73.4116532939999,9.154379651000056],[-73.42947251599992,9.102410104000057],[-73.4179449479999,9.088826419000043],[-73.41193531499994,9.052667528000086],[-73.41855090599995,9.042841947000056],[-73.41647615799991,9.032126941000058],[-73.42332110399991,9.027198849000058],[-73.42277092699993,9.01347449900004],[-73.43929551799994,8.988961055000061],[-73.4302519929999,8.91972340600006],[-73.4373962219999,8.910031512000046],[-73.4256845029999,8.899569219000057],[-73.43288294999991,8.873371459000055],[-73.44727949399993,8.87091945700007],[-73.44825267699991,8.863299080000047],[-73.42982271799991,8.83454097400005],[-73.42454778099994,8.80028253200004],[-73.4119104259999,8.78334391900006],[-73.4146179469999,8.766029819000039],[-73.44027294999995,8.760727406000058],[-73.46268091399992,8.745343123000055],[-73.47133745999992,8.727118293000046],[-73.47176622199993,8.707454445000053],[-73.48957926899993,8.700696160000064],[-73.49676539399991,8.688358856000093],[-73.505022,8.688486368000042],[-73.52154974799993,8.658152460000053],[-73.52158612599993,8.638261668000041],[-73.54220672299994,8.624204895000048],[-73.5521816129999,8.607354641000086],[-73.54197370499992,8.588226942000063],[-73.54737653899991,8.582333169000037],[-73.54719751199991,8.564321207000091],[-73.51809113999991,8.538429694000058],[-73.51499289899994,8.52897611800006],[-73.5318458559999,8.527936232000059],[-73.55461429499991,8.507027547000064],[-73.56752165499995,8.50777196200005],[-73.56820498099995,8.506387099000051],[-73.57253954999993,8.507085627000038],[-73.57565069499992,8.506583558000045],[-73.57658017299991,8.505703013000073],[-73.56878635299995,8.497665150000046],[-73.57772768899991,8.495809958000052],[-73.57622368599993,8.491841832000091],[-73.5613625819999,8.491259469000056],[-73.55932300699993,8.479457779000086],[-73.55266674299992,8.480244621000054],[-73.54770129499991,8.471406184000045],[-73.5227729959999,8.482929072000047],[-73.47767132299992,8.470115005000082],[-73.47329328399991,8.446829542000046],[-73.4879098689999,8.436138074000041],[-73.49695096699992,8.412137475000065],[-73.5299978349999,8.380789827000058],[-73.48805208099992,8.383977217000051],[-73.47118585399994,8.366518409000037],[-73.4561412619999,8.36139274900006],[-73.45849248999991,8.347084055000039],[-73.44182708999995,8.340884840000058],[-73.4342416419999,8.36537658900005],[-73.42546728399992,8.360623110000063],[-73.39316235299992,8.382126309000057],[-73.40176520599994,8.389888123000048],[-73.3971786589999,8.393463414000053],[-73.40428840499993,8.405086269000037],[-73.3989888239999,8.417710656000054],[-73.40939728799992,8.426405703000057],[-73.41439876999993,8.459258384000066],[-73.4024020569999,8.455116643000054],[-73.37035414899992,8.459076246000052],[-73.34176510599991,8.434682851000048],[-73.3392868979999,8.419411470000057],[-73.3515152029999,8.398212135000051],[-73.35067338199991,8.331082009000056],[-73.36908178599992,8.325106283000082],[-73.37666277099993,8.316049284000087],[-73.37408138599994,8.265779820000091],[-73.4051424779999,8.246621909000055],[-73.40703920599992,8.212284529000044],[-73.4167718619999,8.188602565000053],[-73.42908144499995,8.179417657000045],[-73.43536356299995,8.145169770000052],[-73.41811629799992,8.134048738000047],[-73.40416842399992,8.11205368900005],[-73.3850682289999,8.11196714600004],[-73.3775729269999,8.105542598000056],[-73.36878207199993,8.068213437000054],[-73.3748440299999,8.051549787000056],[-73.36702559899993,8.012629641000046],[-73.3323631319999,8.021630921000053],[-73.32349967199991,8.014097340000092],[-73.30928882699993,8.015515332000064],[-73.29836207599993,7.985009370000057],[-73.28193957699995,7.993373775000066],[-73.27513375199993,7.957765780000045],[-73.27861842999994,7.936208907000093],[-73.30258456399991,7.922675605000052],[-73.30333438399992,7.906592188000047],[-73.33340059099993,7.907278363000046],[-73.35168972399993,7.892450345000043],[-73.34985113099992,7.872316984000065],[-73.3555395809999,7.860383845000058],[-73.34682802399993,7.848473678000062],[-73.34924628999994,7.827002059000051],[-73.3430953319999,7.812147918000051],[-73.34858386099995,7.811314175000064],[-73.35420393499993,7.789752270000065],[-73.39101712799993,7.754845322000051],[-73.40601200399993,7.72976628400005],[-73.40343758599994,7.724082013000043],[-73.41023153399993,7.725043585000037],[-73.40774785699995,7.719125405000057],[-73.43930719999992,7.696547152000051],[-73.4627429969999,7.692269357000043],[-73.46680075799992,7.684601999000051],[-73.49062226099994,7.674350064000066],[-73.50805821699993,7.682024889000047],[-73.52181642199992,7.707428536000066],[-73.5303871619999,7.704061675000048],[-73.55134152099993,7.711910796000041],[-73.55877117599994,7.728235262000055],[-73.5882228019999,7.741325969000059],[-73.6140295269999,7.741692711000042],[-73.63354791199993,7.749258225000062],[-73.75762032099993,7.750589345000037],[-73.76179435899991,7.75997602700005],[-73.75617848399992,7.763654434000046],[-73.76345389199992,7.767092053000056],[-73.75992202899994,7.773491691000061],[-73.74057665999993,7.776749500000051],[-73.73747613499995,7.784498192000058],[-73.75087546999993,7.803042118000064],[-73.75116788199995,7.819740443000057],[-73.74361432299992,7.830808051000076],[-73.73090513099993,7.83788757700006],[-73.72478309899992,7.834626445000083],[-73.72069244199992,7.840826413000059],[-73.72510051699993,7.848718180000049],[-73.71862387399995,7.847414350000065],[-73.70991054799993,7.863065647000042],[-73.69290672199992,7.871578645000056],[-73.68981623999991,7.884110041000042],[-73.6713845669999,7.891225573000042],[-73.67077797199994,7.903500484000062],[-73.67782172999995,7.913767862000043],[-73.67444070099992,7.941673209000044],[-73.68388552999994,7.939688172000047],[-73.68285345399994,7.951749351000046],[-73.69707576999991,7.950596927000049],[-73.7083952879999,7.96982358200006],[-73.72355879799994,7.967827266000086],[-73.71957428999991,7.983688734000054],[-73.72785069199995,7.985943384000052],[-73.71922717399991,7.989581883000085],[-73.72727967399993,7.991397367000047],[-73.7207466559999,7.997468239000057],[-73.72565268099993,8.007059276000064],[-73.7211689209999,8.01058912800005],[-73.7370941179999,8.023736343000053],[-73.73367640499993,8.035120878000043],[-73.74982938099993,8.044267897000054],[-73.74272359499992,8.051489322000066],[-73.76447512999994,8.063556548000065],[-73.77329654999994,8.092184773000042],[-73.79142251399992,8.102805377000038],[-73.78803415099992,8.107776594000086],[-73.77540542999992,8.103411042000062],[-73.76961247499992,8.116511753000054],[-73.77955551699995,8.20812871600009],[-73.76218931299991,8.260323424000092],[-73.75026665099995,8.271879640000066],[-73.76032724099991,8.299872527000048],[-73.74674994299994,8.316851220000046],[-73.75763235799991,8.334247863000087],[-73.74847419899993,8.36268399700009],[-73.7460043129999,8.462057962000074],[-73.77430153299991,8.49705466100005],[-73.78020328899993,8.514579921000063],[-73.7749044329999,8.560550085000045],[-73.78274458099992,8.566419549000045],[-73.79836483499992,8.608617888000083],[-73.81403273199993,8.624966530000052],[-73.81795044199993,8.638683429000082],[-73.82028966099995,8.661899541000082],[-73.80888368399991,8.696108988000049],[-73.81578653499992,8.721261494000089],[-73.81025580599993,8.733171104000064],[-73.78927067699993,8.749205325000048],[-73.79527715599994,8.816771947000063],[-73.86003248899993,8.878741693000052],[-73.87336489799992,8.911815277000073],[-73.86312746699991,8.94655599300006],[-73.83210833399994,8.979427581000039],[-73.83639012899994,8.984043908000046],[-73.8258439029999,9.000703032000047],[-73.82580164299992,9.022713163000049],[-73.80824798499992,9.028078563000065],[-73.8110431689999,9.037158349000038],[-73.80269097199994,9.036525322000045],[-73.80982164699992,9.044635203000041],[-73.79636580599993,9.045945888000062],[-73.79770706999994,9.057355374000053],[-73.86106503999991,9.109165700000062],[-73.8753256789999,9.130541569000059],[-73.87549764999994,9.145983825000087],[-73.86193143799994,9.17057569900004],[-73.86662226099992,9.182968076000066],[-73.87890851899994,9.185847992000049],[-73.89282930299993,9.173587285000053],[-73.96203268199991,9.187675889000047],[-73.95594135699992,9.196243042000049],[-73.96572677299991,9.21781812000006],[-73.9494521279999,9.237385275000065],[-73.94279143699993,9.289562938000074],[-73.95785093899991,9.303765198000065],[-73.97886044099994,9.30596584500006],[-73.99169077199991,9.324019728000053],[-73.98394509099995,9.382950161000053],[-73.97809479299991,9.389381326000091],[-73.99057736399993,9.397668727000053],[-74.00834726699992,9.398881722000056],[-74.03401152299995,9.424034755000037],[-74.0492580049999,9.424443188000055],[-74.09741046999994,9.476703047000058],[-74.12078672699994,9.480133967000086],[-74.13915998999994,9.49377996000004],[-74.11940942899992,9.504000072000053],[-74.11125409199991,9.51820936100006],[-74.1035960879999,9.517950221000092],[-74.09523541599992,9.536123455000052],[-74.06591440499994,9.567804771000056],[-74.05367237999991,9.566776667000056],[-74.03673941799991,9.59132259100005],[-74.01029304199994,9.58959182600006],[-74.01036338799992,9.595641148000084],[-74.00396235799991,9.595359783000049],[-73.98926109599995,9.579814430000056],[-73.98454824799995,9.586567161000062],[-73.94879120099995,9.591044572000044],[-73.91870684799994,9.605611331000091],[-73.90979166299991,9.60175998200009],[-73.89339731599995,9.616429467000046],[-73.88226845699995,9.61403189400005],[-73.87938423799994,9.600862280000058],[-73.86789294899995,9.600995157000057],[-73.80326414799993,9.63641657900007],[-73.81074451199993,9.661716561000048],[-73.80741078599993,9.672019763000037],[-73.81202097899995,9.672114792000059],[-73.81465846899994,9.685530725000092],[-73.81039765799994,9.696457323000061],[-73.83901967399993,9.73102429000005],[-73.82743345699993,9.75293720400009],[-73.8417921169999,9.797342872000058],[-73.86680246299994,9.81063570300006],[-73.86696162599992,9.815953121000064],[-73.87440365599991,9.812731381000049],[-73.8862882219999,9.833424709000042],[-73.89496343699994,9.832090919000052],[-73.90437367999994,9.861254772000052],[-73.92285014099991,9.876933458000053],[-73.9222835029999,9.885606995000046],[-73.93698127999994,9.906729935000044],[-73.95013690199994,9.913524205000044],[-73.9526661239999,9.92693513100005],[-74.00183122199991,9.940197453000053],[-74.01175835299995,9.976095317000045],[-74.03198965699994,9.991143486000055],[-74.03709107799995,10.006383008000057],[-74.05109341699995,10.010254521000093],[-74.06178034899995,10.041601335000053],[-74.08297557899994,10.067102800000043],[-74.08402864199991,10.074111567000045],[-74.06730156899994,10.098062859000038],[-74.07441369599991,10.120145100000059],[-74.06291073599994,10.12880646800005],[-74.0604132279999,10.14036883700004],[-74.06572920499991,10.16652160700005],[-74.038932,10.201534209000044],[-74.04071195199992,10.220034311000063],[-74.01037084799992,10.236252128000046],[-74.0123213839999,10.252252861000045],[-74.00066950799993,10.265655893000087],[-73.96509243699995,10.288102543000093],[-73.96313530899994,10.30863750800006],[-73.95772583199994,10.30973989100005],[-73.96329146599993,10.315779515000088],[-73.9555217219999,10.32607445900004],[-73.96132195899992,10.336777424000047],[-73.93288132799995,10.355225293000046],[-73.9328663519999,10.36582095500006],[-73.91707781299993,10.378419480000048],[-73.90069492399994,10.381091326000046],[-73.88393193999991,10.393660705000059],[-73.88401153599995,10.387523653000073],[-73.86740859899993,10.394566070000053],[-73.8565193849999,10.387941265000052],[-73.8428107599999,10.40094130700004],[-73.83052017199992,10.402644615000042],[-73.81807377799993,10.385117052000055],[-73.80648186399992,10.396357015000092],[-73.7926953729999,10.391873993000047],[-73.78598510599994,10.398335590000045],[-73.7790307059999,10.396173316000045],[-73.76530225999994,10.413556912000047],[-73.75355365799993,10.41621013200006],[-73.7462784409999,10.431273762000046],[-73.74067435099994,10.429441413000063],[-73.74071798299991,10.435749348000058],[-73.70417396199991,10.430109517000062],[-73.69943676399993,10.439374071000088],[-73.7045949219999,10.443039758000054],[-73.6991668419999,10.451350693000052],[-73.70331999699994,10.463598683000043],[-73.68551759399992,10.46445559600005],[-73.66162305099994,10.45482428300005],[-73.65226327499994,10.460454997000056],[-73.64391931099993,10.468626181000047],[-73.65321603799993,10.476852576000056],[-73.64480497699992,10.483161462000055],[-73.64805444799993,10.491278364000038],[-73.63983595099995,10.500767711000037],[-73.62945601299992,10.494608240000048],[-73.6014704239999,10.500620498000046],[-73.59235596399992,10.49383911700005],[-73.58443355799994,10.50186388800006],[-73.56309699399992,10.503811935000044],[-73.57047412799994,10.541776799000047],[-73.59045716199995,10.549091742000087],[-73.59783529899994,10.562299134000057],[-73.61342951699993,10.564226379000047],[-73.59594421899993,10.58511793200006],[-73.59429248399994,10.601989564000064],[-73.60120074399993,10.613959713000042],[-73.59535931199991,10.63094314500006],[-73.59850005399994,10.63957756700006],[-73.61688143999993,10.644687933000057],[-73.61165902399995,10.67273719900004],[-73.5966860879999,10.685801987000048],[-73.59378546999994,10.705264796000051],[-73.58291392199993,10.716716507000058],[-73.57534424999994,10.712086876000058],[-73.56313152799993,10.715958865000061],[-73.5647421999999,10.725961735000055],[-73.55824835699991,10.731980115000056],[-73.56231565799993,10.740852488000087],[-73.5419073409999,10.754718293000053],[-73.57373832299993,10.766506635000042],[-73.5889943219999,10.781709465000063],[-73.61256486499991,10.788653479000061],[-73.63866211899995,10.787793090000036],[-73.63380828599992,10.797730732000048],[-73.63873618199995,10.80214714400006],[-73.62056256499994,10.822576836000053],[-73.58457083199994,10.84210487100006],[-73.51979317399991,10.847671655000056],[-73.4794066629999,10.867173370000046]]]}},{"type":"Feature","properties":{"dpto":23,"dpto_nombre":"Córdoba"},"geometry":{"type":"Polygon","coordinates":[[[-75.88119088299993,9.423628172000065],[-75.8501010459999,9.427108697000051],[-75.84946399199993,9.420650600000045],[-75.83226382099991,9.42991223100006],[-75.82199846599991,9.422612427000047],[-75.81655135199992,9.431123900000046],[-75.7939181079999,9.429343174000053],[-75.79150581199991,9.409866330000057],[-75.7932352709999,9.415196477000052],[-75.7977776969999,9.410009356000046],[-75.81379840199992,9.418432043000053],[-75.83435694899993,9.408230157000048],[-75.83668236299991,9.404569535000064],[-75.83087189199995,9.40348328500005],[-75.8376940519999,9.398689193000052],[-75.82523271199994,9.39338278200006],[-75.8223338279999,9.399537081000062],[-75.81295543699991,9.397076471000048],[-75.80512616699991,9.402826277000088],[-75.80214584299995,9.395662947000062],[-75.78420338099994,9.392998762000047],[-75.7775802999999,9.396481871000049],[-75.7797282489999,9.403347612000061],[-75.76420598399994,9.404037325000047],[-75.7457537489999,9.421292290000054],[-75.70090910999994,9.41352310600007],[-75.70602558899992,9.406738185000052],[-75.70149930299993,9.396258543000044],[-75.7044041019999,9.372208409000052],[-75.68920300399992,9.364606741000046],[-75.67983268699993,9.344594615000062],[-75.67150252099992,9.343088907000038],[-75.66100965099992,9.361146728000051],[-75.64882663399993,9.362379298000064],[-75.64095922799993,9.348877522000066],[-75.62587714599994,9.353087255000048],[-75.61367153799995,9.331290728000056],[-75.59972095499995,9.325432902000045],[-75.5876652199999,9.302527141000041],[-75.5908341839999,9.296509035000042],[-75.59832048299995,9.302444869000055],[-75.60301106199995,9.29940864300005],[-75.6093671289999,9.280988187000048],[-75.58423569099995,9.272962344000064],[-75.56932665699992,9.279685923000045],[-75.54833755499993,9.259783663000064],[-75.51656441799992,9.264521737000052],[-75.51230741899991,9.258100528000057],[-75.5078588579999,9.273371043000054],[-75.50169359299991,9.282895956000061],[-75.49657144199995,9.285696683000083],[-75.49943137899993,9.27485529900008],[-75.49073432599994,9.273658589000092],[-75.49976909499992,9.259515879000048],[-75.4829331389999,9.25580194400004],[-75.48065580899993,9.248390147000066],[-75.45733588999991,9.237595010000064],[-75.46620361099991,9.208508821000066],[-75.45441675199993,9.17601050400009],[-75.46740127399994,9.164747779000038],[-75.44885677499991,9.140080697000087],[-75.43375412599994,9.140818067000055],[-75.42828862399995,9.151454757000067],[-75.41644154999994,9.14445492100009],[-75.4131667289999,9.150997759000063],[-75.41052040299991,9.144818968000038],[-75.39086624499993,9.161267825000039],[-75.3787685769999,9.148499684000058],[-75.3816888959999,9.138074361000065],[-75.35554984999993,9.13669554200004],[-75.35593911599994,9.128705212000057],[-75.34647944499994,9.123746519000065],[-75.32815242999993,9.131296433000045],[-75.32099611099994,9.115626813000063],[-75.31007915799995,9.117559545000063],[-75.30997483199991,9.08879534600004],[-75.29356596199995,9.096201573000087],[-75.2991265519999,9.082513646000052],[-75.28725008499993,9.081382132000044],[-75.28108523199995,9.072889438000061],[-75.27137312699995,9.076762497000061],[-75.23618911999995,9.067119165000065],[-75.2236986989999,9.07272953000006],[-75.2071789499999,9.04427607100007],[-75.21189518499995,9.035277302000054],[-75.20372247899991,9.014356453000062],[-75.2075788699999,9.006669095000063],[-75.18637178799992,8.986416615000053],[-75.18783417499992,8.96748001900005],[-75.18037279899994,8.967236592000063],[-75.15610851399992,8.94359735200004],[-75.1676589089999,8.944463015000053],[-75.17174922599992,8.92827826000007],[-75.18797468899993,8.94417364800006],[-75.19203064999994,8.936017861000039],[-75.18052412999992,8.929685866000057],[-75.18634496699991,8.91425015200008],[-75.20012153099992,8.921745584000064],[-75.20359073999992,8.915395697000065],[-75.21698806599994,8.915760892000037],[-75.24464619699995,8.88226581500004],[-75.26523059999994,8.895488165000074],[-75.27268860099991,8.913643315000058],[-75.27778160499992,8.903549679000037],[-75.28337834699994,8.906360446000065],[-75.29318235099993,8.897345428000051],[-75.2871853609999,8.890040913000064],[-75.30184675499993,8.864655085000038],[-75.29976252599994,8.857992822000085],[-75.31904027299993,8.858220729000038],[-75.3316324299999,8.86554061600009],[-75.33573085599994,8.853380281000057],[-75.35083513299992,8.850438501000042],[-75.34849853199995,8.842665275000059],[-75.37161046499995,8.826524067000037],[-75.36884514099995,8.791225195000038],[-75.33555204399994,8.77157683300004],[-75.33929054499993,8.765918485000043],[-75.32418662899994,8.755530959000055],[-75.32373055699992,8.747488822000037],[-75.33144918999994,8.745855565000056],[-75.32967512499994,8.72563600500007],[-75.34317281999995,8.71519009900004],[-75.33586720199992,8.711336739000046],[-75.34026327799995,8.705681067000057],[-75.33674818299994,8.696180491000064],[-75.34911049499993,8.70074879300006],[-75.35445277899993,8.694527577000088],[-75.34828069399993,8.690736361000063],[-75.35198545899993,8.680051156000047],[-75.35961557999991,8.67969686300006],[-75.35146076299992,8.657985737000047],[-75.34536631199995,8.658625706000066],[-75.3460391719999,8.649310523000054],[-75.33896834099994,8.646015284000043],[-75.33749370699991,8.627035962000093],[-75.31834414799994,8.590370119000056],[-75.31775943699995,8.574224463000064],[-75.3303186309999,8.552782320000063],[-75.32251031299995,8.547158986000056],[-75.32640510399995,8.534413137000058],[-75.31568794799995,8.536961356000063],[-75.30431116799991,8.517750177000039],[-75.31436382299995,8.502373041000055],[-75.3069006149999,8.496568535000051],[-75.28669708699994,8.499453416000051],[-75.2733552549999,8.488187163000077],[-75.24140008299992,8.48728176700007],[-75.23558920499994,8.477945160000047],[-75.24153050899992,8.471380022000062],[-75.23194088199995,8.46792524500006],[-75.21629346599991,8.485366484000053],[-75.19245410499991,8.443412805000037],[-75.21139732899991,8.425335695000058],[-75.19646520499992,8.421354458000053],[-75.19611210999994,8.409032710000076],[-75.18513926499992,8.396640496000089],[-75.15656196099991,8.418995284000061],[-75.15653536799994,8.433321503000059],[-75.13620608899993,8.429929830000049],[-75.1398641259999,8.434182354000086],[-75.1297087399999,8.450666985000055],[-75.13484712999991,8.459927784000058],[-75.12804612199994,8.468282917000067],[-75.0852614719999,8.465838507000058],[-75.0623765169999,8.453264020000063],[-75.05634467599992,8.466002767000077],[-75.0468845499999,8.466712311000038],[-75.04087305599995,8.458474826000042],[-75.03279531399994,8.470902795000086],[-75.03348733699994,8.498919395000087],[-75.0240998459999,8.49702619900006],[-75.00761488299992,8.510983925000062],[-75.0057208579999,8.522802908000074],[-74.9939054859999,8.509516137000048],[-74.92599402799993,8.49960767500005],[-74.92745177699993,8.453343680000046],[-74.89976758099994,8.454291222000052],[-74.89259628899993,8.438847445000079],[-74.88274929999994,8.434936758000049],[-74.88619803699993,8.430978486000072],[-74.87544610599991,8.404359947000046],[-74.8582903059999,8.39641006000005],[-74.85227455299992,8.38471058500005],[-74.84030824199994,8.393989227000077],[-74.83935345899994,8.384697806000077],[-74.83012850699993,8.390504217000057],[-74.80553387599991,8.382574987000055],[-74.80373704099992,8.368808711000042],[-74.81312695399993,8.364545520000092],[-74.81933992699993,8.371411303000059],[-74.82802366199991,8.359747601000038],[-74.79555674099993,8.32820244800007],[-74.80029923899991,8.31940290600005],[-74.7888194439999,8.312889944000062],[-74.79807203699994,8.30799950900007],[-74.8005573829999,8.296213873000056],[-74.7946971259999,8.28190614600004],[-74.78094539299991,8.277881791000084],[-74.79513135099995,8.268924325000057],[-74.80877299799994,8.274282127000049],[-74.80727058399992,8.25894044100005],[-74.7949197129999,8.246557221000046],[-74.8170719819999,8.224695785000051],[-74.82583417899991,8.23004417900006],[-74.8329758889999,8.222994518000064],[-74.83058344599993,8.199945329000059],[-74.8608381009999,8.201150699000038],[-74.86787587799995,8.196067862000064],[-74.86711042499991,8.159158407000064],[-74.87472946499992,8.155664328000057],[-74.89384840499991,8.115735160000042],[-74.91156468699995,8.103612049000049],[-74.9279278379999,8.074597633000053],[-74.95443507599992,8.07860463500009],[-74.96835927799992,8.09057864500005],[-74.98991255099992,8.07483349100005],[-75.01343621799992,8.070625152000048],[-75.02386950399995,8.055088399000056],[-75.04255634099991,8.050558418000037],[-75.04740590699993,8.042404004000048],[-75.08089259399992,8.053219658000046],[-75.08195923399995,8.063612854000041],[-75.09299764699995,8.070596875000092],[-75.10075085799991,8.05570106500005],[-75.12550815399993,8.040137067000046],[-75.13354406699995,8.05392669400004],[-75.15257952199994,8.050528993000057],[-75.15913972299995,8.05554066700006],[-75.1876558649999,8.044288645000051],[-75.1955991239999,8.056215227000052],[-75.2090234389999,8.056935141000054],[-75.21948123399994,8.06805331600009],[-75.22676154899995,8.062976714000058],[-75.23050117899993,8.052982107000048],[-75.24705961299992,8.042105461000062],[-75.2358160849999,8.029131050000046],[-75.24402757599995,8.007604296000068],[-75.26685873399992,7.999321803000043],[-75.29179049399994,7.960168668000051],[-75.30928456999993,7.947435993000056],[-75.32679787899991,7.943513757000062],[-75.33671572499992,7.948100173000057],[-75.3291459969999,7.926935502000049],[-75.3354253409999,7.92095497300005],[-75.34675432499995,7.874967567000056],[-75.4043481029999,7.85752788800005],[-75.40537832799993,7.841833869000084],[-75.41614583699993,7.839057197000045],[-75.42243627099992,7.819389264000051],[-75.4329594109999,7.819234511000047],[-75.4586580109999,7.833844361000047],[-75.4655698869999,7.827691737000066],[-75.46737727499993,7.820664503000046],[-75.4556517709999,7.809047415000066],[-75.45434692099991,7.797536649000051],[-75.47728839399991,7.773308403000044],[-75.47932004599994,7.749008067000091],[-75.4886178399999,7.729528539000057],[-75.50174482599994,7.718742585000086],[-75.5200811549999,7.725599155000054],[-75.53373584399992,7.723015406000059],[-75.53793061399995,7.71383325000005],[-75.53398861599993,7.688839562000055],[-75.55102694599992,7.668399469000065],[-75.54832293499993,7.64548903900004],[-75.55811827199994,7.642795320000062],[-75.55297853099995,7.627342118000058],[-75.57089853499991,7.62492353500005],[-75.59236744899994,7.603874738000059],[-75.60144439599992,7.602151268000057],[-75.60518048199992,7.585517199000037],[-75.63318152699992,7.583121027000061],[-75.67129618999991,7.597969971000055],[-75.68279033499994,7.583446757000047],[-75.71186875699993,7.581286822000038],[-75.74307770799993,7.612216882000041],[-75.7517104769999,7.613615370000048],[-75.76525372299994,7.60194378500006],[-75.76089425599992,7.577312092000057],[-75.77387344399995,7.564880461000087],[-75.7763983449999,7.544913898000061],[-75.7667816629999,7.529083544000059],[-75.78725385899992,7.512223405000043],[-75.77512562499993,7.501377450000064],[-75.78749428399993,7.476292845000046],[-75.78777923599995,7.45983691400005],[-75.80120755899992,7.446399687000053],[-75.82508112499994,7.442187751000063],[-75.8274675909999,7.426034583000046],[-75.81765888099994,7.415823579000062],[-75.83210975599991,7.402072375000046],[-75.83373334799995,7.371340718000056],[-75.84549601399993,7.347087269000042],[-76.38393382399994,7.39229384500004],[-76.41628620999995,7.41850461100006],[-76.43883669799993,7.469737479000059],[-76.4557301879999,7.483870593000063],[-76.45254228199991,7.501125871000056],[-76.46249794699992,7.516773209000064],[-76.47433814499993,7.521646343000043],[-76.4803153499999,7.537826678000044],[-76.4943636889999,7.541824173000066],[-76.49226976299991,7.549210019000043],[-76.50157821499994,7.554635190000056],[-76.51453012799993,7.586664649000056],[-76.50827137699991,7.602142012000058],[-76.51121954699994,7.613402159000088],[-76.49229868299994,7.640469144000065],[-76.49556191099992,7.652982084000087],[-76.48556311499993,7.689319447000059],[-76.49663120399993,7.749715600000059],[-76.48349733999993,7.758035071000052],[-76.48127254199994,7.821720749000065],[-76.46516834999994,7.848732390000066],[-76.4635398559999,7.873088241000062],[-76.4481277989999,7.879690461000052],[-76.43772273199994,7.905191006000052],[-76.42111738499995,7.911825227000065],[-76.42293247599991,7.950497503000065],[-76.41549251099991,7.954524622000065],[-76.4115737109999,8.00695201700006],[-76.42764859499994,8.019794603000037],[-76.4224939639999,8.027723999000045],[-76.42927785099994,8.043753111000058],[-76.42497153699992,8.07429380900004],[-76.40872379799993,8.07392512000007],[-76.40852664099992,8.09971715000006],[-76.37485222399994,8.111544446000039],[-76.36815124299994,8.152946085000053],[-76.35733513199995,8.146242279000091],[-76.34926511599991,8.155161986000053],[-76.3353340669999,8.14774783200005],[-76.33114775899992,8.15145939200005],[-76.34958237099994,8.172130407000054],[-76.35335615899993,8.19423902200009],[-76.32804125299992,8.24209165700006],[-76.32411989999991,8.26474412600004],[-76.30327582199993,8.284522208000055],[-76.30343039299993,8.311179062000065],[-76.26821438799993,8.351430017000041],[-76.24287729199995,8.369986246000053],[-76.18044527299992,8.397311061000039],[-76.21866846299991,8.443560473000048],[-76.20968197699995,8.476781851000055],[-76.20999636999994,8.522922531000063],[-76.23680258699994,8.554440043000056],[-76.2365771499999,8.56003492700006],[-76.22385996999992,8.561772594000047],[-76.22281106899993,8.573270138000055],[-76.24406344699992,8.57208690400006],[-76.2654422729999,8.584190250000063],[-76.25492287399993,8.592788994000045],[-76.25071510499993,8.610307220000038],[-76.26921397199993,8.623648550000041],[-76.26605742399994,8.63880709700004],[-76.28221634599993,8.644158505000064],[-76.2814664199999,8.648865872000044],[-76.31400316899993,8.656489665000038],[-76.34562620499992,8.63982154100006],[-76.3556987149999,8.692978692000054],[-76.36788788399991,8.720674675000055],[-76.41956591199994,8.754994157000056],[-76.38116683499993,8.794208980000064],[-76.4166168989999,8.888062439000066],[-76.33830882399991,8.919862547000037],[-76.32261157199991,8.94042611000009],[-76.32283007699994,8.95696748000006],[-76.26448164199991,8.997508907000054],[-76.2629323999999,9.035453465000046],[-76.2511508639999,9.057887855000047],[-76.18682206499994,9.11916201300005],[-76.1778858159999,9.151594799000065],[-76.17559997799992,9.174387830000057],[-76.18088967799991,9.181540880000057],[-76.16886075899993,9.216681076000043],[-76.17022355699993,9.229699369000059],[-76.13397457899993,9.245415901000058],[-76.10728894699992,9.266202369000041],[-76.10062978299993,9.28430260600004],[-76.1121562269999,9.295635484000059],[-76.10993499699993,9.304379124000093],[-76.08532481099991,9.334970936000047],[-76.02401107999992,9.352396221000049],[-75.97807900399994,9.376413759000059],[-75.95666571499993,9.405067795000093],[-75.96169419699993,9.41706036800008],[-75.96735663399994,9.417129664000072],[-75.96377127199992,9.396848334000083],[-75.96894099199994,9.401035800000045],[-75.96745522399993,9.419820686000037],[-75.9455083499999,9.44328547300006],[-75.92300309399991,9.447748102000048],[-75.9143884419999,9.43511264500006],[-75.88119088299993,9.423628172000065]]]}},{"type":"Feature","properties":{"dpto":25,"dpto_nombre":"Cundinamarca"},"geometry":{"type":"Polygon","coordinates":[[[-74.3338009069999,5.82688747800006],[-74.3152343399999,5.815169962000084],[-74.31684595399992,5.797007957000062],[-74.30102451199991,5.797659872000054],[-74.31298310099993,5.782246934000057],[-74.28716685599994,5.746492562000071],[-74.30219272499994,5.724675496000089],[-74.3041580389999,5.709668717000056],[-74.27897595099995,5.699068559000068],[-74.27597746499993,5.692185246000065],[-74.28515264499993,5.663710018000074],[-74.29251109499995,5.663720497000043],[-74.30845677699995,5.64766843600006],[-74.30569425099992,5.637640842000053],[-74.31495709599994,5.620507805000045],[-74.29777524399992,5.57496836200005],[-74.27253852599995,5.56052909400006],[-74.25962585999991,5.559761791000085],[-74.24290769299995,5.544707797000058],[-74.25086224199993,5.502590367000039],[-74.2564184769999,5.499838486000044],[-74.24451852099992,5.476295113000049],[-74.23250799599992,5.480219986000066],[-74.21907703499994,5.496147570000062],[-74.20370852999991,5.497782750000056],[-74.18238713099993,5.463738198000044],[-74.16062983099994,5.447757509000041],[-74.13868619899995,5.446336718000055],[-74.1254732829999,5.428969889000086],[-74.11311864699991,5.466521626000088],[-74.11729757899991,5.472976496000058],[-74.0969318089999,5.470635295000079],[-74.09757912599991,5.439861206000046],[-74.07547797699993,5.410058242000048],[-74.05557132199993,5.401407328000062],[-74.04518428199992,5.40453549700004],[-74.03979293499992,5.392009267000049],[-74.02227788199991,5.386888338000063],[-74.02184647299993,5.366582489000052],[-73.99909870999994,5.367490144000044],[-73.98734666099995,5.379265467000039],[-73.9729689859999,5.419355171000063],[-73.94797327899994,5.417556348000062],[-73.9421790099999,5.434081865000053],[-73.92544527699994,5.439997959000038],[-73.91251709799991,5.432232339000052],[-73.90120068999994,5.447743072000037],[-73.90294043199992,5.48941755900006],[-73.90911918199993,5.494688607000057],[-73.9061408959999,5.506464892000054],[-73.91162601399992,5.520594803000051],[-73.90781707199994,5.527126432000045],[-73.89770046299992,5.528363482000088],[-73.88987068199992,5.512416279000092],[-73.87046525499994,5.532867485000054],[-73.85727130499993,5.530924041000048],[-73.84786398099993,5.545654469000056],[-73.81979288399992,5.552883958000052],[-73.80467054499991,5.571397784000055],[-73.78946523399992,5.552991042000087],[-73.78541768499991,5.505566543000043],[-73.76883104299992,5.48659628300004],[-73.74707680599994,5.489626504000057],[-73.74316181099994,5.468552081000041],[-73.72836309899992,5.479160187000048],[-73.7202456199999,5.478070575000061],[-73.71953141799992,5.458814276000055],[-73.69627673899993,5.446636039000055],[-73.67671817099995,5.459455870000056],[-73.6784296209999,5.434323505000066],[-73.65533691299993,5.426222877000043],[-73.65054412899991,5.415121962000057],[-73.6381098629999,5.41747437500004],[-73.61820831999995,5.40451379700005],[-73.59272405199994,5.39884853600006],[-73.58988450999993,5.390485348000084],[-73.59945618199993,5.370300994000047],[-73.59068494799993,5.343995598000049],[-73.5993660769999,5.318812745000059],[-73.5776142279999,5.301616869000043],[-73.5480343449999,5.299638271000049],[-73.53418075399992,5.282298949000051],[-73.52779878799993,5.24451081300009],[-73.51479130299992,5.232694449000064],[-73.52454293099993,5.21402020000005],[-73.52236575699993,5.192967776000046],[-73.50831809099992,5.185204730000066],[-73.51194093999993,5.162297359000092],[-73.5050237669999,5.151920936000067],[-73.48241821599993,5.154271854000058],[-73.4772036249999,5.148094483000079],[-73.48845778599991,5.13751067000004],[-73.49453516599993,5.106353611000088],[-73.48179429599992,5.084592307000094],[-73.47985807399994,5.063143965000052],[-73.49624828299994,5.03930801100006],[-73.52240361199995,5.029223525000077],[-73.5184243519999,5.004572155000062],[-73.50699497499994,4.99635771800007],[-73.51725690299992,4.990321871000049],[-73.53275082099992,4.954862161000051],[-73.5446795119999,4.944186179000042],[-73.5487906379999,4.925149051000062],[-73.53867728799992,4.896568797000043],[-73.52495512199994,4.892657220000046],[-73.52087070199991,4.878956319000054],[-73.46961638399995,4.892720184000041],[-73.45260850199992,4.883144722000054],[-73.44588773799995,4.889813403000062],[-73.42485537999994,4.879154204000088],[-73.40200348999991,4.87993349900006],[-73.39320248799993,4.865463703000046],[-73.39449949899995,4.853294003000087],[-73.38063964499992,4.846345446000043],[-73.3756174209999,4.832082823000064],[-73.36516400399995,4.824769351000043],[-73.37183636399993,4.800823026000046],[-73.32085050799992,4.779294446000051],[-73.30571711599993,4.746568991000061],[-73.30629709899995,4.731387553000047],[-73.28320416499992,4.722278313000061],[-73.2685123949999,4.740731744000072],[-73.25533107399991,4.738977800000043],[-73.2547162329999,4.733848831000046],[-73.2223446129999,4.732578235000062],[-73.21972608699991,4.724911679000058],[-73.23465594699991,4.69515302700006],[-73.2209472159999,4.676782013000093],[-73.20754952099992,4.680499457000053],[-73.14902588699994,4.655244906000064],[-73.1216876659999,4.671559260000038],[-73.10569753099992,4.659791333000044],[-73.09141395299991,4.676215691000039],[-73.09075403399993,4.691463059000057],[-73.07209028699992,4.718665360000045],[-73.07874264399993,4.725807890000056],[-73.07184782199994,4.739188135000063],[-73.06654631099991,4.739949219000039],[-73.06502537499995,4.731895792000046],[-73.05255695499994,4.736324805000038],[-73.12414289599991,4.25978439000005],[-73.1369956449999,4.212838752000039],[-73.14009939899995,4.219108462000065],[-73.14842817999994,4.217321831000049],[-73.14709164899995,4.228042716000061],[-73.15066228099994,4.221426453000049],[-73.16973226899995,4.237369221000051],[-73.17069533999995,4.24670566900005],[-73.17736215399992,4.243996353000057],[-73.20354405199993,4.273255156000062],[-73.26052777399991,4.293845133000048],[-73.26772701899995,4.290592892000063],[-73.3225614239999,4.304768867000064],[-73.3536448829999,4.321194295000055],[-73.43028618699992,4.306381422000072],[-73.44180517199993,4.29104380800004],[-73.47168004999992,4.276241626000058],[-73.48395445299991,4.285619744000087],[-73.4975915309999,4.283797778000064],[-73.5506810409999,4.307821285000045],[-73.55314549499991,4.348988539000061],[-73.57180446899991,4.37365118200006],[-73.57681444999992,4.396195197000054],[-73.5725700349999,4.419912066000052],[-73.6034391629999,4.457544231000043],[-73.59624906699992,4.48692888000005],[-73.57576143699993,4.498477198000046],[-73.57570032699994,4.516640822000056],[-73.56797551099993,4.526499609000041],[-73.579076,4.542823505000058],[-73.62189984899993,4.562476822000065],[-73.64070969499994,4.547128521000047],[-73.66165421599993,4.546730938000053],[-73.6878797789999,4.527938667000058],[-73.6864282649999,4.519346318000089],[-73.71373876699994,4.515097991000061],[-73.73866420399992,4.486011868000048],[-73.73332755699994,4.474731809000048],[-73.73833067099991,4.460570455000038],[-73.74533430499991,4.455290339000044],[-73.75575075499995,4.462186530000054],[-73.76443754299993,4.449632978000068],[-73.7832847709999,4.448285978000058],[-73.8069565479999,4.422154951000039],[-73.81147802399994,4.401054649000059],[-73.80149913399993,4.384017263000089],[-73.7926818599999,4.381111363000059],[-73.79560250299994,4.363743855000052],[-73.78398718099993,4.332726304000062],[-73.78434554599994,4.301695678000044],[-73.74406458599992,4.26617520700006],[-73.7603318539999,4.236398265000048],[-73.75074209599995,4.204147606000049],[-73.74282016199993,4.197760350000067],[-73.7543795659999,4.192847239000059],[-73.7900771969999,4.200684503000048],[-73.8041285999999,4.197416721000081],[-73.80935822099991,4.203921262000051],[-73.82589326399994,4.168337785000062],[-73.8405488649999,4.177339283000038],[-73.86089172899995,4.171832660000064],[-73.89582543199992,4.142640837000044],[-73.9136278549999,4.148810530000048],[-73.9250269929999,4.143279474000053],[-73.93307902899994,4.149235960000055],[-73.96007498699993,4.09552009500004],[-73.9735707339999,4.093073232000052],[-73.97974823099992,4.109335494000049],[-73.99148432699991,4.102767665000044],[-74.00593453899995,4.109766209000043],[-74.01625846799993,4.097808693000047],[-74.02416741899992,4.09915238800005],[-74.03588691699991,4.08238054800006],[-74.03488801999993,4.060840246000055],[-74.04766911099995,4.065198208000083],[-74.06243841399993,4.055597492000061],[-74.06445649799991,4.061437410000053],[-74.09974180599994,4.013144281000052],[-74.1373102419999,4.000358469000048],[-74.15067459799991,4.004849073000059],[-74.14996385699993,4.009335770000064],[-74.12451921199994,4.057646703000046],[-74.13266327399992,4.080372561000047],[-74.12982446299992,4.091563415000053],[-74.12008768099992,4.097571626000047],[-74.13152354499994,4.102825357000086],[-74.13059216999994,4.115985796000075],[-74.1285256509999,4.125743570000054],[-74.10959005299992,4.132493363000037],[-74.11470392599995,4.152933696000048],[-74.10919626399993,4.169576333000066],[-74.11010302199992,4.182094603000053],[-74.12332075599994,4.181093074000046],[-74.1239137689999,4.19546338300006],[-74.13574288699994,4.20521123900005],[-74.13607173799994,4.229848253000057],[-74.1527110099999,4.254555423000056],[-74.12921300399995,4.284209263000093],[-74.1219561719999,4.307785980000062],[-74.09822521099994,4.345619248000048],[-74.0961965429999,4.379441173000089],[-74.11444341899994,4.385657287000072],[-74.11214742699991,4.433134909000046],[-74.10106006199993,4.452591165000058],[-74.07590071899995,4.463157376000083],[-74.0725504259999,4.513124280000056],[-74.04227898099992,4.512401838000073],[-74.02959781699991,4.55787390100005],[-74.00534559199991,4.560592184000086],[-74.00178457499993,4.593896487000052],[-73.99511057299992,4.598226342000089],[-73.99531437699994,4.614215027000057],[-73.98612579299993,4.629074974000048],[-74.0092111749999,4.626173757000061],[-74.0093584519999,4.638864340000055],[-74.03138607099993,4.646030170000074],[-74.02489494799994,4.662499874000048],[-74.00843964899991,4.661802133000037],[-74.00200611399993,4.674608250000063],[-74.01482632699992,4.697251834000042],[-74.00691158099994,4.716530048000038],[-74.00716676899992,4.742340567000042],[-74.0183757339999,4.768095325000047],[-74.01324859899995,4.797482032000062],[-74.00095046399991,4.803163870000049],[-74.0035849759999,4.818559122000067],[-74.00670129199995,4.823247600000059],[-74.03310848299992,4.820766418000062],[-74.04991530799992,4.835303454000041],[-74.04906919699994,4.830620728000042],[-74.06057148999992,4.827666160000092],[-74.06299866499995,4.835718965000069],[-74.0671150359999,4.828052937000052],[-74.07466277399993,4.836898246000089],[-74.0866254359999,4.832491953000044],[-74.07889207599993,4.821536881000043],[-74.08703245299995,4.816192411000088],[-74.07964036399994,4.808956868000053],[-74.09327758599994,4.790788691000046],[-74.1006581929999,4.799204589000055],[-74.10801793199994,4.788642971000058],[-74.11294807799993,4.79013328800005],[-74.11663731999994,4.762027081000042],[-74.13199912199991,4.740562830000044],[-74.1260600029999,4.729448354000056],[-74.15809941299995,4.725475611000093],[-74.1769777369999,4.702908756000056],[-74.16924865199991,4.700972470000067],[-74.16755922599992,4.688186828000084],[-74.17484761599991,4.676640654000039],[-74.15850000699993,4.66284838200005],[-74.18517639099991,4.64696093200007],[-74.18374681599994,4.652735822000068],[-74.19421432599995,4.655092540000055],[-74.22354805899994,4.625865438000062],[-74.20427645099994,4.599683095000046],[-74.1837810259999,4.596452107000061],[-74.17527535999994,4.575389084000051],[-74.1798141399999,4.569755158000078],[-74.17363211199995,4.540852810000047],[-74.18773380699992,4.529172266000046],[-74.17457276599993,4.507129804000044],[-74.1815334339999,4.503871989000061],[-74.1780695619999,4.486343493000049],[-74.19443336199993,4.426675188000047],[-74.2038527229999,4.418556411000054],[-74.2122846019999,4.393396521000057],[-74.21795784099993,4.360812533000058],[-74.2137356689999,4.307296989000065],[-74.22188455999992,4.282058170000084],[-74.20552942599994,4.268892236000056],[-74.20426913799992,4.239706636000051],[-74.2173229629999,4.236302330000058],[-74.2197052489999,4.225915569000051],[-74.23175961499993,4.216688180000062],[-74.24145033799994,4.180840612000054],[-74.24564163399992,4.103247643000088],[-74.26565272599993,4.091665982000052],[-74.27966426299992,4.101992029000087],[-74.29968372899992,4.105616780000048],[-74.32988660799992,4.130540258000053],[-74.3496563459999,4.078020568000056],[-74.35060751599991,4.057303429000058],[-74.3661404529999,4.036266922000038],[-74.36255574299992,4.009532967000041],[-74.37458191699994,3.985874755000054],[-74.35689156099994,3.970980327000063],[-74.3595572399999,3.913744738000048],[-74.37348963099993,3.879177755000057],[-74.38571748399994,3.865481445000057],[-74.39526881699993,3.823803951000059],[-74.42338533399993,3.785822237000048],[-74.43169794199991,3.783871194000085],[-74.43366092499991,3.764625067000054],[-74.45067485499993,3.74986418900005],[-74.43958715699995,3.730633099000045],[-74.45039399299992,3.730129004000048],[-74.46350979099992,3.742082572000072],[-74.44530024599993,3.800804851000066],[-74.45023019299992,3.818993833000093],[-74.47702002999995,3.824337631000049],[-74.49020481499991,3.817613010000059],[-74.50709390499992,3.824494529000049],[-74.51213542599993,3.834319950000065],[-74.53945977399991,3.844774947000076],[-74.52323866499995,3.885306815000092],[-74.52336753599991,3.914374227000053],[-74.5112565789999,3.946075541000084],[-74.5311144069999,3.967602506000048],[-74.53364133699995,3.993312113000059],[-74.52403664099995,4.022252596000044],[-74.5314022789999,4.033718523000061],[-74.52975594399993,4.044810365000046],[-74.50818725599993,4.079544361000046],[-74.4861266609999,4.09658096600009],[-74.47645894499993,4.111499861000084],[-74.47485336999995,4.127918987000044],[-74.48371185799994,4.146027747000062],[-74.48334305799995,4.176734427000042],[-74.5080802089999,4.198123023000051],[-74.51885728299993,4.24049321800004],[-74.5356125539999,4.246356],[-74.56253001999994,4.272129584000083],[-74.58854248299991,4.267410677000044],[-74.59636568999991,4.257853743000055],[-74.60122496399993,4.262278046000063],[-74.61986229599995,4.251868866000052],[-74.6234507179999,4.226803815000039],[-74.63319800999994,4.223533347000057],[-74.65200961799991,4.200005204000092],[-74.65698507099995,4.198727434000091],[-74.65894174099992,4.215876408000042],[-74.6812592899999,4.200886653000055],[-74.68342842499993,4.207449033000046],[-74.7016743879999,4.212055443000054],[-74.7000063719999,4.21995372400005],[-74.70939096699993,4.225578771000073],[-74.7060133519999,4.22947180500006],[-74.7156377789999,4.234995219000041],[-74.72189834399995,4.231042436000052],[-74.7340956509999,4.247765500000071],[-74.74603910899992,4.236826130000054],[-74.75121613999994,4.258979298000042],[-74.76715213199992,4.251298535000046],[-74.76866853199994,4.265463226000065],[-74.78148259999995,4.265007689000072],[-74.77879693599994,4.283556837000049],[-74.8068619629999,4.285882606000087],[-74.81271973199995,4.294275644000038],[-74.83365179299994,4.275717072000077],[-74.87709731799993,4.265383334000092],[-74.89062890199995,4.288733993000051],[-74.8730898849999,4.306619975000046],[-74.88426212099995,4.310349836000057],[-74.8834814519999,4.316994190000059],[-74.85582000699992,4.334745324000039],[-74.85437661899994,4.366366311000093],[-74.84075952899991,4.378004445000045],[-74.83265524199993,4.405403535000062],[-74.83312273999991,4.443373351000048],[-74.8158867489999,4.445578799000089],[-74.80731377899991,4.453294473000085],[-74.79531161999995,4.498516892000055],[-74.78629374199994,4.505935631000057],[-74.80469086999994,4.53431848200006],[-74.80149723699992,4.545743591000075],[-74.80905400099994,4.559732603000043],[-74.8045559279999,4.571112731000085],[-74.81494647799991,4.585191705000057],[-74.79377694999994,4.592081894000046],[-74.81630713699991,4.611873899000045],[-74.78584089599991,4.652929980000067],[-74.80720370699993,4.669448789000057],[-74.80142603599995,4.701718262000043],[-74.81605598399995,4.713846407000062],[-74.8191027279999,4.725983842000062],[-74.81255181699993,4.737143077000042],[-74.77813269299992,4.750655037000058],[-74.77040619899992,4.773509200000092],[-74.74377632099993,4.788256316000059],[-74.74437493599993,4.823403959000075],[-74.76950798599995,4.842917235000073],[-74.7527806029999,4.863669748000063],[-74.75492513899991,4.885939931000053],[-74.73799979899991,4.88316853300006],[-74.73166516299995,4.893990191000057],[-74.7402088369999,4.90671474700008],[-74.7323250259999,4.931239136000045],[-74.74876966199992,4.957700820000071],[-74.73268573299993,4.976901435000059],[-74.71380408899995,4.97217684900005],[-74.70594330699993,4.981370213000048],[-74.74320665699992,5.007077043000038],[-74.7283071839999,5.042426788000057],[-74.72974825799992,5.074332083000058],[-74.71651731299994,5.100709074000065],[-74.73188726299992,5.143166313000052],[-74.71437375999994,5.181701731000089],[-74.72057670099991,5.199414552000064],[-74.73456314999993,5.204775296000093],[-74.72887188899995,5.214215761000048],[-74.7303723149999,5.232173149000062],[-74.72335653699992,5.239851581000039],[-74.72454496799992,5.262855135000052],[-74.73427575799991,5.286864727000079],[-74.72966069699993,5.303055234000055],[-74.71469983299994,5.315012018000061],[-74.70107721699992,5.353180185000042],[-74.70661057599995,5.370968685000094],[-74.69440393499991,5.363687525000046],[-74.68508834799991,5.367185333000066],[-74.6778428849999,5.377821526000048],[-74.68483850799993,5.400236049000057],[-74.66669331999992,5.405912862000093],[-74.6764001219999,5.438085983000065],[-74.6493477809999,5.442932352000071],[-74.66045247099993,5.451245313000072],[-74.67457259699995,5.51465065900004],[-74.65266127299992,5.525366465000047],[-74.64101453899991,5.54021821300006],[-74.65305136399991,5.574720974000059],[-74.64458908799992,5.61944324600006],[-74.62851241299995,5.631736639000053],[-74.63704377199991,5.651273005000064],[-74.62745595699994,5.696037735000061],[-74.63371814099992,5.708052055000053],[-74.65195895599993,5.709524043000044],[-74.66102469999993,5.752378124000074],[-74.6540107109999,5.75373428000006],[-74.65201562099992,5.740502975000084],[-74.6429195689999,5.735407753000061],[-74.63844036099994,5.754915592000089],[-74.6270805609999,5.762456078000071],[-74.6187013519999,5.75255678700006],[-74.61228347499991,5.758322910000061],[-74.5973706069999,5.743395921000058],[-74.58744009799995,5.759036881000043],[-74.57775131299991,5.751553393000052],[-74.55400025599994,5.760553598000058],[-74.5385905249999,5.786088097000061],[-74.51639178999994,5.791422760000046],[-74.50088059099994,5.779146215000083],[-74.4935461419999,5.783972449000089],[-74.48598635699994,5.770862470000054],[-74.46645405299995,5.775924357000065],[-74.46123639599995,5.765816664000056],[-74.4526882209999,5.762001141000042],[-74.44222867799994,5.76680073600005],[-74.44132216699995,5.76002416700004],[-74.43091355299993,5.758013705000053],[-74.42405683699991,5.768457969000053],[-74.41185913299995,5.765270317000045],[-74.40443196299992,5.779066533000048],[-74.38469338199991,5.784391722000066],[-74.34610898199992,5.82290148900006],[-74.34523250299992,5.832045741000059],[-74.33341887899991,5.837193298000045],[-74.3338009069999,5.82688747800006]]]}},{"type":"Feature","properties":{"dpto":27,"dpto_nombre":"Chocó"},"geometry":{"type":"Polygon","coordinates":[[[-77.36821215299994,8.677372612000056],[-77.35705232299995,8.673605447000057],[-77.3654708549999,8.656197310000039],[-77.35477279899993,8.657758237000053],[-77.34453159899994,8.646393930000045],[-77.34257092299993,8.624864570000057],[-77.32572433899992,8.622313786000063],[-77.32856065699991,8.615479973000049],[-77.3208131319999,8.601031886000044],[-77.29425929799993,8.572954723000066],[-77.29065441499995,8.575738693000062],[-77.28819167299991,8.575131930000055],[-77.26924664199993,8.526489126000058],[-77.27501683399993,8.506561137000062],[-77.25360168599991,8.49207616800004],[-77.24889639299994,8.472049502000061],[-77.18988480399992,8.43780141800005],[-77.16916105799993,8.433213625000064],[-77.16422472099993,8.437700307000057],[-77.15510316599995,8.419831767000062],[-77.13074053799994,8.41190537500006],[-77.12789170499991,8.397264867000047],[-77.11070110999992,8.379073237000057],[-77.11787110799992,8.371644452000055],[-77.09450336399993,8.347317760000067],[-77.08720727199994,8.329488384000058],[-77.07640572999992,8.325241984000058],[-77.07456860999991,8.304134300000044],[-77.04403293599995,8.272132007000039],[-77.04023599899995,8.256591395000044],[-77.01894854599993,8.25054110700006],[-76.98018975199994,8.255281794000041],[-76.96651136699995,8.191789282000059],[-76.94933258599991,8.17233684100006],[-76.95559982099991,8.122733719000053],[-76.95089698599992,8.097603548000052],[-76.94197400699994,8.090155836000065],[-76.93907106599994,8.062839623000059],[-76.95991514399992,8.036903499000061],[-76.98715997099993,8.031026230000066],[-76.99565464699992,8.021151466000049],[-77.0055532049999,7.982318664000047],[-77.00008044599991,7.958428874000049],[-77.02142421099995,7.948792058000038],[-77.01231087499991,7.933825248000062],[-77.03139415299995,7.880097019000061],[-77.05837723899992,7.851543488000061],[-77.08061160199992,7.845174144000055],[-77.09520831599991,7.825067171000057],[-77.12601954599995,7.830236841000044],[-77.12213925299994,7.788015846000064],[-77.0397014959999,7.70476172900004],[-76.96013826799992,7.639772700000037],[-76.94541535299993,7.591737331000047],[-76.93619494099994,7.583409218000043],[-76.82584743699994,7.581475905000048],[-76.80101181299995,7.571660629000064],[-76.6618570789999,7.449177969000061],[-76.61874603899992,7.316170812000053],[-76.60448339099992,7.313280372000065],[-76.58553749599992,7.29791115200004],[-76.57895025199991,7.30417790100006],[-76.56267506499995,7.273475178000069],[-76.54666183899991,7.258885475000056],[-76.53638546399992,7.254944039000065],[-76.53591494699992,7.262056353000048],[-76.5303657099999,7.254962212000066],[-76.5239690169999,7.229341723000061],[-76.50444642199994,7.194553057000064],[-76.50844436499995,7.184072748000062],[-76.49850854999994,7.152246651000041],[-76.48424956799994,7.132855555000049],[-76.50826462499992,7.138619409000057],[-76.51408498799992,7.111150049000059],[-76.52486621199995,7.106260733000056],[-76.52284635299992,7.098769817000061],[-76.53115768799995,7.09357355800006],[-76.53006341999992,7.079621658000065],[-76.53875537999994,7.068741166000052],[-76.5306105539999,7.060098949000064],[-76.53539257599994,7.038448405000054],[-76.54944867599994,7.016716096000039],[-76.5478105759999,7.001996050000059],[-76.57130874399991,6.979676933000064],[-76.58404592599993,6.98312265900006],[-76.59293738199995,7.011625605000063],[-76.6031853579999,7.000489474000062],[-76.61560779899992,7.016789560000063],[-76.64548733399994,7.008360917000061],[-76.67556801699993,7.029853725000066],[-76.68401874599994,7.021338582000055],[-76.7066598159999,7.02491520600006],[-76.83026157599994,7.002632082000048],[-76.84252066499994,6.988321923000058],[-76.83184559499995,6.989140185000053],[-76.8302902879999,6.972402111000065],[-76.81914465299991,6.975981492000074],[-76.8284598919999,6.955526491000057],[-76.8133829269999,6.96351463700006],[-76.80831495099994,6.950246907000064],[-76.80009403699995,6.948564633000046],[-76.79670236899995,6.901599713000053],[-76.78541420599993,6.87928037000006],[-76.79241933899993,6.866231405000065],[-76.8305574069999,6.858589209000058],[-76.81793948799992,6.837682637000057],[-76.83432321099991,6.83847369700004],[-76.83528532499992,6.828684088000045],[-76.8502759289999,6.835422725000058],[-76.85507292199992,6.846158850000052],[-76.86649236699992,6.84476754700006],[-76.87810984899994,6.852107828000044],[-76.89988165099993,6.829034874000058],[-76.90025140199992,6.836564339000063],[-76.91657834099993,6.845472008000058],[-76.93352719699993,6.81184769500004],[-76.95794754199994,6.816742739000063],[-76.97230885099992,6.809019359000047],[-76.97126514999991,6.796940274000065],[-76.95785012999994,6.792514987000061],[-76.9652673569999,6.780394156000057],[-76.96210039399995,6.762794574000054],[-76.96716388699991,6.743130710000059],[-76.95732243599991,6.72478030700006],[-76.9401768429999,6.723164526000062],[-76.93364812099992,6.710918794000065],[-76.95130475099995,6.69177963900006],[-76.96265955599995,6.688416867000058],[-76.96353300299995,6.679660565000063],[-76.9508672199999,6.675488219000044],[-76.93896789699994,6.686344163000058],[-76.93748699299994,6.654588692000061],[-76.92484729599994,6.646898271000055],[-76.90935224599991,6.670159882000064],[-76.89808311799993,6.668218244000059],[-76.89610340699994,6.65911918200004],[-76.91235988499994,6.639855066000052],[-76.90800071199993,6.628129082000044],[-76.8740410449999,6.630261082000061],[-76.8580510669999,6.619715310000061],[-76.86307648799993,6.609036287000038],[-76.88203603399995,6.609359896000058],[-76.89100184299991,6.603420760000063],[-76.89926333099993,6.585527212000045],[-76.8905327619999,6.566237533000049],[-76.88188526999994,6.560456874000067],[-76.87300809399994,6.571264976000066],[-76.86392214799992,6.571496095000043],[-76.85128271799994,6.560720081000056],[-76.84110135599991,6.521451173000059],[-76.81935671999992,6.525476530000049],[-76.8199887799999,6.48724971300004],[-76.80036517699995,6.50796054500006],[-76.76743297199994,6.476620883000066],[-76.77057386099995,6.464856827000062],[-76.78228080999992,6.47456502700004],[-76.78176684599993,6.462648688000058],[-76.7958342199999,6.443651070000044],[-76.7893811209999,6.433010120000063],[-76.76876547099994,6.440167540000061],[-76.7617793739999,6.432153514000049],[-76.76924136199995,6.421455460000061],[-76.79094204699993,6.424348882000061],[-76.79570096999993,6.417572178000057],[-76.76507436999992,6.389292350000062],[-76.76917436499991,6.379789148000043],[-76.78737541099991,6.377900222000051],[-76.77135614699995,6.364238456000066],[-76.79017219299993,6.346549908000043],[-76.79078719099994,6.338657420000061],[-76.77766720999995,6.328773506000061],[-76.79030397799994,6.322272085000066],[-76.7830691389999,6.30924064900006],[-76.78339274599995,6.291194818000065],[-76.74935693599991,6.280173155000057],[-76.75927452999991,6.257425506000061],[-76.74777697399992,6.244766773000038],[-76.72306865099995,6.236981178000065],[-76.72674253799994,6.223770409000053],[-76.71781356299994,6.217016704000059],[-76.72144851199994,6.199864289000061],[-76.71378104099995,6.191420602000051],[-76.71995288199992,6.176256050000063],[-76.68768271999994,6.161568822000049],[-76.67848924299994,6.173125061000064],[-76.64388869099992,6.168326266000065],[-76.61803217399995,6.186897414000043],[-76.60193280099992,6.192569999000057],[-76.58900219799995,6.187863372000038],[-76.58351411299992,6.193451434000053],[-76.58015101799992,6.187226845000055],[-76.5528636759999,6.17851339300006],[-76.51940947999992,6.179978710000057],[-76.49896741799995,6.174172850000048],[-76.48228665599993,6.160549693000064],[-76.47476561999991,6.16048747800005],[-76.47559119699991,6.171098250000057],[-76.46867794199994,6.176573804000043],[-76.41987194299992,6.165732956000056],[-76.40913604199994,6.172380083000064],[-76.40517388799992,6.185585769000056],[-76.38981234699992,6.191494804000058],[-76.33278932299993,6.196162549000064],[-76.32640514899992,6.202591713000061],[-76.29562423699991,6.200685761000045],[-76.28518559199995,6.193406707000065],[-76.26155036799992,6.209162359000061],[-76.24866990599992,6.204126520000045],[-76.23767364199995,6.208345312000063],[-76.22427739799991,6.18825094400006],[-76.20946804599993,6.184548608000057],[-76.21344725299991,6.167252216000065],[-76.20120759299994,6.16030231700006],[-76.20578836499993,6.14734567000005],[-76.19592172199992,6.105451162000065],[-76.19695652399992,6.080175259000043],[-76.19090645999995,6.05772974100006],[-76.17474142999993,6.043577750000054],[-76.17265157999992,6.017391196000062],[-76.16508754799992,6.007205886000065],[-76.14382072599994,5.997631205000062],[-76.1314823649999,6.00011128500006],[-76.12199608299994,6.020075873000053],[-76.10485258099993,6.018401827000048],[-76.08584901799992,5.987419511000041],[-76.06678196399992,5.978117746000066],[-76.06727946699993,5.961372542000049],[-76.05100398799993,5.950832231000049],[-76.0559641349999,5.944818056000088],[-76.05398007999992,5.931177651000041],[-76.06104828399992,5.924128043000053],[-76.05624486999994,5.911544473000049],[-76.06049026799991,5.88634412600004],[-76.08157088999991,5.88277282100006],[-76.0990243999999,5.849198835000038],[-76.09927240899992,5.83111290100004],[-76.08141588399991,5.815699242000051],[-76.08588001899994,5.793031375000055],[-76.07094438199994,5.780652079000049],[-76.08110587699991,5.767021609000039],[-76.07385165599993,5.76144144500006],[-76.06552373399995,5.765274734000059],[-76.06118167599993,5.757955677000041],[-76.07094276999993,5.743528401000049],[-76.06306159799993,5.727421778000064],[-76.08006833099995,5.708610669000052],[-76.08695398999993,5.688642279000078],[-76.0051504729999,5.621918152000092],[-76.00191683399993,5.600120349000065],[-76.0121839219999,5.592364756000052],[-76.00697123899994,5.573817707000046],[-76.0177379889999,5.563953802000071],[-76.03704395299991,5.567172196000058],[-76.0537632619999,5.552415913000061],[-76.07478584199993,5.546602500000063],[-76.08554814699994,5.533459569000058],[-76.07557115899994,5.49959410200006],[-76.08533526299993,5.449751096000057],[-76.1024476209999,5.447452227000042],[-76.11898626999994,5.421516059000055],[-76.1435552289999,5.417145684000047],[-76.15247631799991,5.407566734000056],[-76.1681272049999,5.410631073000047],[-76.17797806899995,5.401276989000053],[-76.18394643599993,5.414451106000058],[-76.19121719599991,5.414584253000044],[-76.1970298679999,5.370247329000051],[-76.2041165999999,5.365538082000057],[-76.2030836909999,5.353697693000072],[-76.21142656799992,5.348616176000064],[-76.20428868999994,5.345137134000083],[-76.20330344399991,5.330721375000053],[-76.19809124699992,5.329282283000055],[-76.20132034999995,5.321464720000051],[-76.17751769799992,5.288370014000066],[-76.1736181739999,5.260251417000063],[-76.14202304999992,5.233378449000043],[-76.14249259399992,5.206042316000094],[-76.13248693299994,5.183449258000053],[-76.11775993399993,5.168214804000058],[-76.08544533299994,5.159982084000092],[-76.0770913419999,5.146299601000067],[-76.06042059299995,5.135854558000062],[-76.05892719199994,5.116425596000056],[-76.06197515799994,5.101403189000052],[-76.06978820099994,5.094996869000056],[-76.0765191989999,5.04803107500004],[-76.09117746599992,5.042889292000041],[-76.09681678899994,5.031767694000052],[-76.09858710799995,4.998781227000052],[-76.09024233699995,4.979764574000058],[-76.08869594499993,4.946136609000064],[-76.09968353599993,4.917179198000042],[-76.1305965549999,4.911196501000063],[-76.1141405159999,4.890401920000045],[-76.14054478499992,4.840181869000048],[-76.21266894799993,4.828868904000046],[-76.23056461899995,4.802090464000059],[-76.26065538699993,4.794951713000046],[-76.27624370599995,4.771023834000061],[-76.31210694299995,4.750618884000062],[-76.2856898789999,4.712403821000066],[-76.28861291399994,4.702784109000049],[-76.2975676019999,4.699288840000065],[-76.3001281569999,4.655045803000064],[-76.32003061799992,4.619685125000046],[-76.31936076199992,4.607949756000039],[-76.3436109299999,4.581747157000052],[-76.34461625299991,4.56177277200004],[-76.36087999699993,4.556258892000074],[-76.3812725169999,4.559631298000056],[-76.38494603299995,4.546698720000052],[-76.40375935599991,4.534967260000087],[-76.38068060099994,4.516014713000061],[-76.3652492619999,4.491627467000058],[-76.38296956499994,4.492769430000067],[-76.39144063999993,4.47565581300006],[-76.41021436099993,4.465684147000047],[-76.41831526199991,4.447818702000063],[-76.44879612299991,4.440309685000045],[-76.48213354699993,4.414071981000063],[-76.50199361499995,4.413203723000038],[-76.53952799899992,4.396297317000062],[-76.5551262159999,4.399357291000058],[-76.56201886499991,4.369734354000059],[-76.54827509699993,4.350908064000066],[-76.5492549729999,4.337135042000057],[-76.52792248199995,4.323538177000046],[-76.52663542999994,4.288619924000045],[-76.50896792999993,4.267918620000046],[-76.50658846399995,4.252838787000087],[-76.49030105599991,4.243737345000056],[-76.4871082059999,4.235532126000066],[-76.45501005599994,4.22946195600008],[-76.44487675599993,4.175693046000049],[-76.4529758939999,4.144916315000046],[-76.4944153209999,4.069537960000048],[-76.50166933399993,4.062565656000061],[-76.52441735499991,4.06728428200006],[-76.54152549999992,4.043732605000059],[-76.53727312699993,4.016208781000046],[-76.55913350999992,4.008843753000065],[-76.5592524839999,3.99110487300004],[-76.59027470799992,3.970106127000065],[-76.58940620499993,3.994055399000047],[-76.6245701279999,4.014874453000061],[-76.68241933399992,3.964883213000064],[-76.70138915199993,3.978717068000037],[-76.7458736129999,3.984216334000052],[-76.75947047099993,3.993494898000051],[-76.76766947199991,3.988654027000052],[-76.79419543299991,4.011379982000051],[-76.8153188309999,4.007013072000063],[-76.82554633699993,4.021706829000038],[-76.82344577299995,4.032658316000038],[-76.8418104189999,4.037501852000048],[-76.85945154699994,4.029751447000081],[-76.8674397129999,4.032366970000055],[-76.89098450299991,4.073358724000059],[-76.90118698399993,4.073030275000065],[-76.90648324099993,4.084813420000046],[-76.91333963799991,4.08183684100004],[-76.9147452549999,4.097745228000065],[-76.94177109899994,4.108441299000049],[-76.95443445699993,4.120651839000061],[-76.9719532389999,4.117499054000064],[-76.9760875529999,4.122228231000065],[-76.98593257099992,4.114298679000058],[-76.99499831899993,4.12039009700004],[-77.00475410799993,4.098855975000049],[-77.01986844499993,4.101192605000051],[-77.03557288699994,4.091298806000054],[-77.03827119699991,4.097323603000063],[-77.05026367999994,4.094753787000059],[-77.0575876609999,4.102477514000043],[-77.0679811469999,4.096010139000043],[-77.08618869999992,4.12260905100004],[-77.1048330189999,4.107731263000062],[-77.12002587699993,4.116570960000047],[-77.12289312799993,4.124815792000049],[-77.11632581399994,4.133346162000066],[-77.15956531599994,4.18372867000005],[-77.20495494499994,4.172733386000061],[-77.21379575999993,4.156773924000049],[-77.22318273399992,4.157202229000063],[-77.24988028599995,4.187718815000039],[-77.24841691799992,4.224195952000059],[-77.25348516999992,4.234153999000057],[-77.27911196499991,4.222661200000061],[-77.28735679699992,4.205814616000055],[-77.28692849399994,4.183364401000063],[-77.30545259799993,4.166482126000062],[-77.33496981099995,4.192501531000062],[-77.35295307899992,4.197473054000056],[-77.3892517569999,4.162066675000062],[-77.39032846299995,4.148491849000038],[-77.43580591099993,4.145785214000057],[-77.44339044299994,4.127850025000043],[-77.42890547399992,4.093080151000038],[-77.44962159399995,4.038513453000064],[-77.48532552599994,4.094496144000061],[-77.50811320499992,4.10551018600006],[-77.52549730899995,4.12637637000006],[-77.5245015989999,4.191107036000062],[-77.5313328009999,4.200690345000055],[-77.52482416999993,4.25761794400006],[-77.5166585849999,4.276227882000057],[-77.49907601399991,4.292972771000052],[-77.4838429749999,4.293163321000065],[-77.48873686299993,4.271875985000065],[-77.50033103399994,4.263474723000058],[-77.48532726799993,4.258468694000044],[-77.45635584399992,4.272853050000037],[-77.45160430399994,4.282527422000044],[-77.4297784339999,4.282953115000055],[-77.41410502399992,4.292872461000059],[-77.41761578799992,4.302249153000048],[-77.45617247899992,4.31306244700005],[-77.42610572199993,4.319446047000042],[-77.3761111149999,4.389085280000074],[-77.3731367879999,4.384683277000079],[-77.38680790199993,4.368547116000059],[-77.36677248199993,4.37011433300006],[-77.37008141699994,4.384456313000044],[-77.36564925999994,4.393957123000064],[-77.36540420499995,4.398238375000062],[-77.36713400399992,4.399809608000055],[-77.3676961889999,4.403153885000052],[-77.36733581399994,4.404941344000065],[-77.36606729499994,4.407636948000061],[-77.36626910399991,4.400861904000067],[-77.33764093799994,4.429340513000056],[-77.34437633999994,4.432010891000061],[-77.35152257099992,4.421826701000043],[-77.3399283949999,4.51205344400006],[-77.32274215299992,4.522620078000045],[-77.32477637999995,4.533075875000065],[-77.33622896899993,4.536033309000061],[-77.3258136629999,4.569517852000047],[-77.32102692599994,4.675355153000055],[-77.32100827499994,4.689284735000058],[-77.33014827999995,4.692657430000054],[-77.32819087299993,4.739715628000056],[-77.32239332699993,4.748496541000065],[-77.30447211899991,4.740253700000039],[-77.29988298199993,4.747077724000064],[-77.31326980699993,4.774641540000061],[-77.30834006099991,4.778467326000055],[-77.30908237799991,4.781969543000059],[-77.3484300259999,4.771717740000042],[-77.34694539199995,4.783347375000062],[-77.32960864899991,4.797952989000066],[-77.3479557679999,4.808409032000043],[-77.3607564859999,4.869868656000051],[-77.35297486999991,4.880184788000065],[-77.36290406599994,4.892457524000065],[-77.36151671599993,4.914452105000066],[-77.37617694799991,4.94791347000006],[-77.36714503899992,4.945543412000063],[-77.3763799749999,4.97250510300006],[-77.38002250499994,5.087808005000056],[-77.38290503299993,5.107126802000039],[-77.38953724399994,5.108717179000053],[-77.38395400499991,5.116195339000058],[-77.38408935699994,5.152097255000058],[-77.39718458899995,5.169016162000048],[-77.38784527799993,5.288284649000047],[-77.39289283799991,5.318825760000038],[-77.40331486399992,5.32464516400006],[-77.3975173739999,5.349398274000066],[-77.41328943099995,5.403425955000046],[-77.41008132799993,5.411211311000045],[-77.38742913099992,5.391760927000064],[-77.39338455099994,5.405635829000062],[-77.38078473299993,5.40863713400006],[-77.39534955599993,5.408467246000043],[-77.39682189399991,5.419589062000057],[-77.39101182099995,5.417193682000061],[-77.38276106399991,5.421265263000066],[-77.39319201399991,5.425891804000059],[-77.3898339509999,5.443588176000048],[-77.40259799099994,5.441515578000065],[-77.39993645599992,5.452195695000057],[-77.40763225499995,5.453970992000052],[-77.42115511499992,5.443987407000066],[-77.41974506799994,5.436093411000058],[-77.42826764199992,5.437175013000058],[-77.42988862899995,5.468352482000057],[-77.45400524699994,5.488740118000067],[-77.47303663399993,5.489874102000044],[-77.49252828499993,5.468626106000045],[-77.4988310249999,5.478694636000057],[-77.53915270199991,5.480530182000052],[-77.53947364499993,5.48723433300006],[-77.50729016699995,5.528689503000066],[-77.50801525999992,5.568186326000045],[-77.48977550599994,5.60740411200004],[-77.48155163399991,5.597872919000054],[-77.45990882199993,5.596524767000062],[-77.41437971199991,5.63025280100004],[-77.38928367499994,5.629999652000038],[-77.38629722199994,5.619791664000047],[-77.3711325239999,5.608308287000057],[-77.34185772299992,5.617330940000045],[-77.32976712099992,5.632100165000054],[-77.32639501799991,5.651525563000064],[-77.31707291099991,5.653986287000066],[-77.31674741899991,5.669115180000063],[-77.31195827399995,5.664378114000044],[-77.2997827449999,5.669388593000065],[-77.27736281799992,5.706637962000059],[-77.26413660899993,5.716082526000093],[-77.2561407039999,5.734994873000062],[-77.25586728999991,5.783506284000055],[-77.24765185799993,5.767036361000066],[-77.24335535599994,5.767466012000057],[-77.2472482469999,5.773598291000042],[-77.2412689489999,5.786967898000057],[-77.24860229599994,5.810540070000059],[-77.25218596899992,5.788696264000066],[-77.27288729599991,5.823234280000065],[-77.27014339399994,5.823634636000065],[-77.26760881699994,5.830673138000066],[-77.27564096299994,5.82720854300004],[-77.27651979299992,5.846142445000055],[-77.2905224829999,5.843320425000059],[-77.29450651199994,5.873561940000059],[-77.30696636699992,5.873601],[-77.30388553499995,5.889403679000054],[-77.31190951399992,5.910082385000067],[-77.30676673199991,5.919222216000037],[-77.32284172399994,5.941724604000058],[-77.31888373499993,5.945591454000066],[-77.33429870099991,5.998989231000053],[-77.3491493919999,6.015290730000061],[-77.34591140899994,6.029538269000057],[-77.35153409199995,6.045948925000062],[-77.36372217299993,6.05915006500004],[-77.35258892999991,5.998878074000061],[-77.36359358199991,5.998975008000059],[-77.35996888099993,6.005877800000064],[-77.37304796099994,6.04412906500005],[-77.44487704399995,6.119356347000064],[-77.4472652259999,6.13123285000006],[-77.45506685099991,6.133614068000043],[-77.45630967999995,6.143870020000065],[-77.4708372039999,6.16037145100006],[-77.48274329799995,6.192152367000062],[-77.46802081999994,6.248912292000057],[-77.46653545999993,6.273847783000065],[-77.47420363399993,6.297279349000064],[-77.4696175819999,6.298040598000057],[-77.45904242099994,6.272806827000068],[-77.43406176199994,6.270134381000048],[-77.40918444199991,6.227140990000066],[-77.39526909199992,6.23556261400006],[-77.39519482399993,6.247185559000059],[-77.40067209099993,6.250546187000054],[-77.38100962899995,6.277431218000061],[-77.38541000999993,6.286027740000065],[-77.3788744229999,6.335137481000061],[-77.3719117949999,6.33998346900006],[-77.36977658899991,6.355059879000066],[-77.37894869099995,6.368168186000048],[-77.39017385599993,6.362479674000042],[-77.40195321499993,6.380812321000064],[-77.40698838599991,6.376240876000054],[-77.4128706159999,6.381146526000066],[-77.40490536899995,6.393270782000059],[-77.38726671099994,6.387515011000062],[-77.38097249499992,6.39733695700005],[-77.36999939299994,6.387199371000065],[-77.3556842289999,6.398896585000045],[-77.36793845499994,6.421009894000065],[-77.37621130499991,6.425040821000039],[-77.36057199399994,6.437819998000066],[-77.36250760399992,6.45512909200005],[-77.35348403899991,6.456326665000063],[-77.3508800159999,6.465336304000061],[-77.36041881599994,6.48744961500006],[-77.33917259899994,6.505595622000044],[-77.33695634899993,6.527904788000058],[-77.32528625999993,6.549342423000041],[-77.34251326999993,6.577460793000057],[-77.36884753699991,6.581551079000064],[-77.37570813399992,6.592599737000057],[-77.37121044999992,6.601676585000064],[-77.40028243699993,6.620775445000049],[-77.39776704699995,6.636125510000056],[-77.4057578789999,6.640672811000059],[-77.40712673899992,6.649717065000061],[-77.3976750839999,6.650955560000057],[-77.39524698699995,6.657490236000058],[-77.40577417499992,6.666224870000065],[-77.3988158009999,6.674242479000043],[-77.40574457899993,6.687075931000038],[-77.41815910199995,6.691581380000059],[-77.42673077499995,6.68444375100006],[-77.42805074699993,6.695473397000058],[-77.44710615299994,6.705902809000065],[-77.47229399199995,6.704284363000056],[-77.50563185199991,6.684251820000043],[-77.51110516099993,6.659966359000066],[-77.5028389659999,6.656550229000061],[-77.50434318799995,6.651180012000054],[-77.5181342379999,6.660852024000064],[-77.52662536299994,6.648002869000038],[-77.53061787899992,6.658996346000038],[-77.53656447799995,6.656058192000046],[-77.53452604599994,6.679183856000066],[-77.54061322599995,6.686522212000057],[-77.53098339099995,6.694746232000057],[-77.54716432599992,6.724900973000047],[-77.55101625999993,6.749474627000041],[-77.5638372969999,6.76323756000005],[-77.5671831379999,6.79101647400006],[-77.5875815199999,6.811738193000053],[-77.58737064799993,6.819006258000059],[-77.62972083799991,6.851306625000063],[-77.65018599599995,6.859267058000057],[-77.65736619799992,6.854395905000047],[-77.66683436499994,6.87562020300004],[-77.68457926999992,6.870727966000061],[-77.68949259499993,6.835333047000063],[-77.70201841099993,6.842239118000066],[-77.70310330399991,6.865707993000058],[-77.7118787739999,6.884197045000064],[-77.70529955799992,6.910682608000059],[-77.69495585499993,6.91828305100006],[-77.69859381799995,6.939305009000066],[-77.68110547399993,6.946446551000065],[-77.67437237899992,6.956614742000056],[-77.6734437799999,6.949370649000059],[-77.66225348899991,6.952294746000064],[-77.6539029459999,6.96690116700006],[-77.65869108599992,6.994856980000066],[-77.68032009199993,7.033391800000061],[-77.69033265399992,7.035521352000046],[-77.77326923899994,7.112929473000065],[-77.78242065199993,7.128061387000059],[-77.7788096829999,7.133276770000066],[-77.79648017699992,7.149294473000054],[-77.80840866799991,7.145034930000065],[-77.81080376999995,7.149389488000054],[-77.81323265499992,7.143712510000057],[-77.8209558609999,7.152324991000057],[-77.82169473499994,7.147755007000058],[-77.83627651699993,7.166258739000057],[-77.83569444699992,7.178431907000061],[-77.84416679899994,7.185754492000058],[-77.85498180299993,7.180587720000062],[-77.8530056379999,7.192710584000054],[-77.86361224699993,7.192380028000059],[-77.86642917899991,7.205846683000061],[-77.8837763009999,7.216985061000059],[-77.7925,7.461014214000045],[-77.7857686669999,7.464328309000052],[-77.76274454899993,7.457763725000063],[-77.75106341199995,7.467519595000056],[-77.74039217399991,7.465537429000051],[-77.70070171099991,7.506483876000061],[-77.73296689599994,7.570148250000045],[-77.7362240189999,7.601850680000041],[-77.74680125899994,7.605435441000054],[-77.7485059569999,7.613466711000058],[-77.74113067699994,7.629622183000038],[-77.74705099899995,7.647428468000044],[-77.74285314999992,7.678909643000054],[-77.72802521799991,7.686500082000066],[-77.72912484199992,7.69547312800006],[-77.69749806599992,7.693018065000047],[-77.64578102399992,7.651645320000057],[-77.63738684399993,7.612032720000059],[-77.62413010699993,7.57875199700004],[-77.60940454199994,7.561178638000058],[-77.60672660099993,7.540657808000049],[-77.59360056799994,7.535808186000054],[-77.58524132699995,7.515008023000064],[-77.56345082699994,7.507336543000065],[-77.5317515289999,7.54651728400006],[-77.52452264999994,7.571762030000059],[-77.51882763299994,7.575466070000061],[-77.50287569299991,7.567638171000056],[-77.48918216299995,7.569534112000042],[-77.4894773339999,7.593597892000048],[-77.4654460349999,7.634211386000061],[-77.4701781629999,7.651463252000042],[-77.44262706799992,7.656789995000054],[-77.43515936599994,7.687215374000061],[-77.41851279199994,7.69867879800006],[-77.41852426299994,7.717422877000047],[-77.41352146399993,7.723643847000062],[-77.39929291899995,7.724339837000059],[-77.39116331699995,7.759945469000058],[-77.37526353299995,7.76118606600005],[-77.3789629929999,7.769193035000058],[-77.37372554099994,7.771177131000059],[-77.34803487599993,7.762626368000042],[-77.3394151569999,7.765954539000063],[-77.34279778299992,7.773835883000061],[-77.3368841329999,7.782259742000065],[-77.34864183399992,7.803891330000056],[-77.35607810199991,7.806133461000059],[-77.35618293999994,7.821132143000057],[-77.36861861099993,7.828338884000061],[-77.34843525199994,7.841252177000058],[-77.3372337969999,7.856944098000042],[-77.34042644499993,7.868201657000043],[-77.3229307929999,7.88413511400006],[-77.32476969699991,7.895836411000062],[-77.3053200569999,7.900030528000059],[-77.2950327179999,7.910828246000051],[-77.27569453199993,7.907859976000054],[-77.25661042699994,7.91996940100006],[-77.21828727199994,7.916353196000046],[-77.21072763299992,7.922232403000066],[-77.19190947399994,7.922368582000047],[-77.1760829509999,7.916908809000063],[-77.15857512399992,7.932259493000061],[-77.17085022899994,7.936690859000066],[-77.17038148799992,7.943784510000057],[-77.18206640799991,7.955218887000058],[-77.16230095899994,7.968939950000049],[-77.16562038299992,7.974229578000063],[-77.19171616099993,7.988573873000064],[-77.21246074499993,8.008218919000058],[-77.22132514399993,8.026237568000056],[-77.23363197599991,8.024964146000059],[-77.22407126199994,8.033467697000049],[-77.22914523499992,8.06772555300006],[-77.21958030799993,8.072654532000058],[-77.21747406599991,8.08790071900006],[-77.23324995099995,8.120107701000052],[-77.23443414799993,8.13013701500006],[-77.2269680739999,8.136762986000065],[-77.25718118599991,8.157911114000058],[-77.2487048779999,8.162264027000049],[-77.24781069699992,8.174836647000063],[-77.25122294599993,8.187471904000063],[-77.26074629999994,8.193883149000044],[-77.26053233699992,8.210189974000059],[-77.28050429399991,8.217246928000066],[-77.28043993599994,8.22879118800006],[-77.29007617499991,8.243439702000046],[-77.2843751179999,8.253047955000056],[-77.30153775799994,8.271719910000058],[-77.2996431709999,8.281448028000057],[-77.30604150199991,8.283317898000064],[-77.31315368299994,8.270482635000064],[-77.33271039699991,8.27335842900004],[-77.33222793499993,8.281339242000058],[-77.35045305099993,8.297774693000065],[-77.35540386999992,8.317144810000059],[-77.3461465069999,8.35226509000006],[-77.36162162799991,8.37684280700006],[-77.35512293499994,8.388186733000055],[-77.35896346399994,8.401132722000057],[-77.38501746899993,8.431089643000064],[-77.40368053999993,8.466096385000071],[-77.40186498799994,8.476467932000048],[-77.44792141499994,8.473303117000057],[-77.44773203599993,8.494842430000062],[-77.45620336699994,8.509450641000058],[-77.44058437399991,8.522717295000064],[-77.4385474799999,8.56021394000004],[-77.42668936399991,8.558095170000058],[-77.41773264499994,8.566969078000056],[-77.40963346799992,8.56631731400006],[-77.41806300499991,8.58818356100005],[-77.3905599069999,8.584737783000037],[-77.40420862299993,8.609418409000057],[-77.3998867219999,8.617398068000057],[-77.40876899799991,8.643993056000056],[-77.39301547999992,8.651212833000045],[-77.37264058799991,8.637344779000045],[-77.36464710699994,8.641048657000056],[-77.36994014299995,8.653931747000058],[-77.36383251899991,8.669257114000061],[-77.36821215299994,8.677372612000056]]]}},{"type":"Feature","properties":{"dpto":41,"dpto_nombre":"Huila"},"geometry":{"type":"Polygon","coordinates":[[[-74.53474407899995,3.843206595000083],[-74.49020481499991,3.817613010000059],[-74.47702002999995,3.824337631000049],[-74.45023019299992,3.818993833000093],[-74.44530024599993,3.800804851000066],[-74.45818780199994,3.772629377000044],[-74.46344641199994,3.740900748000058],[-74.4526538099999,3.730501193000066],[-74.44212449299994,3.730230016000064],[-74.4177934029999,3.741963184000042],[-74.41303179199991,3.724728137000056],[-74.42447800999992,3.708397258000048],[-74.4389856119999,3.707259999000087],[-74.4383867119999,3.698777082000049],[-74.45185002699992,3.691402363000066],[-74.46104511499993,3.667201202000058],[-74.47328293099991,3.663132273000087],[-74.48242534299993,3.667539121000061],[-74.50286305199995,3.646277596000061],[-74.51419749999991,3.60093011400005],[-74.52471749999995,3.595195913000055],[-74.52409939899991,3.579742185000043],[-74.53739291499994,3.559792483000081],[-74.56648146399993,3.522414666000088],[-74.59066507099993,3.527326599000048],[-74.63053112599994,3.471301440000047],[-74.61551352599992,3.459536840000055],[-74.61190851099991,3.445974687000046],[-74.6174952959999,3.429400557000065],[-74.60566752599993,3.414141551000057],[-74.62397658399993,3.39304932500005],[-74.62214293999995,3.378283173000057],[-74.63984327999992,3.368367133000049],[-74.61786774799992,3.330514473000051],[-74.62606169799994,3.29978716100004],[-74.61632758899992,3.28779527100005],[-74.63553077199992,3.278484639000055],[-74.65657649199994,3.247590201000094],[-74.66637224399994,3.230088739000053],[-74.67325823599992,3.186348156000065],[-74.71302240199992,3.169957560000057],[-74.72720883199992,3.137964613000065],[-74.74887156799991,3.122510943000066],[-74.7490095469999,3.110230797000042],[-74.7643252389999,3.105125564000048],[-74.76818549699993,3.093949253000062],[-74.79026216799991,3.073666308000043],[-74.7877799929999,3.060418858000048],[-74.8159630049999,3.053028313000084],[-74.84960421099993,2.99471038900009],[-74.86292699099994,2.993576804000043],[-74.8690482959999,2.973631383000054],[-74.90101355199994,2.962735495000061],[-74.91103394399994,2.931601381000064],[-74.93707520299995,2.907539344000043],[-74.95579305399991,2.879709919000049],[-74.98895538199992,2.858004808000089],[-75.02027666399994,2.81495529700004],[-75.02648572599992,2.793154583000046],[-75.04111152299993,2.783082101000048],[-75.0703443349999,2.742146321000064],[-75.07471860499993,2.745459187000051],[-75.08785962999991,2.730334188000086],[-75.09628292199994,2.737567750000039],[-75.11418915699994,2.724775368000053],[-75.12282660299991,2.729474804000063],[-75.1470971039999,2.72200329900005],[-75.15409344599993,2.704123761000062],[-75.13333209399991,2.691488891000063],[-75.15552010699992,2.645046838000042],[-75.14952624099993,2.620740647000048],[-75.13402046199991,2.604850694000049],[-75.13269170099994,2.59515138800009],[-75.15413153799994,2.581194713000059],[-75.15755635099993,2.563633338000045],[-75.18139363299991,2.531079014000056],[-75.17263145399994,2.523832735000042],[-75.18055808799994,2.507708338000043],[-75.2271032829999,2.51167035800006],[-75.23109796799991,2.480913322000049],[-75.25334452599992,2.452963432000047],[-75.25058991899994,2.444454098000051],[-75.2595250199999,2.441127649000066],[-75.27053535599993,2.422461941000051],[-75.27954463799995,2.422712473000047],[-75.28982344799994,2.389173376000088],[-75.31014718699993,2.361613165000051],[-75.32962409999993,2.365308385000048],[-75.34808738599992,2.323784419000049],[-75.35877700499992,2.320020072000091],[-75.3717720919999,2.32605032400005],[-75.38855687199992,2.312624407000044],[-75.3944704999999,2.302270428000043],[-75.39053827499993,2.293714217000058],[-75.41332148399994,2.250668024000049],[-75.41040519599994,2.245648227000061],[-75.4334623389999,2.23241386400008],[-75.43965742599994,2.220711411000082],[-75.42627104999991,2.188126655000076],[-75.44236401199993,2.147015310000086],[-75.48662728699992,2.135240576000058],[-75.50137201299992,2.122988336000049],[-75.53498428099994,2.11766072100005],[-75.54099361099992,2.089749644000051],[-75.55414013299992,2.080326982000088],[-75.55541314399994,2.069250586000067],[-75.57161911599991,2.049741118000043],[-75.56982975799991,2.041384450000066],[-75.58436028799991,2.03116551100004],[-75.58805904699994,2.011118373000045],[-75.61613604899992,1.997007418000067],[-75.62392716599993,1.974804410000047],[-75.64103852599993,1.958031067000093],[-75.64737902799993,1.935774461000051],[-75.64126868799991,1.922543933000043],[-75.65175862299992,1.901053837000063],[-75.65968571299993,1.891049388000056],[-75.68962168199994,1.879438004000065],[-75.70197350299992,1.866207816000042],[-75.70791263199993,1.83968159200009],[-75.73066979799995,1.823348968000062],[-75.73714924299992,1.782464398000059],[-75.75704869599991,1.776274045000093],[-75.77364823199991,1.762160287000086],[-75.78672043299991,1.763133983000046],[-75.79940296399991,1.749987461000046],[-75.81644967599993,1.753619540000045],[-75.83032024999994,1.747400987000049],[-75.84402044699993,1.722648844000048],[-75.8542283349999,1.725456609000048],[-75.87393346499994,1.714158687000065],[-75.90695680599993,1.71517623200009],[-75.93370260599994,1.692964438000047],[-75.9526511869999,1.663800256000059],[-75.97999357299994,1.65758986600008],[-75.9834295149999,1.621334017000038],[-76.0060270969999,1.614751002000048],[-76.03437752899993,1.582767257000057],[-76.07457936899993,1.584832056000039],[-76.08744749399995,1.577151153000045],[-76.0903200969999,1.568200811000054],[-76.11981589599992,1.552125171000057],[-76.12437813399993,1.566068917000052],[-76.1653501589999,1.587408924000044],[-76.1906898279999,1.571874767000054],[-76.20239677799992,1.578651473000093],[-76.20066690699991,1.592024042000048],[-76.21193376899993,1.606548463000081],[-76.21155502599993,1.640718521000053],[-76.24225436499995,1.68309129000005],[-76.25322524899991,1.674045601000046],[-76.27233599699991,1.674502507000057],[-76.30368110699993,1.69019720600005],[-76.31722614699993,1.683715306000067],[-76.32559910099991,1.663091669000039],[-76.34833686399992,1.661812071000043],[-76.36346566999993,1.669940603000043],[-76.37485903699991,1.66356961200006],[-76.38137566599994,1.667188597000063],[-76.37190640599994,1.742521897000074],[-76.3826263169999,1.746755556000039],[-76.41949161399992,1.717774115000054],[-76.43050976599994,1.741010566000057],[-76.4209403829999,1.756148284000062],[-76.43512621299993,1.791800325000054],[-76.4887794149999,1.825807120000093],[-76.51270946699992,1.833638260000043],[-76.53044834799994,1.82353745000006],[-76.5454271719999,1.839979094000057],[-76.55730732199993,1.839155051000091],[-76.56927389999993,1.855801830000075],[-76.59030683999993,1.868158246000064],[-76.59205402499992,1.881409459000054],[-76.57872337299995,1.898732409000047],[-76.5950382339999,1.919972466000047],[-76.61928494199992,1.926539779000052],[-76.61046455399992,1.946727195000051],[-76.62201820999991,1.95866753100006],[-76.62425897199995,1.973847707000061],[-76.61067955599992,1.995010536000052],[-76.59234818699991,2.005518236000057],[-76.57923259899991,2.001749171000085],[-76.57251299799992,2.019737895000048],[-76.57384549799991,2.029883918000053],[-76.58606254099993,2.034644092000065],[-76.5772786309999,2.056538745000069],[-76.59026539999991,2.107948137000051],[-76.55338511499991,2.139691803000062],[-76.54180977899995,2.134004358000084],[-76.51340118899992,2.135306933000038],[-76.50322899199995,2.126205498000047],[-76.48741747499992,2.129060849000041],[-76.4806003189999,2.110857973000066],[-76.46742999899993,2.100007628000071],[-76.44829913199993,2.116354527000055],[-76.4309171729999,2.12038771400006],[-76.42431416799991,2.131666359000064],[-76.43745834899994,2.161111648000087],[-76.43181902599991,2.17156938100004],[-76.4342627289999,2.187288099000057],[-76.40473178099995,2.200541461000057],[-76.3850928839999,2.268510683000045],[-76.37376724899991,2.27908939200006],[-76.35574311999994,2.270703197000046],[-76.29906426699995,2.282486812000059],[-76.27611413199992,2.271042464000061],[-76.24976430899994,2.246863761000043],[-76.20926970499994,2.198403317000043],[-76.14783691399992,2.201315808000061],[-76.1363036059999,2.220884158000047],[-76.12113532899991,2.224808972000062],[-76.14645181199995,2.294019098000092],[-76.12021528999992,2.390532615000041],[-76.0892478689999,2.41591801900006],[-76.03253500699992,2.402631166000049],[-76.02189805799992,2.44360288200005],[-75.98920865699995,2.47879432600007],[-75.97721133599993,2.504040836000058],[-75.9526905589999,2.48709791400006],[-75.9372822709999,2.488096229000064],[-75.93147070999993,2.478272969000045],[-75.9239955299999,2.481229635000091],[-75.91573586999993,2.471163061000084],[-75.91763206899992,2.457024687000057],[-75.89461837499994,2.433280821000039],[-75.88858415999994,2.434224715000084],[-75.88749726599991,2.425107223000055],[-75.8728002389999,2.43172852400005],[-75.87424262899992,2.426147700000058],[-75.86153302499991,2.427904713000089],[-75.85324382999994,2.454791770000043],[-75.8461357079999,2.45113109600004],[-75.8487391999999,2.458585267000046],[-75.83642281999994,2.460882290000086],[-75.84283331199993,2.466629589000092],[-75.82835390799994,2.480125951000048],[-75.82477218799994,2.476103657000067],[-75.82307074099992,2.483332449000045],[-75.8141156399999,2.483622896000043],[-75.82268281699993,2.494739353000057],[-75.81932678599992,2.519722496000043],[-75.8375083009999,2.540845275000038],[-75.83348219599992,2.551823481000042],[-75.8398743599999,2.558318544000088],[-75.83755865199993,2.567119612000056],[-75.79101917399993,2.630396057000041],[-75.7890891369999,2.65819871900004],[-75.78064276399994,2.659649523000041],[-75.77150211799994,2.677189468000051],[-75.75807901399992,2.680641214000048],[-75.75243936899994,2.697431221000045],[-75.7510259519999,2.742181798000047],[-75.77676605399995,2.754138631000046],[-75.7801845219999,2.761819628000069],[-75.78981214799995,2.758443700000043],[-75.80580667099991,2.76829034800005],[-75.81180211299994,2.779043753000053],[-75.80555201099992,2.819133007000062],[-75.81395919499994,2.821767621000049],[-75.8222176889999,2.835513708000065],[-75.84560256799995,2.842984695000041],[-75.87917940699992,2.833765852000056],[-75.89524152999991,2.855387614000051],[-76.0289934729999,2.940490261000093],[-75.98858766599994,2.982543294000038],[-75.98153408199994,2.956102074000057],[-75.95895498999994,2.936781929000063],[-75.95340013599991,2.917754835000039],[-75.92740629999992,2.921416325000052],[-75.92736512899995,2.913735208000048],[-75.90855786899994,2.909471215000053],[-75.90154201599995,2.894859547000067],[-75.88436854499992,2.897571148000054],[-75.88071967799993,2.887386119000041],[-75.86006847999994,2.873008062000054],[-75.84013335599991,2.871896853000067],[-75.80117136799993,2.886228674000051],[-75.78081099699995,2.911744129000056],[-75.76295009599994,2.914932281000063],[-75.7671114499999,2.923743516000059],[-75.76149996999993,2.942320915000039],[-75.7027124569999,2.969973677000041],[-75.6932148809999,2.99339195400006],[-75.66079632499992,2.986638591000087],[-75.64728537999991,2.996264323000048],[-75.63291843899992,2.995864171000051],[-75.60152390699994,3.039152922000085],[-75.6019754699999,3.054114637000055],[-75.6170267519999,3.061511647000088],[-75.6221425949999,3.075431490000085],[-75.6016529609999,3.113902478000057],[-75.58254868699993,3.123797462000084],[-75.57669913799992,3.142950579000058],[-75.5885058579999,3.155820930000061],[-75.57254986999993,3.200657081000088],[-75.57592420499992,3.228405672000065],[-75.5219469029999,3.301228062000064],[-75.52747635399993,3.318282285000066],[-75.51125371199993,3.328729533000057],[-75.49854056599992,3.321400440000048],[-75.49042422799994,3.325911894000058],[-75.4788044259999,3.361144245000048],[-75.46286536999992,3.354378484000051],[-75.44486950499993,3.356841229000054],[-75.44060789199995,3.345162835000053],[-75.42609555899992,3.352501089000043],[-75.4149668199999,3.371225068000058],[-75.40668629399994,3.369447612000045],[-75.3962151209999,3.377380975000051],[-75.37535294399993,3.374945212000057],[-75.37343516499993,3.39578554700006],[-75.36166665999991,3.408823845000086],[-75.35590022399992,3.402841412000043],[-75.34138087899993,3.405367667000064],[-75.34028960899991,3.397965141000043],[-75.32177286899991,3.408044953000058],[-75.31850674899994,3.419499282000061],[-75.30830257799994,3.403914848000056],[-75.25931957899991,3.376758074000065],[-75.25235370699994,3.365705479000042],[-75.24599767599994,3.395116138000049],[-75.22726536699992,3.415769863000094],[-75.21147526399994,3.412438614000052],[-75.21113262299991,3.407651138000062],[-75.2004440849999,3.409430977000056],[-75.19988382299994,3.384554628000046],[-75.17489824699993,3.377309831000048],[-75.17416142399992,3.408690381000042],[-75.1515986149999,3.418679097000052],[-75.15365026299992,3.427332191000062],[-75.14742834899994,3.435821368000063],[-75.1316724159999,3.43029408600006],[-75.03696097399995,3.429534274000048],[-75.04273437499995,3.408442885000056],[-75.03022131199992,3.400497553000093],[-75.0276531159999,3.391391071000044],[-75.05688354199992,3.377985856000066],[-75.05789591399991,3.314656323000065],[-75.0706067349999,3.295296199000063],[-75.01354702999993,3.287723347000053],[-75.00062715599995,3.276212288000067],[-74.9800388669999,3.285273991000054],[-74.9590817639999,3.277076746000091],[-74.9053739869999,3.291358759000047],[-74.87548253799991,3.326131573000055],[-74.84849373599991,3.340828074000058],[-74.84867219599994,3.351737904000061],[-74.83113556699993,3.369607654000049],[-74.82567470299995,3.38888128800005],[-74.81532405199994,3.393473648000054],[-74.8163472199999,3.406429814000091],[-74.76450520299994,3.440883009000061],[-74.76171134799995,3.454611145000058],[-74.78082763099991,3.479007477000039],[-74.78071953499995,3.509714927000061],[-74.76923646099993,3.530120045000047],[-74.74757577699995,3.527733625000053],[-74.72862579699995,3.551581167000052],[-74.7266468169999,3.56200823100005],[-74.7338559559999,3.566356994000046],[-74.73835439299995,3.590761643000064],[-74.72021935099991,3.614109925000093],[-74.71219164899992,3.610650781000061],[-74.70098438799994,3.615716061000057],[-74.69739139799992,3.641631363000045],[-74.67538138799995,3.671716674000038],[-74.64727103099995,3.683093472000053],[-74.59077682599991,3.729459229000042],[-74.55760296199992,3.767068511000048],[-74.54488468699992,3.807242750000057],[-74.5345414379999,3.821018767000055],[-74.53474407899995,3.843206595000083]]]}},{"type":"Feature","properties":{"dpto":44,"dpto_nombre":"La Guajira"},"geometry":{"type":"Polygon","coordinates":[[[-71.67073859599992,12.459383328000058],[-71.61071638399994,12.436981876000061],[-71.57666509299992,12.435937444000047],[-71.57418030899993,12.444168295000054],[-71.5567978119999,12.434903131000056],[-71.5427204479999,12.440418004000037],[-71.52605305199995,12.43734291900006],[-71.46037446399993,12.407352484000057],[-71.43661778899991,12.380660320000061],[-71.42771187299991,12.386442694000039],[-71.41521811299992,12.381046293000054],[-71.40258227499993,12.383999926000058],[-71.3527104609999,12.36831406400006],[-71.32284827799992,12.347667265000041],[-71.31347926299992,12.350492874000054],[-71.31244135899993,12.356808845000046],[-71.30172362199994,12.353368612000054],[-71.22832722099992,12.300578406000056],[-71.2196207579999,12.260323783000047],[-71.11513918999992,12.086038148000057],[-71.11614078399992,12.034736334000058],[-71.13613016799991,12.002713541000048],[-71.15234045599993,11.99923280300004],[-71.16728500499994,11.987376332000053],[-71.17493799599993,11.989399537000054],[-71.18039108699992,11.98012731700004],[-71.19063981999994,11.981306722000056],[-71.21900880499993,11.964230359000055],[-71.28219976699995,11.906109153000045],[-71.29011480399993,11.916274543000043],[-71.29521043299991,11.918499032000057],[-71.3015476349999,11.918240369000046],[-71.3036427909999,11.923180801000058],[-71.31093704199992,11.928871351000055],[-71.31287700199994,11.92137017400006],[-71.3039273199999,11.92245654900006],[-71.31196518799993,11.914998959000059],[-71.32704352299993,11.921154156000057],[-71.32738387199993,11.909003703000053],[-71.33242103399994,11.907097749000059],[-71.3262915649999,11.90158516200006],[-71.31544591799991,11.902468295000062],[-71.30042902399992,11.916590149000058],[-71.29005679599993,11.914025498000058],[-71.3221956239999,11.859419118000062],[-71.32412493599992,11.833120769000061],[-71.33069378099992,11.846028778000061],[-71.3308775239999,11.844007594000061],[-71.33452943499992,11.844237276000058],[-71.33321753999991,11.850431900000046],[-71.34130499399993,11.849152425000057],[-71.3466105999999,11.840998787000046],[-71.33815837899994,11.841733766000061],[-71.34523251999991,11.837415781000061],[-71.35956454799992,11.835164917000043],[-71.36165463499992,11.840815045000056],[-71.3652146739999,11.840103037000063],[-71.36241257899991,11.827011282000058],[-71.36921110399993,11.832041270000047],[-71.3881863659999,11.828325189000054],[-71.3874305569999,11.815249688000051],[-71.37840944399994,11.812129723000055],[-71.45713524699994,11.78650026400004],[-71.61100662099994,11.746300808000058],[-71.80219021099992,11.68004796200006],[-71.97136323599995,11.646266879000052],[-72.24941648299995,11.140186009000047],[-72.33144020599991,11.144273935000058],[-72.34931359599994,11.151372837000054],[-72.36582494499993,11.139364731000057],[-72.4232983409999,11.125797848000047],[-72.43789416899995,11.115286981000054],[-72.44358856199995,11.127657618000057],[-72.4982604949999,11.085079119000056],[-72.48187019599993,11.058560845000045],[-72.50504374799993,11.037926110000058],[-72.50876451999994,11.022737017000054],[-72.52605533199994,11.011802876000047],[-72.5188830589999,11.000663659000054],[-72.53500489399994,10.987450095000042],[-72.55377450499992,10.940203576000044],[-72.57475301599993,10.91572657000006],[-72.6039085829999,10.89748577000006],[-72.6125172639999,10.882642601000043],[-72.62040500199993,10.887008737000087],[-72.64797635499991,10.880428129000052],[-72.64980622699994,10.866518763000045],[-72.6588055819999,10.857276094000042],[-72.6618703279999,10.83117459600004],[-72.67554749299995,10.820293709000055],[-72.67539623399995,10.806562547000055],[-72.6826148799999,10.79614278200006],[-72.67994478199995,10.763989907000052],[-72.71135835699994,10.752109422000046],[-72.7177429379999,10.739052727000058],[-72.71593345399992,10.706062014000054],[-72.72970495299995,10.696344873000044],[-72.7395083319999,10.669909061000055],[-72.73843757499992,10.65463291900005],[-72.74976380699991,10.65153962100004],[-72.75014256999992,10.634127551000063],[-72.78968880499991,10.604073123000092],[-72.79281991199991,10.58852100100006],[-72.81982039299993,10.570150057000092],[-72.82601958299995,10.548050912000065],[-72.84300298499994,10.538949475000038],[-72.83443692899993,10.518486109000037],[-72.84377631399991,10.507481103000089],[-72.84466702499992,10.48517365500004],[-72.85361974699993,10.480712167000092],[-72.8627271339999,10.463383744000055],[-72.89126876899991,10.451343669000039],[-72.90103120399993,10.434346367000046],[-72.9425101999999,10.42698200700005],[-72.97793480599995,10.40250653000004],[-73.01045201199992,10.404489638000086],[-73.01617852599992,10.41182165400005],[-73.03685685599993,10.403462345000037],[-73.08446821599995,10.426336161000052],[-73.12742827399995,10.399200104000045],[-73.14431865299991,10.398094298000046],[-73.14233075699991,10.436776226000063],[-73.16868715699991,10.46186706900005],[-73.17788907899995,10.45658185800005],[-73.18162302499991,10.466472679000049],[-73.17069483599994,10.473030833000053],[-73.1749340209999,10.481165230000045],[-73.16398689499994,10.484477638000044],[-73.16801456699994,10.492200138000044],[-73.16052070399991,10.488031343000046],[-73.15605527199995,10.497666671000047],[-73.1448750269999,10.499490021000042],[-73.14948461999995,10.508085021000056],[-73.1395001649999,10.514164754000092],[-73.13755127199994,10.530335090000051],[-73.12337805299995,10.527140934000045],[-73.09881787899991,10.549767219000046],[-73.0953627639999,10.558342199000037],[-73.10133088599991,10.572129937000057],[-73.0850765429999,10.59103064900006],[-73.0893974199999,10.608232693000048],[-73.08219369199992,10.629399482000053],[-73.09832256099992,10.65121438500006],[-73.09644869399995,10.659531520000087],[-73.10656276999993,10.67709877100009],[-73.14614414399995,10.69150836700004],[-73.1572796289999,10.703667297000038],[-73.15714789799995,10.71542727600007],[-73.20762661399993,10.707460895000054],[-73.2151031759999,10.730510307000088],[-73.2295137399999,10.73197538900007],[-73.23731801199995,10.740471697000089],[-73.24831103699995,10.731515418000072],[-73.2778252359999,10.72642766100006],[-73.27505744299992,10.741459940000084],[-73.2524358199999,10.770733101000076],[-73.2593138819999,10.785097027000063],[-73.25220275999993,10.813161967000042],[-73.25580405799991,10.827725298000075],[-73.26443173799993,10.83122814300009],[-73.26525278899993,10.84525786900008],[-73.27715300499995,10.847587488000045],[-73.27958949999993,10.856699192000065],[-73.28973955099991,10.862320149000084],[-73.3123186489999,10.846152620000055],[-73.33754801299995,10.86256445400005],[-73.3735925659999,10.858095085000059],[-73.39316084199993,10.86748639700005],[-73.46858573199995,10.867666391000057],[-73.51979317399991,10.847671655000056],[-73.56187281899992,10.84707452300006],[-73.5985949329999,10.83595530000008],[-73.6153189769999,10.882255354000051],[-73.63344610999991,10.90022527900004],[-73.64257451399993,10.967076459000054],[-73.66493362999995,10.989741375000051],[-73.64863422499991,11.015841960000046],[-73.65303670499992,11.03056407300005],[-73.63545193599992,11.04163161300005],[-73.65002809899994,11.06079814900005],[-73.64095969699991,11.070656252000049],[-73.6473971769999,11.075451860000044],[-73.6408846459999,11.077925873000083],[-73.65087230699993,11.08853369700006],[-73.63740314099994,11.108752676000051],[-73.65337386599992,11.13749357200004],[-73.64479132899993,11.137627662000057],[-73.64457065599993,11.144553465000058],[-73.63414597799994,11.141784758000085],[-73.63426341099995,11.146339218000037],[-73.62746695099992,11.141701583000042],[-73.61675184099994,11.153586190000055],[-73.6197828839999,11.161706079000055],[-73.60863867199993,11.163052554000046],[-73.61044780199995,11.171355867000045],[-73.5912556319999,11.178374217000055],[-73.5915210089999,11.188524255000061],[-73.58392597299991,11.189353358000062],[-73.58196969399995,11.21646233100006],[-73.57259968199992,11.225245794000045],[-73.5781263369999,11.22968297600005],[-73.56806000799992,11.232674967000037],[-73.56545145599995,11.25522869300005],[-73.57489592999991,11.259700988000077],[-73.53194838699994,11.25113331600005],[-73.48454498099994,11.263207911000052],[-73.43684973799992,11.257350600000052],[-73.41713603999995,11.26268572500004],[-73.36056236299993,11.262329880000038],[-73.27669629799993,11.285792126000047],[-73.19907331399992,11.341780053000036],[-73.18914337399991,11.365879710000058],[-73.15963557299995,11.385038259000055],[-73.14310667399991,11.407525175000046],[-73.09393512899993,11.42624614400006],[-73.02921531699991,11.491763483000057],[-72.88377710199995,11.563181369000063],[-72.83199049099994,11.631154859000048],[-72.76913728999995,11.678828254000052],[-72.72296680199992,11.70011431800009],[-72.68355157399992,11.70666570700007],[-72.65910860499991,11.718460878000087],[-72.62398660199995,11.721451065000053],[-72.59246295199995,11.746791616000053],[-72.56144611699995,11.745068459000038],[-72.51479962299993,11.77691014800007],[-72.44406620799992,11.779714893000062],[-72.41120139899994,11.79299702500009],[-72.3808744719999,11.818304061000049],[-72.29722994199994,11.856841578000058],[-72.24644287599995,11.891681937000044],[-72.25186571199993,11.880453079000063],[-72.24445571799993,11.878242640000053],[-72.2267219709999,11.891228969000053],[-72.22550693199992,11.899994789000061],[-72.24669193799991,11.892342882000037],[-72.21471793099994,11.930384515000071],[-72.19934066399992,11.977468100000067],[-72.15914259599992,12.04636759400006],[-72.13875449599993,12.104636047000042],[-72.14813698599994,12.199276289000068],[-72.1524121349999,12.20535999200007],[-72.18003398899992,12.206940746000043],[-72.17870306599991,12.21681333400005],[-72.14396276699995,12.233930445000055],[-72.14315181799992,12.23944113400006],[-72.0836790539999,12.230905973000063],[-72.0107808759999,12.24275192500005],[-71.96121402099993,12.257721700000047],[-71.9568242499999,12.248627829000043],[-71.96425539799992,12.228179394000051],[-71.98858765799991,12.21010801500006],[-71.98789046699994,12.198371264000059],[-71.99574172099994,12.200180575000047],[-72.00085124199995,12.186319567000055],[-71.98243497499993,12.18111828700006],[-71.97887709499992,12.172291353000048],[-71.98651425799994,12.147562365000056],[-71.97301943999992,12.156619336000063],[-71.96582535699991,12.146915922000062],[-71.97040427899992,12.162355719000061],[-71.96083940199992,12.179749259000062],[-71.96315017899991,12.14946165400005],[-71.9468908209999,12.157131295000056],[-71.94715238099991,12.151507751000054],[-71.93861001599993,12.153100338000058],[-71.9445853869999,12.160640002000036],[-71.9299636909999,12.151122095000062],[-71.92954668999994,12.158743281000056],[-71.91779224699991,12.166351292000058],[-71.92491976299993,12.183875828000055],[-71.9146355229999,12.182102869000062],[-71.88758204299995,12.197738517000062],[-71.88392019999992,12.191330295000057],[-71.86854985699995,12.19090675600006],[-71.86214531299993,12.196234548000064],[-71.86718034699993,12.206043056000055],[-71.86154257599992,12.205036054000061],[-71.86154412099995,12.217268097000044],[-71.87985078799994,12.235934735000058],[-71.87026305199993,12.24757657300006],[-71.89026689899993,12.251447477000056],[-71.89170664599993,12.262682274000042],[-71.88627788499991,12.26731238800005],[-71.8912070479999,12.275276620000056],[-71.93993271199992,12.275829773000055],[-71.94406074799991,12.25935849800004],[-71.9557244909999,12.272877988000062],[-71.89941235899994,12.315142460000061],[-71.8600906069999,12.35620939000006],[-71.84092404899991,12.351462364000042],[-71.82564790899994,12.36263393300004],[-71.82269398799991,12.371997695000061],[-71.80648135099995,12.366845582000053],[-71.83976537399991,12.339817176000054],[-71.8206588999999,12.31040371000006],[-71.80291575399991,12.305760545000055],[-71.79375266599993,12.328605401000061],[-71.7562878139999,12.332790805000059],[-71.73936984599993,12.35206443900006],[-71.73734445999992,12.36838361200006],[-71.7445094819999,12.378333688000055],[-71.7618914439999,12.380974890000061],[-71.7344800539999,12.39375259700006],[-71.72462908599994,12.411455784000054],[-71.71784762199991,12.411884090000058],[-71.7113075879999,12.40037731800004],[-71.7122922659999,12.393893306000052],[-71.72572476099992,12.38711203300005],[-71.72217620399994,12.370391085000051],[-71.71851617399994,12.376912255000036],[-71.7100070699999,12.368979094000053],[-71.70287624499991,12.376673235000055],[-71.69347753399995,12.36807867400006],[-71.7013065079999,12.362278549000052],[-71.69330050699995,12.36407865600006],[-71.68537850299992,12.372708708000062],[-71.70017130199994,12.381583617000047],[-71.6896549409999,12.388761273000057],[-71.6957254269999,12.392323537000038],[-71.67456230199991,12.38926463100006],[-71.6473519619999,12.408597111000063],[-71.63461413099992,12.403357965000055],[-71.62856739099993,12.41300573600006],[-71.67633387099994,12.404571847000057],[-71.6648366359999,12.418199523000055],[-71.64875748499992,12.42437085000006],[-71.6577740109999,12.426928128000043],[-71.64714984199992,12.431069535000063],[-71.65935706599993,12.433742021000057],[-71.66838772199992,12.425670239000056],[-71.6739593069999,12.426768525000057],[-71.67180308999991,12.432100999000056],[-71.70010457599994,12.417664091000063],[-71.68372858499993,12.436591315000044],[-71.6846708189999,12.442930080000053],[-71.7014451039999,12.434030910000047],[-71.71186051399991,12.417499819000057],[-71.73497931299994,12.408721356000058],[-71.7304708929999,12.426864088000059],[-71.7192515189999,12.437532526000041],[-71.67073859599992,12.459383328000058]]]}},{"type":"Feature","properties":{"dpto":47,"dpto_nombre":"Magdalena"},"geometry":{"type":"Polygon","coordinates":[[[-74.04346764699994,11.348789521000072],[-74.03572361199991,11.338686520000067],[-74.0304799079999,11.34662938100007],[-74.01057130899994,11.338848772000063],[-74.00542937099993,11.342830509000066],[-73.97515601099991,11.338699551000047],[-73.94710771799993,11.314313852000055],[-73.89466347599995,11.298815994000051],[-73.85799646099991,11.274194200000068],[-73.79068639399992,11.256427906000056],[-73.76094807299995,11.265112031000058],[-73.71522416499994,11.253891888000055],[-73.69854795099991,11.260801539000056],[-73.66051740299991,11.252124713000057],[-73.59304127799993,11.263474105000057],[-73.56534437499994,11.25458061200004],[-73.56811963099995,11.232370141000047],[-73.57810505499992,11.229736126000091],[-73.57262540199991,11.225117194000063],[-73.5792677259999,11.22428497900006],[-73.57443742799995,11.21839274100006],[-73.5819546429999,11.216503576000036],[-73.58287716199993,11.191999713000087],[-73.59158691999994,11.188422801000058],[-73.59100284599992,11.178636557000061],[-73.61028806999991,11.171524832000046],[-73.6082062179999,11.163546877000044],[-73.6197828839999,11.161706079000055],[-73.61675184099994,11.153586190000055],[-73.62746695099992,11.141701583000042],[-73.63426341099995,11.146339218000037],[-73.63414597799994,11.141784758000085],[-73.64457065599993,11.144553465000058],[-73.64479132899993,11.137627662000057],[-73.65334873299992,11.137587607000057],[-73.63740314099994,11.108752676000051],[-73.65087230699993,11.08853369700006],[-73.6408846459999,11.077925873000083],[-73.6473971769999,11.075451860000044],[-73.64095969699991,11.070656252000049],[-73.65002809899994,11.06079814900005],[-73.63545193599992,11.04163161300005],[-73.65303670499992,11.03056407300005],[-73.64863422499991,11.015841960000046],[-73.66494127499993,10.989868582000042],[-73.64260460699995,10.967151699000055],[-73.63604720699993,10.907923634000042],[-73.61461243299993,10.88093761600004],[-73.5985949329999,10.83595530000008],[-73.63521681199995,10.807864940000059],[-73.63866211899995,10.787793090000036],[-73.61256486499991,10.788653479000061],[-73.5889943219999,10.781709465000063],[-73.57373832299993,10.766506635000042],[-73.5419073409999,10.754718293000053],[-73.56231565799993,10.740852488000087],[-73.55824835699991,10.731980115000056],[-73.5647421999999,10.725961735000055],[-73.56313152799993,10.715958865000061],[-73.57534424999994,10.712086876000058],[-73.58291392199993,10.716716507000058],[-73.59378546999994,10.705264796000051],[-73.5966860879999,10.685801987000048],[-73.61165902399995,10.67273719900004],[-73.61688143999993,10.644687933000057],[-73.59850005399994,10.63957756700006],[-73.59535931199991,10.63094314500006],[-73.60120074399993,10.613959713000042],[-73.59429248399994,10.601989564000064],[-73.59594421899993,10.58511793200006],[-73.61342951699993,10.564226379000047],[-73.59783529899994,10.562299134000057],[-73.59045716199995,10.549091742000087],[-73.57047412799994,10.541776799000047],[-73.56194938599992,10.50567744500006],[-73.57244437199995,10.499091389000057],[-73.58443355799994,10.50186388800006],[-73.59235596399992,10.49383911700005],[-73.6014704239999,10.500620498000046],[-73.62945601299992,10.494608240000048],[-73.63983595099995,10.500767711000037],[-73.64805444799993,10.491278364000038],[-73.64480497699992,10.483161462000055],[-73.65321603799993,10.476852576000056],[-73.64391931099993,10.468626181000047],[-73.65226327499994,10.460454997000056],[-73.66162305099994,10.45482428300005],[-73.68551759399992,10.46445559600005],[-73.70331999699994,10.463598683000043],[-73.6991668419999,10.451350693000052],[-73.7045949219999,10.443039758000054],[-73.69943676399993,10.439374071000088],[-73.70417396199991,10.430109517000062],[-73.74071798299991,10.435749348000058],[-73.74067435099994,10.429441413000063],[-73.7462784409999,10.431273762000046],[-73.75355365799993,10.41621013200006],[-73.76530225999994,10.413556912000047],[-73.7790307059999,10.396173316000045],[-73.78598510599994,10.398335590000045],[-73.7926953729999,10.391873993000047],[-73.80648186399992,10.396357015000092],[-73.81765529199993,10.385077682000087],[-73.82327241699994,10.39566893400007],[-73.83046876399993,10.396345241000063],[-73.82952156599993,10.402359609000086],[-73.84252259199991,10.401007150000055],[-73.8565193849999,10.387941265000052],[-73.86740859899993,10.394566070000053],[-73.88401153599995,10.387523653000073],[-73.88393193999991,10.393660705000059],[-73.92185145399992,10.375068849000058],[-73.9329777449999,10.365645660000041],[-73.93288132799995,10.355225293000046],[-73.96132195899992,10.336777424000047],[-73.9555217219999,10.32607445900004],[-73.96329146599993,10.315779515000088],[-73.95772583199994,10.30973989100005],[-73.96313530899994,10.30863750800006],[-73.96509243699995,10.288102543000093],[-74.00066950799993,10.265655893000087],[-74.0123213839999,10.252252861000045],[-74.01037084799992,10.236252128000046],[-74.0408055499999,10.219901317000051],[-74.038932,10.201534209000044],[-74.06572920499991,10.16652160700005],[-74.0604132279999,10.14036883700004],[-74.06291073599994,10.12880646800005],[-74.07441369599991,10.120145100000059],[-74.06737619699993,10.097778625000046],[-74.08437106499991,10.073056474000055],[-74.07382609299992,10.051133725000057],[-74.06178034899995,10.041601335000053],[-74.05109341699995,10.010254521000093],[-74.03709107799995,10.006383008000057],[-74.03198965699994,9.991143486000055],[-74.01175835299995,9.976095317000045],[-74.00183122199991,9.940197453000053],[-73.9526661239999,9.92693513100005],[-73.95013690199994,9.913524205000044],[-73.93698127999994,9.906729935000044],[-73.9222835029999,9.885606995000046],[-73.92285014099991,9.876933458000053],[-73.90437367999994,9.861254772000052],[-73.89496343699994,9.832090919000052],[-73.8862882219999,9.833424709000042],[-73.87440365599991,9.812731381000049],[-73.86696162599992,9.815953121000064],[-73.86680246299994,9.81063570300006],[-73.8417921169999,9.797342872000058],[-73.82743345699993,9.75293720400009],[-73.83901967399993,9.73102429000005],[-73.82509886699995,9.719774450000045],[-73.8292358349999,9.71630073600005],[-73.8237472049999,9.716601009000044],[-73.82492343399991,9.710246042000051],[-73.81768314399994,9.710680654000043],[-73.80909144199995,9.692074683000044],[-73.8151242049999,9.689603395000063],[-73.80936348199992,9.689131261000057],[-73.81465846899994,9.685530725000092],[-73.81202097899995,9.672114792000059],[-73.80741078599993,9.672019763000037],[-73.81074451199993,9.661716561000048],[-73.80326414799993,9.63641657900007],[-73.86789294899995,9.600995157000057],[-73.87938423799994,9.600862280000058],[-73.88226845699995,9.61403189400005],[-73.89339731599995,9.616429467000046],[-73.90979166299991,9.60175998200009],[-73.91870684799994,9.605611331000091],[-73.94879120099995,9.591044572000044],[-73.98454824799995,9.586567161000062],[-73.98926109599995,9.579814430000056],[-74.00396235799991,9.595359783000049],[-74.01036338799992,9.595641148000084],[-74.01029304199994,9.58959182600006],[-74.03673941799991,9.59132259100005],[-74.05367237999991,9.566776667000056],[-74.06591440499994,9.567804771000056],[-74.09523541599992,9.536123455000052],[-74.1035960879999,9.517950221000092],[-74.11125409199991,9.51820936100006],[-74.11940942899992,9.504000072000053],[-74.13915998999994,9.49377996000004],[-74.12078672699994,9.480133967000086],[-74.09741046999994,9.476703047000058],[-74.0492580049999,9.424443188000055],[-74.03401152299995,9.424034755000037],[-74.00834726699992,9.398881722000056],[-73.99057736399993,9.397668727000053],[-73.97809479299991,9.389381326000091],[-73.98394509099995,9.382950161000053],[-73.99169077199991,9.324019728000053],[-73.97886044099994,9.30596584500006],[-73.95785093899991,9.303765198000065],[-73.94279143699993,9.289562938000074],[-73.9494521279999,9.237385275000065],[-73.96572677299991,9.21781812000006],[-73.95594135699992,9.196243042000049],[-73.96203268199991,9.187675889000047],[-73.89282930299993,9.173587285000053],[-73.87890851899994,9.185847992000049],[-73.86662226099992,9.182968076000066],[-73.86193143799994,9.17057569900004],[-73.87549764999994,9.145983825000087],[-73.8753256789999,9.130541569000059],[-73.86106503999991,9.109165700000062],[-73.79802234999994,9.058297960000061],[-73.79636580599993,9.045945888000062],[-73.80982164699992,9.044635203000041],[-73.80269097199994,9.036525322000045],[-73.8110431689999,9.037158349000038],[-73.80824798499992,9.028078563000065],[-73.82580164299992,9.022713163000049],[-73.8258439029999,9.000703032000047],[-73.83639012899994,8.984043908000046],[-73.83218777299993,8.97925317700009],[-73.84030977799995,8.96680927500006],[-73.85046756499992,8.964639466000051],[-73.84984892299991,8.95575466300005],[-73.86765512799991,8.936489179000091],[-73.87038742599992,8.960431516000085],[-73.90005575899994,8.980717824000067],[-73.92075650999993,8.978294435000066],[-73.95913625899993,8.99592450700004],[-73.97766558699993,8.983928363000075],[-73.99089801799994,8.996255674000054],[-74.00184394199994,8.99546459000004],[-74.00225665799991,9.009732769000038],[-73.98500888399991,9.010554475000049],[-74.00676216799991,9.031829938000044],[-74.02835203399991,9.027026983000042],[-74.0355938269999,9.04439184100005],[-74.04315492299992,9.04061137900004],[-74.04728926199994,9.02335673500005],[-74.05709585099993,9.018505769000058],[-74.07750791699993,9.026282564000041],[-74.09799583499995,9.015818201000059],[-74.11317995799993,9.040983703000052],[-74.12725497199995,9.028262107000046],[-74.13941289699994,9.029861527000037],[-74.14023585399991,9.041239120000057],[-74.12010149299994,9.043230022000046],[-74.11793922699991,9.04888141400005],[-74.1310763159999,9.055461623000042],[-74.1346607239999,9.064402751000046],[-74.15729310899991,9.057377078000059],[-74.15755762999993,9.070863399000075],[-74.17738888199995,9.077109893000056],[-74.1765868949999,9.089289781000048],[-74.20079766399994,9.100530473000049],[-74.21370555899995,9.120175428000039],[-74.22843910899991,9.124046039000064],[-74.2200753329999,9.136127052000063],[-74.24827782499995,9.164652782000076],[-74.26645994799992,9.169582155000057],[-74.28388639699995,9.157466212000088],[-74.29824690899994,9.15983490900004],[-74.29111073599995,9.191616689000057],[-74.29543874799992,9.201758209000047],[-74.34752151899994,9.232909464000045],[-74.40303060799994,9.213748527000064],[-74.42478201499995,9.245018081000069],[-74.4349861849999,9.274147197000048],[-74.4638331509999,9.271320159000084],[-74.51086493699995,9.23405047600005],[-74.52990507299995,9.241471305000061],[-74.53372486799992,9.26098619000004],[-74.56081415499995,9.292947545000061],[-74.56557337999993,9.31423536400007],[-74.59275798899995,9.32381547600005],[-74.61528059499994,9.34099533400007],[-74.61844712099992,9.371501503000047],[-74.66018043999992,9.385967377000043],[-74.67240618699992,9.413078677000044],[-74.69889072199993,9.426862110000059],[-74.7320748759999,9.418828272000042],[-74.7388978159999,9.425273728000093],[-74.74275015699993,9.447165623000046],[-74.76333732099994,9.463752473000056],[-74.77768770099993,9.462374072000046],[-74.80282707299995,9.44366965200004],[-74.80677058299995,9.465303787000039],[-74.77574539699992,9.500681004000057],[-74.78803005599991,9.527016489000061],[-74.80705403699994,9.547422054000037],[-74.77358049399993,9.587267882000049],[-74.77697453899992,9.626194694000048],[-74.80575276699994,9.675530604000073],[-74.78764598399994,9.696864823000055],[-74.81528884799991,9.731168808000064],[-74.80523041799995,9.76181129400004],[-74.81559729899993,9.789894282000091],[-74.85044212799994,9.820909648000054],[-74.8643028379999,9.845298909000064],[-74.87329063599992,9.848504209000055],[-74.88236986399994,9.872851249000064],[-74.87172380299995,9.901938853000047],[-74.87262537399994,9.93674917900006],[-74.85293278899991,9.954389227000092],[-74.82039499199993,9.967333129000053],[-74.78788013499991,10.009399042000041],[-74.81668212099993,10.040445289000047],[-74.83974108399991,10.07866064600006],[-74.89259370199994,10.106242355000063],[-74.92692939999995,10.108234198000048],[-74.93729139499993,10.115021436000063],[-74.94643853299993,10.135661471000049],[-74.93161017599994,10.180423827000084],[-74.92597801399995,10.222138837000045],[-74.91644164699994,10.233087992000037],[-74.89531605199994,10.295442660000049],[-74.86122790099995,10.352653583000063],[-74.86589043599992,10.373092926000083],[-74.86190661299992,10.38652171700005],[-74.84726658599993,10.403098680000085],[-74.82717732999993,10.41119818900006],[-74.81806411999992,10.424832654000056],[-74.8099710649999,10.475273211000058],[-74.79839908999992,10.496174784000061],[-74.7670655629999,10.52813721800004],[-74.73891923999992,10.54229521700006],[-74.73820984799994,10.582076165000046],[-74.72439523199995,10.606790419000049],[-74.7266507459999,10.623682729000052],[-74.74705867999995,10.649198856000055],[-74.7228416769999,10.672575688000052],[-74.72511400299993,10.771728067000083],[-74.73623669799991,10.800167972000054],[-74.74164515299992,10.840634980000061],[-74.73650231999994,10.888761198000054],[-74.7183881119999,10.909236331000045],[-74.75384961399993,10.936128187000065],[-74.75884476699991,10.983657356000037],[-74.76867216799991,11.001971451000088],[-74.83904970599991,11.058699349000051],[-74.85186053199993,11.105367258000058],[-74.61981038599993,11.015689093000049],[-74.51236190199995,10.986101628000085],[-74.42069784899991,10.974801453000055],[-74.35084207699992,10.976043710000056],[-74.3043193659999,10.984878154000057],[-74.25059224299991,11.01769449200009],[-74.21499961399991,11.070133565000049],[-74.2214853939999,11.09925601000009],[-74.23349456699992,11.116527637000047],[-74.22662902899992,11.144357051000043],[-74.2302862599999,11.164969727000084],[-74.24123475499994,11.17583323100007],[-74.22810168899991,11.204856533000054],[-74.2417967049999,11.220009146000052],[-74.2165715889999,11.24053133600006],[-74.21500316299995,11.25210092900005],[-74.22071648699995,11.250325137000061],[-74.22084807899995,11.253210541000044],[-74.1913870169999,11.264397001000077],[-74.20658081199991,11.274191878000067],[-74.19083160799994,11.29182392100006],[-74.1942830079999,11.303660836000063],[-74.18542683499993,11.298720248000052],[-74.17338933199994,11.307599305000053],[-74.16721832999991,11.305537797000056],[-74.16791468899993,11.295462273000055],[-74.14895298599993,11.298126523000064],[-74.16090904099991,11.324158491000048],[-74.15097706999995,11.326063508000061],[-74.1447494279999,11.33696847400006],[-74.1382983119999,11.33173866900006],[-74.14252537999994,11.32569013400007],[-74.1349266389999,11.325812660000054],[-74.13497247399994,11.315514282000038],[-74.1253505219999,11.31946434300005],[-74.12424992199993,11.334387069000059],[-74.10535817399995,11.318907497000055],[-74.11169121799992,11.341959917000054],[-74.10727614299992,11.347920844000043],[-74.1050538309999,11.340346400000044],[-74.09569270299994,11.33921319600006],[-74.0999199339999,11.32232487400006],[-74.08291469499994,11.315537194000058],[-74.07672292599995,11.319030645000055],[-74.08037181999993,11.332803245000036],[-74.0747548949999,11.342216172000064],[-74.06483541799992,11.345286332000057],[-74.0630786939999,11.330717097000047],[-74.05684918199995,11.328079409000054],[-74.04946725799994,11.332001676000061],[-74.05210412499991,11.345419349000053],[-74.04346764699994,11.348789521000072]]]}},{"type":"Feature","properties":{"dpto":50,"dpto_nombre":"Meta"},"geometry":{"type":"Polygon","coordinates":[[[-71.0779310449999,4.899101335000069],[-71.07752569599995,2.882232412000064],[-71.10944914299995,2.872613548000061],[-71.13824223299991,2.90394860300006],[-71.13883480699991,2.882759372000066],[-71.15382367299992,2.872313125000062],[-71.17519709099992,2.901707815000066],[-71.18350852899994,2.904840702000058],[-71.19033428699993,2.891559513000061],[-71.2131890899999,2.885886733000063],[-71.2217944379999,2.865591849000054],[-71.24717188099993,2.862753263000059],[-71.25177545999992,2.882449516000065],[-71.25964179099992,2.886178782000059],[-71.28368110299994,2.86782080200004],[-71.29956226599995,2.875577234000048],[-71.3060249799999,2.920177835000061],[-71.32474233999994,2.924527656000066],[-71.33309325899995,2.913478865000059],[-71.3277603109999,2.89508870800006],[-71.34529771599995,2.860336713000038],[-71.35702514099995,2.859587563000048],[-71.35840321099994,2.886849450000057],[-71.37456710999993,2.891843703000063],[-71.38347369899992,2.886098491000041],[-71.37924275099994,2.87249524300006],[-71.39072260799992,2.844026686000063],[-71.4633808289999,2.899277686000062],[-71.46840691199992,2.892353469000057],[-71.46352141499995,2.861494149000066],[-71.47029821599995,2.853095306000057],[-71.48178184699992,2.85437399500006],[-71.49305127499991,2.871080986000038],[-71.52067294299991,2.878997282000057],[-71.5299321199999,2.878543112000045],[-71.54509390499993,2.859110219000058],[-71.5832490649999,2.872286166000038],[-71.5844721659999,2.86603378600006],[-71.57180168899993,2.852468552000062],[-71.5751663019999,2.844268215000056],[-71.61058781699995,2.846315808000043],[-71.62778747099992,2.837557898000057],[-71.6340492189999,2.824909994000052],[-71.65221259899994,2.820186094000064],[-71.67389647199991,2.825781930000062],[-71.65798330699994,2.861018222000041],[-71.66200531599992,2.872734508000065],[-71.68150331399994,2.871685288000037],[-71.68333944799991,2.850176288000057],[-71.69706673799993,2.838110260000064],[-71.72906793699991,2.860581047000039],[-71.7417460069999,2.884275924000065],[-71.76185604999995,2.897303734000047],[-71.76762675799995,2.888210497000046],[-71.75800891099993,2.852974205000066],[-71.7800425229999,2.817825348000042],[-71.78922319499992,2.821934791000047],[-71.78406453199995,2.85358625300006],[-71.78843627999993,2.869499415000064],[-71.82061234899993,2.879117263000069],[-71.8508648479999,2.871597855000061],[-71.82314796299994,2.870024026000067],[-71.81895108399993,2.855859560000056],[-71.82791007399993,2.837469388000045],[-71.85554865699993,2.842702982000048],[-71.91175444099991,2.827828469000053],[-71.9539443459999,2.831740239000055],[-71.98191802699995,2.801187395000056],[-71.9922320519999,2.823529565000058],[-72.0048586819999,2.829350460000057],[-72.0251550289999,2.828430883000067],[-72.05162369999994,2.816684629000065],[-72.08212851099995,2.825854397000057],[-72.10004904699991,2.840558525000063],[-72.11599971299995,2.880769686000065],[-72.13517846999991,2.888873997000076],[-72.14396435799995,2.864742260000071],[-72.18281997499992,2.875215112000092],[-72.20270724799991,2.864046535000057],[-72.2058056269999,2.814832739000053],[-72.1840449149999,2.790333927000063],[-72.1928609069999,2.772349222000059],[-72.2151208809999,2.775662055000055],[-72.22872921699991,2.786972687000059],[-72.24745361099991,2.819876614000066],[-72.25948685299994,2.824704323000049],[-72.2721685919999,2.812887246000059],[-72.26646886999993,2.78706543900006],[-72.27995286999993,2.775781908000056],[-72.2949726839999,2.774053756000058],[-72.31302396699994,2.799124677000066],[-72.33550523199995,2.796746853000059],[-72.35841511299992,2.781131545000051],[-72.38202568699995,2.74491299400006],[-72.40665012599993,2.726001370000063],[-72.43463821599994,2.73999426000006],[-72.4705916499999,2.733829400000047],[-72.46384544599994,2.702414298000065],[-72.47220881499993,2.689345507000041],[-72.50729927299994,2.690203031000067],[-72.53630940499994,2.702719789000071],[-72.53724520199995,2.682820065000044],[-72.56506105199992,2.681957453000052],[-72.5714208199999,2.674116644000094],[-72.56959129799992,2.664707673000066],[-72.55495512099992,2.660264552000058],[-72.55582632199992,2.649897259000056],[-72.58671925699991,2.639323478000051],[-72.5804526359999,2.591962374000047],[-72.58641398199995,2.583668139000054],[-72.59904939899991,2.58571151600006],[-72.6026552159999,2.619717331000061],[-72.62087370499995,2.627358627000092],[-72.64592025199994,2.602443171000061],[-72.64308542499992,2.580802163000044],[-72.65295977699992,2.571539949000055],[-72.6631218679999,2.574274570000057],[-72.66635650499995,2.608792382000047],[-72.67942270899994,2.622178103000067],[-72.70215884999993,2.617818255000088],[-72.71970753799991,2.584696828000062],[-72.73966628499994,2.569908940000062],[-72.7616077369999,2.573095014000046],[-72.78889799699994,2.588867081000046],[-72.79873975499993,2.61166651800005],[-72.81821266599991,2.613972693000051],[-72.86850134899993,2.578054781000048],[-72.89166322599993,2.571504588000039],[-72.8980990789999,2.563188292000063],[-72.91174111999993,2.567104191000055],[-72.92032015899991,2.562458742000047],[-72.92103083399991,2.53437649500006],[-72.93304301199993,2.524493092000057],[-72.9497463109999,2.522684523000066],[-72.95834261699991,2.508514786000092],[-72.95423339199994,2.494864608000057],[-72.94320546199992,2.503922382000042],[-72.93273396299992,2.496979690000046],[-72.92755600999993,2.475575649000064],[-72.9348005949999,2.464143249000074],[-72.9541405999999,2.480144795000058],[-72.96255148999995,2.480169904000093],[-72.97178071899992,2.465734695000037],[-72.96335194199992,2.45382922400006],[-72.96576699199994,2.448437309000042],[-72.98609636799995,2.451901510000084],[-73.03279347599994,2.412567497000055],[-73.03792433599995,2.432897677000085],[-73.04522969399994,2.437923030000093],[-73.0536903819999,2.427355876000092],[-73.06953735399992,2.425085488000093],[-73.11055318899992,2.380999203000044],[-73.1183565149999,2.408073662000049],[-73.1277845919999,2.410980743000039],[-73.1412749449999,2.397115805000055],[-73.12500826799993,2.386728646000051],[-73.12406632199992,2.378824614000052],[-73.1413115069999,2.37753901800005],[-73.16350174299993,2.365389844000049],[-73.16573338299992,2.399409688000048],[-73.18005624699992,2.398537766000061],[-73.18618195099992,2.388326856000049],[-73.2015955839999,2.382466563000094],[-73.21768746599992,2.386355632000061],[-73.21122181399994,2.399056354000038],[-73.21652308699993,2.405468079000059],[-73.22594560599993,2.388909077000051],[-73.26787343899991,2.380866541000046],[-73.26337574399992,2.371937293000087],[-73.24115183499993,2.371342010000092],[-73.24247468699991,2.347332252000058],[-73.26742608699993,2.35876924900009],[-73.3006451569999,2.335993596000094],[-73.32003939799995,2.359017919000053],[-73.33041051999993,2.360356222000064],[-73.33625515699993,2.355546030000085],[-73.32984545399995,2.344090130000041],[-73.3331651229999,2.33334588300005],[-73.35670684899992,2.324095045000092],[-73.36001435599991,2.333726347000038],[-73.34508920699994,2.352676085000041],[-73.35690931199991,2.368503833000091],[-73.37460760499994,2.362483334000046],[-73.37897040799993,2.32495612300005],[-73.39630160399992,2.328868420000049],[-73.3880581869999,2.342087947000039],[-73.39034819999995,2.351127101000088],[-73.4121622959999,2.35696859400008],[-73.42409830899993,2.349577445000079],[-73.4252382869999,2.328043488000048],[-73.4367716239999,2.32654410400005],[-73.44101699099991,2.338219020000054],[-73.43082354699993,2.359694666000053],[-73.44230822899993,2.386267030000056],[-73.4556787269999,2.382377819000055],[-73.44578198699992,2.349576598000056],[-73.45030149299993,2.339727075000042],[-73.46084723799993,2.33909701400006],[-73.46418831499994,2.355619397000055],[-73.47403902399992,2.361762919000057],[-73.50586309199991,2.356443895000041],[-73.50496894499992,2.337560805000066],[-73.51228372799994,2.332943709000062],[-73.51862403899992,2.336552827000048],[-73.5143935129999,2.353372755000066],[-73.5280338629999,2.387560190000045],[-73.57196604399991,2.354919430000052],[-73.58543861699991,2.359570088000055],[-73.58637689999995,2.390019462000055],[-73.61757434599991,2.377266674000055],[-73.63297828899994,2.360344732000044],[-73.61384779299993,2.341135077000047],[-73.6350354839999,2.32569802200004],[-73.62970149499995,2.294869136000045],[-73.64340105399992,2.283667961000049],[-73.65693152999995,2.294470947000093],[-73.65666833299991,1.61773194400007],[-74.04000091799992,1.970833299000049],[-74.06624603299991,1.979166737000071],[-74.10500336099994,1.972500087000071],[-74.10791778499993,1.981666680000046],[-74.12500000199992,1.992916576000084],[-74.14958190199991,1.997499940000068],[-74.15333557299994,1.97958337700004],[-74.19000243799991,1.985416778000058],[-74.22331740999994,2.019021774000066],[-74.23141580499993,2.04950984900006],[-74.24189608099994,2.056417304000092],[-74.36194287699993,2.059513749000075],[-74.39250182699993,2.084166526000047],[-74.41750335199993,2.078333373000078],[-74.42624664599992,2.085000040000068],[-74.43666839699995,2.081666706000078],[-74.43166350699994,2.090833192000048],[-74.44291686899993,2.094166517000076],[-74.4620819079999,2.089166638000052],[-74.48416900699993,2.110000126000045],[-74.47750091199993,2.120833398000059],[-74.48542023399995,2.149166584000056],[-74.49166870599993,2.147499805000052],[-74.49083710299993,2.136666774000048],[-74.50875091499995,2.132499942000038],[-74.51166534599992,2.121666671000071],[-74.51999664699991,2.122916693000093],[-74.53874969099991,2.110000126000045],[-74.55083465599995,2.131666662000043],[-74.55290233399995,2.124196577000077],[-74.58000183699994,2.124583247000089],[-74.59333039099994,2.134583238000062],[-74.60416412899991,2.15666651500004],[-74.58916473999994,2.16999983900007],[-74.59166717799991,2.201666598000088],[-74.61083221599995,2.208333498000059],[-74.6270828239999,2.19249988100006],[-74.64333342999993,2.20249986400006],[-74.64416503299992,2.210833309000066],[-74.6650009139999,2.211250074000077],[-74.6600036609999,2.226666685000055],[-74.65083312799993,2.22749996500005],[-74.65000152599993,2.240000008000038],[-74.65916442899993,2.252083303000063],[-74.70124816999993,2.271666528000083],[-74.69333648599991,2.284166571000071],[-74.70916748399992,2.283750055000041],[-74.71583557899993,2.263333324000087],[-74.72875214599992,2.269166476000066],[-74.73000335699993,2.279999973000088],[-74.74124907399994,2.271666528000083],[-74.74833678499994,2.274166820000062],[-74.7337493839999,2.346666810000045],[-74.70874786799993,2.375833510000064],[-74.69291686899993,2.42000007200005],[-74.67292022899994,2.425000191000038],[-74.66291808499994,2.488333222000051],[-74.64749908099992,2.493749858000058],[-74.65708159999991,2.512500043000045],[-74.67749785699993,2.523750064000069],[-74.67500305699991,2.539583448000087],[-74.68166350799993,2.558333392000065],[-74.64583587099992,2.587499859000047],[-74.64791869699991,2.601666689000069],[-74.62500000199992,2.61833333800007],[-74.62416839199994,2.625833269000054],[-74.61333466199994,2.622499944000083],[-74.60916901199994,2.633333441000048],[-74.5979156489999,2.638333561000081],[-74.58583069299993,2.665416709000056],[-74.58999633499991,2.673333405000051],[-74.61583710699995,2.683333404000052],[-74.61583710699995,2.69625020400008],[-74.63749695299992,2.700833318000093],[-74.6270828239999,2.721666814000059],[-74.6295852689999,2.736666676000084],[-74.61750031199995,2.753750082000067],[-74.64333342999993,2.755833393000046],[-74.65666962199992,2.803750037000043],[-74.6666641189999,2.804999826000085],[-74.66583252499993,2.823750019000045],[-74.67166900199993,2.831666707000068],[-74.6616668659999,2.84208321400007],[-74.67333221399991,2.888749836000045],[-74.69208526699992,2.893333191000067],[-74.72499847499995,2.883333200000038],[-74.72583007799994,2.877500056000088],[-74.73625183599995,2.880833389000088],[-74.7693748449999,2.873124951000079],[-74.77874755599993,2.885833268000056],[-74.78083038499994,2.904583220000063],[-74.79416656799992,2.914999952000073],[-74.78958130199993,2.927500003000091],[-74.8000030529999,2.938333516000057],[-74.8368759199999,2.908541555000056],[-74.84541321199993,2.916666755000051],[-74.87833404199995,2.914999953000063],[-74.91062545199992,2.883541824000076],[-74.92041778299995,2.903333431000078],[-74.93334680999993,2.909426042000064],[-74.91103394399994,2.931601381000064],[-74.90101355199994,2.962735495000061],[-74.88574929599991,2.965168908000066],[-74.88284621699995,2.971561696000038],[-74.87415352699992,2.969492009000078],[-74.86292699099994,2.993576804000043],[-74.84960421099993,2.99471038900009],[-74.8159630049999,3.053028313000084],[-74.7877799929999,3.060418858000048],[-74.79026216799991,3.073666308000043],[-74.76818549699993,3.093949253000062],[-74.7643252389999,3.105125564000048],[-74.7490095469999,3.110230797000042],[-74.74887156799991,3.122510943000066],[-74.72720883199992,3.137964613000065],[-74.71302240199992,3.169957560000057],[-74.67325823599992,3.186348156000065],[-74.66637224399994,3.230088739000053],[-74.65657649199994,3.247590201000094],[-74.63553077199992,3.278484639000055],[-74.61632758899992,3.28779527100005],[-74.62606169799994,3.29978716100004],[-74.61786774799992,3.330514473000051],[-74.63984327999992,3.368367133000049],[-74.62214293999995,3.378283173000057],[-74.62397658399993,3.39304932500005],[-74.60566752599993,3.414141551000057],[-74.6174952959999,3.429400557000065],[-74.61190851099991,3.445974687000046],[-74.61551352599992,3.459536840000055],[-74.63053112599994,3.471301440000047],[-74.58971385299992,3.52819805200005],[-74.56806504699995,3.521624412000051],[-74.56362545799993,3.525902891000044],[-74.52505445999992,3.577520221000043],[-74.52758237599994,3.588408883000056],[-74.51419749999991,3.60093011400005],[-74.50286305199995,3.646277596000061],[-74.48242534299993,3.667539121000061],[-74.46450119799994,3.664190705000067],[-74.45185002699992,3.691402363000066],[-74.4383867119999,3.698777082000049],[-74.4389856119999,3.707259999000087],[-74.42447800999992,3.708397258000048],[-74.41303179199991,3.724728137000056],[-74.41574936299992,3.741054535000046],[-74.4015638489999,3.737422219000052],[-74.3973730319999,3.753727096000091],[-74.38715890599991,3.752702313000043],[-74.39389302799992,3.76991457400004],[-74.37763609699994,3.777266596000061],[-74.37661000399993,3.783705290000057],[-74.36331220099993,3.786147374000052],[-74.35243795299994,3.799651827000048],[-74.35359597399992,3.807092857000043],[-74.33731231399992,3.810556341000051],[-74.33598553399992,3.821375671000055],[-74.32723803399995,3.82667236900005],[-74.31831381799992,3.823643253000057],[-74.31676524999995,3.815160484000046],[-74.29661663399992,3.818903847000058],[-74.29425780699995,3.831734170000061],[-74.30707660799993,3.840342540000051],[-74.30410495299992,3.851151926000057],[-74.31704602999991,3.880753321000043],[-74.31032208599993,3.88840037500006],[-74.29752175599992,3.883284768000067],[-74.27814647199995,3.90722578000009],[-74.27358716499992,3.924904566000066],[-74.2564258029999,3.927865629000053],[-74.26014055799993,3.948251980000066],[-74.2442708399999,3.954433984000048],[-74.2173829809999,4.010896177000063],[-74.19551482499992,4.016516702000047],[-74.18389878099993,4.008778833000065],[-74.17559334799995,4.018025454000053],[-74.16025853499991,4.017847857000049],[-74.15224028099993,4.005479757000046],[-74.12349035099993,4.001268891000052],[-74.12389331799994,4.009134603000064],[-74.09974180599994,4.013144281000052],[-74.070697,4.057704231000059],[-74.06413478999991,4.061435036000091],[-74.0610510219999,4.055880907000073],[-74.04766911099995,4.065198208000083],[-74.03488801999993,4.060840246000055],[-74.03588691699991,4.08238054800006],[-74.02416741899992,4.09915238800005],[-74.01625846799993,4.097808693000047],[-74.00593453899995,4.109766209000043],[-73.99148432699991,4.102767665000044],[-73.97974823099992,4.109335494000049],[-73.9735707339999,4.093073232000052],[-73.96007498699993,4.09552009500004],[-73.93307902899994,4.149235960000055],[-73.9250269929999,4.143279474000053],[-73.9136278549999,4.148810530000048],[-73.89582543199992,4.142640837000044],[-73.86089172899995,4.171832660000064],[-73.8405488649999,4.177339283000038],[-73.82589326399994,4.168337785000062],[-73.80935822099991,4.203921262000051],[-73.80458181199992,4.197486885000046],[-73.7900771969999,4.200684503000048],[-73.7543795659999,4.192847239000059],[-73.74259343499995,4.198022778000052],[-73.75074209599995,4.204147606000049],[-73.7603318539999,4.236398265000048],[-73.7444189709999,4.267356463000056],[-73.78434554599994,4.301695678000044],[-73.78398718099993,4.332726304000062],[-73.79560250299994,4.363743855000052],[-73.7926818599999,4.381111363000059],[-73.80149913399993,4.384017263000089],[-73.81147739599993,4.402824199000065],[-73.8069565479999,4.422154951000039],[-73.79252285299992,4.441114875000039],[-73.78060654399991,4.449446486000056],[-73.76419941499995,4.449758553000038],[-73.75575075499995,4.462186530000054],[-73.74533430499991,4.455290339000044],[-73.73833067099991,4.460570455000038],[-73.73332755699994,4.474731809000048],[-73.73866420399992,4.486011868000048],[-73.71373876699994,4.515097991000061],[-73.6864282649999,4.519346318000089],[-73.6878797789999,4.527938667000058],[-73.66165421599993,4.546730938000053],[-73.64070969499994,4.547128521000047],[-73.62189984899993,4.562476822000065],[-73.5784536399999,4.542371779000064],[-73.56776360399994,4.525570626000047],[-73.57570032699994,4.516640822000056],[-73.57576143699993,4.498477198000046],[-73.59624906699992,4.48692888000005],[-73.6032869789999,4.456232765000038],[-73.5725700349999,4.419912066000052],[-73.57681444999992,4.396195197000054],[-73.57180446899991,4.37365118200006],[-73.55314549499991,4.348988539000061],[-73.55100718099993,4.308197711000048],[-73.5310502399999,4.296731916000056],[-73.4975915309999,4.283797778000064],[-73.48395445299991,4.285619744000087],[-73.47168004999992,4.276241626000058],[-73.44180517199993,4.29104380800004],[-73.43028618699992,4.306381422000072],[-73.3536448829999,4.321194295000055],[-73.3225614239999,4.304768867000064],[-73.26772701899995,4.290592892000063],[-73.26052777399991,4.293845133000048],[-73.20354405199993,4.273255156000062],[-73.17736215399992,4.243996353000057],[-73.17069533999995,4.24670566900005],[-73.16973226899995,4.237369221000051],[-73.15066228099994,4.221426453000049],[-73.14709164899995,4.228042716000061],[-73.14842817999994,4.217321831000049],[-73.14009939899995,4.219108462000065],[-73.13763771599992,4.212571696000055],[-73.12414289599991,4.25978439000005],[-73.05255695499994,4.736324805000038],[-73.0478580809999,4.728016851000064],[-73.0542626319999,4.702864853000051],[-73.05023200599993,4.692427538000061],[-73.02799524199992,4.653881373000047],[-73.0168593649999,4.647385446000044],[-73.0168593649999,4.635607115000084],[-72.9679756189999,4.599190900000053],[-72.96180152399995,4.570846575000076],[-72.95020470799994,4.560903729000074],[-72.95251611299994,4.550698226000065],[-72.93792698599992,4.522740794000072],[-72.9234487569999,4.520400977000065],[-72.9026659079999,4.49620606700006],[-72.89696906199993,4.474805908000064],[-72.87630148199992,4.462284860000068],[-72.87017430399993,4.450712958000054],[-72.85237626199995,4.450373178000063],[-72.8401496919999,4.431045671000049],[-72.81347202299992,4.429805941000041],[-72.81242486199994,4.423466337000093],[-72.8250305489999,4.417614491000052],[-72.80811129099993,4.408032563000063],[-72.80506564699994,4.395973669000057],[-72.78827263199992,4.397520176000057],[-72.80058469399995,4.378346512000064],[-72.76891655299994,4.366389541000046],[-72.76731511699995,4.356237787000055],[-72.77968872499991,4.352769039000066],[-72.7753424629999,4.346355426000059],[-72.76297241499992,4.347836045000065],[-72.77030171799993,4.334329754000066],[-72.7418852749999,4.325797578000049],[-72.73981218199992,4.309735279000051],[-72.72583367599992,4.305767409000055],[-72.71644601199995,4.293274281000038],[-72.6907203259999,4.288472560000059],[-72.6875740179999,4.311876139000049],[-72.67586593399994,4.317383419000066],[-72.65812353199993,4.31652953300005],[-72.6419704999999,4.302831954000055],[-72.60610226699993,4.315387910000084],[-72.58125835599992,4.300985686000047],[-72.57344579099993,4.302140507000047],[-72.56929709499991,4.307427533000066],[-72.57346878699991,4.325484146000065],[-72.55455998299993,4.336790024000038],[-72.54783745499992,4.354675084000064],[-72.5327352999999,4.339611],[-72.51526791299995,4.33860009600005],[-72.4668182659999,4.317375379000055],[-72.42794812799991,4.353705209000054],[-72.41556480499992,4.34396382500006],[-72.4171390809999,4.321330452000041],[-72.40503584999993,4.317859741000063],[-72.38831806499991,4.33257025000006],[-72.35621694299994,4.341740620000053],[-72.34287015299992,4.358615863000068],[-72.34219294199994,4.371529785000064],[-72.32050271399993,4.370916438000052],[-72.3100089319999,4.383029195000063],[-72.30285786299993,4.408411275000049],[-72.28666075899991,4.417213936000053],[-72.25566399899992,4.41838092100005],[-72.2433979079999,4.434563175000051],[-72.19872411499995,4.428478940000048],[-72.16014962899993,4.441351017000045],[-72.14310961099994,4.44029960000006],[-72.07084045199991,4.408092705000058],[-72.07186055999995,4.386954978000063],[-72.06063925699993,4.375000941000053],[-72.02675119899993,4.386977662000049],[-71.98820894999994,4.384449072000052],[-71.97534457099994,4.393965617000049],[-71.9709066879999,4.407803252000065],[-71.95650419599991,4.412012060000052],[-71.95623746299992,4.421932545000061],[-71.93301835699992,4.446480858000086],[-71.90499109199993,4.467750695000063],[-71.89861132599992,4.489414862000046],[-71.86779118499993,4.50537739400005],[-71.85006901699995,4.532712495000055],[-71.82377412799991,4.551812569000049],[-71.80674993999992,4.58354765100006],[-71.78704979399993,4.586082551000061],[-71.77687694999992,4.579570451000052],[-71.73238714999991,4.575305904000061],[-71.66636844599992,4.611450442000091],[-71.64604464399991,4.615071612000065],[-71.61841851999992,4.637146261000055],[-71.59792645199991,4.645268783000063],[-71.57675918899992,4.675033445000054],[-71.52334911999992,4.682230033000053],[-71.50883707199995,4.69814165400004],[-71.42929804099992,4.723292072000049],[-71.39016833599993,4.756689491000088],[-71.37615141899994,4.751228089000051],[-71.32277522399994,4.766715396000052],[-71.28827874899991,4.803051075000042],[-71.27491113499991,4.799207848000037],[-71.23893322099991,4.817717970000047],[-71.21174826899994,4.817327842000054],[-71.16883109299994,4.842568336000056],[-71.15013525499995,4.861743842000067],[-71.11317269099993,4.87458483000006],[-71.10597008699995,4.884506495000039],[-71.0779310449999,4.899101335000069]]]}},{"type":"Feature","properties":{"dpto":52,"dpto_nombre":"Nariño"},"geometry":{"type":"MultiPolygon","coordinates":[[[[-78.89185596899995,1.509728879000079],[-78.8889761069999,1.509258460000069],[-78.89124325799992,1.509389806000058],[-78.89185596899995,1.509728879000079]]],[[[-78.14025779999992,2.676152924000064],[-78.13472656599993,2.660520771000051],[-78.13719095399995,2.643983499000058],[-78.12554960499995,2.640310859000067],[-78.09671139499994,2.647231504000047],[-78.0832918939999,2.636916063000058],[-78.07245866399995,2.611161697000057],[-78.05841746499993,2.616125249000049],[-78.03291469999994,2.649467372000061],[-78.02008188799994,2.64380310100006],[-77.97821800399993,2.661697060000051],[-77.9645378049999,2.649981487000048],[-77.96433360999993,2.639730778000057],[-77.94537291299991,2.625670553000077],[-77.93424169899993,2.627124498000057],[-77.93474955599993,2.637865911000063],[-77.9283381539999,2.640404028000091],[-77.9155153879999,2.593678846000046],[-77.91466150299993,2.543779948000065],[-77.92564231199992,2.510354446000065],[-77.9174270929999,2.454559420000066],[-77.91879457099992,2.416698908000058],[-77.90037735599992,2.393641425000055],[-77.89407178499994,2.365599481000061],[-77.88324523499995,2.352714703000061],[-77.87843872699995,2.304441386000065],[-77.86267479399993,2.270611397000039],[-77.84792213999992,2.260593862000064],[-77.8532164419999,2.205408218000059],[-77.83864224599995,2.178210976000059],[-77.80731663599994,2.173808979000057],[-77.7806428799999,2.148378492000063],[-77.73935923899995,2.133566341000062],[-77.69848009799995,2.153613297000049],[-77.66458467699994,2.157896329000039],[-77.6456203699999,2.168544420000046],[-77.60362508299994,2.164709610000045],[-77.57416370099992,2.180668083000057],[-77.55621210999993,2.20251982800005],[-77.54344652899994,2.196346167000058],[-77.52122752699995,2.200003052000056],[-77.48794162199994,2.19525260000006],[-77.48773623099993,2.216080642000065],[-77.47227354799992,2.241319503000057],[-77.47902225899992,2.27368808500006],[-77.46817416699992,2.274982734000048],[-77.45943429599993,2.286177710000061],[-77.43227895299992,2.281848615000058],[-77.38567747299993,2.25594241400006],[-77.3747937999999,2.264206482000077],[-77.35884691599995,2.26236046300005],[-77.3230770209999,2.221996531000059],[-77.31669056099992,2.200681965000058],[-77.30774340999994,2.195962759000054],[-77.31796126299992,2.181920999000056],[-77.30534632099994,2.14560625200005],[-77.31106571899994,2.141958462000048],[-77.3076231899999,2.108160490000046],[-77.3193849779999,2.072446745000093],[-77.33428393699995,2.059797709000065],[-77.33352773199994,2.051361640000039],[-77.30618293999993,2.036142955000059],[-77.30301900899991,2.027033706000054],[-77.27950085099991,2.02076061300005],[-77.25931160999994,1.994098614000052],[-77.22056992599994,1.988187509000056],[-77.20315946799991,1.95203759900005],[-77.21050274299995,1.935731497000063],[-77.21984624599992,1.934000676000039],[-77.21837534399992,1.916973262000056],[-77.2262709659999,1.920376322000038],[-77.24549119799991,1.911329831000046],[-77.24339623199995,1.887856868000085],[-77.25574746699994,1.869695399000079],[-77.27846285999993,1.862185598000053],[-77.28026887099992,1.850867563000065],[-77.28918620999991,1.849048004000053],[-77.2952405609999,1.818862992000049],[-77.31007293999994,1.804204476000052],[-77.30366732599992,1.797499071000061],[-77.30827996199992,1.78730276400006],[-77.29469356099992,1.765996766000058],[-77.33087997899992,1.681512693000059],[-77.2975063209999,1.669708405000051],[-77.29572346399993,1.674033554000061],[-77.28603931399994,1.668291942000053],[-77.28169447499994,1.67370606500009],[-77.2751722349999,1.662179515000048],[-77.25646585099992,1.670885061000092],[-77.23897014999994,1.65734341600006],[-77.19183978199993,1.677457678000053],[-77.16210517899992,1.675841203000061],[-77.15079958599995,1.685644815000046],[-77.1423578799999,1.676782867000043],[-77.14414084399993,1.665123918000063],[-77.13755999199992,1.654930831000058],[-77.0723341819999,1.668956713000057],[-77.05685439199993,1.699051988000065],[-77.0456236579999,1.697796681000057],[-77.0263485399999,1.713971690000051],[-76.99833048199991,1.707327187000089],[-76.98841418299992,1.714803174000053],[-76.96811409599991,1.712412830000062],[-76.96062400599993,1.72209153600005],[-76.93608470399994,1.729002057000059],[-76.91669198699992,1.701730381000061],[-76.9020880139999,1.66237331800005],[-76.89448870299992,1.663422579000041],[-76.86487711099994,1.637765758000057],[-76.85451312899994,1.637677128000064],[-76.83453426299991,1.615424175000044],[-76.84150129199992,1.584759470000051],[-76.85753452599994,1.564038589000063],[-76.85140715599994,1.534526142000061],[-76.85860744599995,1.522467856000048],[-76.88763908599992,1.523021783000047],[-76.91274688399994,1.500515362000044],[-76.92892711399992,1.500486126000055],[-76.91825425499991,1.42966350100005],[-76.93193879699993,1.39930584800004],[-76.93180291699991,1.385798519000048],[-76.92092461899995,1.335883240000044],[-76.90415224599991,1.320942952000053],[-76.9299844169999,1.296737539000048],[-76.93958733199992,1.272679821000054],[-76.96276489899992,1.273653513000056],[-76.9609914959999,1.283096878000038],[-76.97205165999992,1.293001786000048],[-76.97941270799993,1.286688015000038],[-76.98345403799993,1.267969854000057],[-76.97128566099991,1.252135690000046],[-76.98110979199993,1.222788886000046],[-77.00349575999991,1.212719010000058],[-77.02095789799995,1.196220274000041],[-77.04002765299992,1.201657845000057],[-77.06920936299991,1.184811262000039],[-77.08843350199993,1.183373114000062],[-77.08645379299992,1.172903488000088],[-77.10006430999994,1.154001048000055],[-77.10082929099991,1.135627911000086],[-77.09161355799995,1.115961595000044],[-77.09650463499992,1.103632620000042],[-77.09299017099994,1.075041015000068],[-77.08447836399995,1.062053441000046],[-77.06812289899995,1.059708242000056],[-77.06675233199991,1.042233482000086],[-77.05812916499991,1.034295601000053],[-77.03679967599993,1.047059033000039],[-77.03889360099993,1.036684579000053],[-77.02670708399995,1.013359116000061],[-77.02806688899994,0.994931269000062],[-77.03885619499994,0.993044033000047],[-77.04779954399993,0.977532857000085],[-77.07377605499994,0.969696415000044],[-77.0787443719999,0.959816892000049],[-77.07275,0.942312987000093],[-77.07971519099993,0.940614639000046],[-77.0902197069999,0.915115539000055],[-77.10328967299995,0.910805981000067],[-77.1212090059999,0.893162329000063],[-77.11756066099991,0.857558243000085],[-77.10207218199992,0.833648759000084],[-77.13915418499994,0.821510242000045],[-77.18680573199993,0.630954062000058],[-77.1665012329999,0.610978558000056],[-77.13646938999995,0.603290302000062],[-77.13363391699994,0.596034615000065],[-77.12677199099994,0.601957482000046],[-77.11735945799995,0.591361340000049],[-77.12017604599993,0.572930209000049],[-77.11511631799993,0.561850575000051],[-77.13036537999994,0.555839628000058],[-77.13023084999992,0.524501762000057],[-77.12095680999994,0.511729962000061],[-77.12482330899991,0.505907595000053],[-77.11555698899991,0.483103503000052],[-77.10207153499994,0.470375440000055],[-77.10761896899993,0.442476887000055],[-77.10134244199992,0.42708112300005],[-77.09641268699994,0.431150612000067],[-77.0890790659999,0.424384400000065],[-77.09915211599991,0.410616462000064],[-77.08802355799992,0.394631366000056],[-77.09638828099992,0.39474728600004],[-77.0996829199999,0.379268588000059],[-77.10456996599993,0.382313078000038],[-77.10735820499991,0.377304008000067],[-77.11209272199994,0.383081828000059],[-77.11269553299991,0.372674483000083],[-77.12576815099993,0.379779685000074],[-77.1496447369999,0.375875929000074],[-77.1665686529999,0.389373422000062],[-77.17908461799993,0.389801725000041],[-77.21372859699994,0.363249542000062],[-77.23836672699991,0.366100791000065],[-77.24565905599991,0.361348079000038],[-77.26469650899992,0.370314145000066],[-77.27190152899993,0.363828962000071],[-77.28806367599992,0.363256384000067],[-77.30397261699994,0.366975798000055],[-77.3254943959999,0.387371410000071],[-77.36169759299992,0.393699869000045],[-77.37161790499994,0.401065840000058],[-77.38332029399993,0.396016589000055],[-77.38117617699993,0.385261481000043],[-77.4077212489999,0.404863085000045],[-77.42449996899995,0.392023063000067],[-77.49158058299992,0.404067121000082],[-77.52772119899993,0.400194368000086],[-77.53021963299994,0.409759801000064],[-77.52034486999992,0.42132993000007],[-77.51870899099993,0.453006505000076],[-77.52529414899993,0.476694039000051],[-77.51677567899992,0.495444192000093],[-77.52229602799991,0.531564410000044],[-77.5109626549999,0.565214747000084],[-77.4890121279999,0.58502376000007],[-77.48086247299995,0.609579798000084],[-77.48089404199993,0.657116368000061],[-77.4921981359999,0.662663436000059],[-77.55639290499994,0.649392723000062],[-77.58926895399992,0.673578829000064],[-77.60155118699993,0.675082475000067],[-77.6226995589999,0.694591313000046],[-77.66620350399995,0.705278426000064],[-77.67538509499991,0.737219186000061],[-77.69783433299995,0.741416270000059],[-77.68855908599994,0.769064821000086],[-77.66158839299993,0.790004453000051],[-77.67695719199992,0.792378978000045],[-77.66491992899995,0.818039407000072],[-77.68489927299993,0.825062821000074],[-77.69534677399992,0.840638910000052],[-77.71424399199992,0.851090575000057],[-77.74636763299992,0.832862165000051],[-77.76460923499991,0.841898383000057],[-77.8047687799999,0.83096931700004],[-77.8202032829999,0.808120847000055],[-77.84279401299995,0.802449739000053],[-77.86693184799992,0.80151969700006],[-77.9292698079999,0.819320685000093],[-77.9372344059999,0.816678938000052],[-77.96672161399994,0.825298112000041],[-77.96719686799992,0.831145182000057],[-78.0217192309999,0.874770111000089],[-78.06531533099991,0.889709551000067],[-78.07111932499993,0.89725769100005],[-78.08913393199992,0.897088539000038],[-78.10509792599993,0.911421979000067],[-78.11186948299991,0.93225096000009],[-78.13407162899995,0.935864128000048],[-78.15351920899991,0.924006663000057],[-78.18511940699995,0.938006792000067],[-78.1999692569999,0.949687251000057],[-78.19110208199993,0.960513042000059],[-78.19184991599991,0.969736334000061],[-78.20610265499994,1.002064253000071],[-78.23461832999993,1.015464548000068],[-78.23980016199994,1.027206235000051],[-78.25112247999994,1.029008545000067],[-78.25775398099995,1.040679484000066],[-78.28157668299991,1.056165809000049],[-78.2770275069999,1.072914037000089],[-78.26232705299992,1.082439313000066],[-78.25188611699991,1.079181761000086],[-78.25056537899991,1.086893195000073],[-78.25593355899991,1.087958309000044],[-78.25107663099993,1.099461554000072],[-78.26495709499994,1.099740742000051],[-78.26551959599993,1.111603866000053],[-78.28196497399995,1.110964798000055],[-78.2792808829999,1.119230093000056],[-78.29915031799993,1.14920042500006],[-78.29508676199993,1.169700223000063],[-78.30523621399993,1.172961312000041],[-78.3113889739999,1.191302755000038],[-78.32516604699993,1.195364526000048],[-78.32712585899992,1.185608070000058],[-78.33743617399995,1.178748729000063],[-78.35677866599991,1.181944074000057],[-78.35988880299993,1.174743896000052],[-78.37446250799991,1.174706323000066],[-78.38249054799991,1.159342331000062],[-78.39510151099995,1.152269966000063],[-78.41768195399993,1.15989619000004],[-78.42548272199991,1.152823764000061],[-78.41729851199995,1.148563363000051],[-78.41631860599995,1.138934722000045],[-78.42777924599994,1.138806908000049],[-78.43813216599995,1.158362425000064],[-78.42561631599995,1.178357663000043],[-78.43817256799991,1.193924478000042],[-78.45519553799994,1.176514955000073],[-78.46923435799994,1.180940753000073],[-78.47008144599994,1.189126098000088],[-78.47880930899993,1.193637556000056],[-78.4899547039999,1.18578057600007],[-78.4950990989999,1.19838696100004],[-78.51670936399995,1.187857846000043],[-78.51462733499994,1.213199105000058],[-78.53958193199992,1.229230724000047],[-78.54758286999993,1.226643060000072],[-78.5413046619999,1.234652326000059],[-78.54454072899995,1.244360527000083],[-78.59284852799993,1.238730783000051],[-78.60446477999994,1.247262780000085],[-78.61542294299994,1.246268604000079],[-78.63299091599993,1.261458671000071],[-78.62994619799991,1.265226276000078],[-78.64058785599991,1.264768855000057],[-78.64886586599994,1.277266773000065],[-78.6461643529999,1.289015149000079],[-78.6595832779999,1.30524223000009],[-78.66073446599995,1.319618496000089],[-78.6750115609999,1.322212548000039],[-78.68526217899995,1.333033970000088],[-78.69504452799993,1.330194997000092],[-78.70966813599995,1.358955845000082],[-78.72025437299993,1.369078634000061],[-78.73129604799993,1.368097699000089],[-78.74366856299991,1.376074691000042],[-78.75771221299993,1.39403664200006],[-78.77858562999995,1.39248275500006],[-78.77535888099993,1.406050907000065],[-78.79221406099992,1.408613704000061],[-78.79814980499992,1.427819171000067],[-78.81331552299991,1.43170159500005],[-78.81660213999993,1.442813123000064],[-78.82465602399992,1.445137767000062],[-78.80813683799994,1.455809527000042],[-78.81733091699994,1.459542505000059],[-78.81976230499993,1.450402945000064],[-78.83359782399992,1.450680766000062],[-78.83309774499992,1.458737595000059],[-78.81182753999991,1.469110415000046],[-78.79860686799992,1.484804001000043],[-78.81887099799991,1.47308240600006],[-78.8563439319999,1.480746904000057],[-78.8748076569999,1.514774575000047],[-78.8738286169999,1.522938430000067],[-78.86627451399994,1.526175905000059],[-78.87444527799994,1.548375712000052],[-78.86596618499993,1.544829909000043],[-78.86349953699994,1.550842359000058],[-78.87799108199994,1.555621486000064],[-78.90250337299994,1.543134092000059],[-78.91391160899991,1.561325602000068],[-78.91992405799994,1.55639231300006],[-78.93148645999992,1.563175587000046],[-78.95892789299995,1.594008659000053],[-78.98852764199995,1.600791933000039],[-79.01007805099994,1.631974658000047],[-78.99859824299995,1.63884366700006],[-78.99869824899991,1.644478778000064],[-79.00321767699995,1.640524282000058],[-79.00883373099992,1.648150815000065],[-79.00688971199992,1.658037062000062],[-78.96164558699991,1.688642893000065],[-78.95641169099991,1.690437373000066],[-78.9596807989999,1.682081831000062],[-78.9544219789999,1.684374775000038],[-78.95318827499995,1.699482461000059],[-78.9308445229999,1.73414871500006],[-78.86490638799995,1.803340762000062],[-78.80964391499992,1.829284481000059],[-78.80206224799991,1.824570232000042],[-78.78211528799994,1.83026105600004],[-78.77971018799991,1.824516232000065],[-78.79957355499994,1.815257905000067],[-78.8134916649999,1.790392891000067],[-78.81193188099991,1.786966489000065],[-78.8079192269999,1.792786083000067],[-78.8069046519999,1.788134006000064],[-78.80351091499995,1.787880862000065],[-78.80497827599993,1.797199067000065],[-78.79609311399992,1.806434713000044],[-78.7844091689999,1.800443646000076],[-78.7839108259999,1.806527256000038],[-78.76418408299992,1.815459212000064],[-78.76615142299994,1.821423257000049],[-78.76766344099991,1.814358982000044],[-78.77788318699993,1.815848735000088],[-78.76862689199993,1.822286717000054],[-78.7544322039999,1.818629914000041],[-78.73105691799992,1.830305907000081],[-78.72372752099994,1.823533527000052],[-78.73849235999995,1.808798365000087],[-78.74451130599994,1.813360982000063],[-78.74248757399994,1.806852264000042],[-78.74847927899992,1.810441167000079],[-78.75180800499993,1.805670235000093],[-78.75390165199991,1.817564196000092],[-78.7599101909999,1.819730274000051],[-78.76316810899993,1.804637931000059],[-78.78510310199994,1.798588539000093],[-78.77880982199991,1.797716783000055],[-78.78476095099995,1.794876252000051],[-78.78195756499991,1.790065084000048],[-78.7670385859999,1.785498003000043],[-78.77576174599994,1.791712216000064],[-78.77087677599991,1.794636552000043],[-78.75754695599994,1.777129999000067],[-78.75279906499992,1.779722027000048],[-78.7604629839999,1.790551205000043],[-78.75601832599995,1.798138278000067],[-78.74566684299992,1.799351215000058],[-78.7451185299999,1.793751774000043],[-78.75286137299992,1.791591757000049],[-78.74485268099994,1.792206529000055],[-78.74466990999991,1.787338175000059],[-78.74372282399992,1.785477234000041],[-78.73827292599992,1.796925343000055],[-78.72584777299994,1.762803824000059],[-78.73755845699992,1.77102171100006],[-78.73971847799993,1.770190933000038],[-78.73897077899994,1.766834593000056],[-78.7452016069999,1.769758932000059],[-78.74661392899992,1.76859584400006],[-78.74721208799991,1.765771198000039],[-78.7438889789999,1.76038776200005],[-78.7457665359999,1.768911537000065],[-78.73905385599994,1.766086895000058],[-78.7371430689999,1.770091240000056],[-78.72646962999994,1.753086021000058],[-78.74631384599991,1.746292616000062],[-78.75761711099994,1.74998243400006],[-78.76399747999994,1.742834056000049],[-78.7621660769999,1.74144573600006],[-78.7572626459999,1.747885182000061],[-78.74919856899993,1.743218060000061],[-78.73809200099993,1.745463004000044],[-78.72855040799993,1.741650198000059],[-78.7283663689999,1.732499189000066],[-78.71923335899993,1.748009798000055],[-78.71376684499995,1.745667007000065],[-78.71881796999992,1.750867674000062],[-78.71715641599991,1.793403463000061],[-78.69945670699991,1.769774084000062],[-78.6925778719999,1.79047289600004],[-78.69093293399993,1.775444139000058],[-78.67986473899992,1.758876030000067],[-78.6866688849999,1.748351979000063],[-78.67948067099991,1.750259127000049],[-78.67520909099994,1.761572236000063],[-78.68789228999992,1.781635504000064],[-78.67769865399993,1.789667043000065],[-78.65967909699992,1.785554697000066],[-78.65445766199991,1.775085348000061],[-78.65127059299994,1.793693716000064],[-78.59759393199994,1.792681780000066],[-78.59979904699992,1.773537137000062],[-78.58073900099993,1.778447798000059],[-78.56859380799995,1.751251922000051],[-78.58190416899993,1.740321977000065],[-78.55365228099993,1.757731986000067],[-78.56262467399995,1.760909706000064],[-78.56403284099991,1.792151085000057],[-78.5424746349999,1.80210846600005],[-78.55043763399993,1.806594663000055],[-78.55081632999992,1.835729615000048],[-78.53849634699992,1.855885327000067],[-78.54466961799994,1.857810115000063],[-78.55193787999991,1.898879584000042],[-78.59708893499993,1.894344558000057],[-78.60269005799995,1.947013776000063],[-78.58740894999994,1.958646344000044],[-78.58442983499992,1.963490035000063],[-78.59090210799991,1.966549761000067],[-78.58500462899991,1.972606127000063],[-78.60607832999995,1.99625108400005],[-78.62124832199993,1.996504475000052],[-78.6278140579999,2.010251627000059],[-78.63136095699991,2.006725759000062],[-78.63573987399991,2.011558041000058],[-78.6352760719999,1.999105444000065],[-78.64773629599995,1.987299344000064],[-78.64589197099991,1.978426646000059],[-78.6678401929999,1.972419775000049],[-78.67436685899992,1.980094430000065],[-78.6685777269999,2.007703924000054],[-78.67595502799992,2.049512789000062],[-78.67038466699995,2.052815125000052],[-78.6663595519999,2.046384912000065],[-78.65563006399992,2.044166738000058],[-78.64982293199995,2.04994894400005],[-78.66466476599993,2.049363246000041],[-78.67990537399993,2.058634719000054],[-78.68974039099993,2.111769843000047],[-78.70356036899994,2.118648678000056],[-78.7127450719999,2.167586762000042],[-78.70131911699991,2.212609348000058],[-78.69310549999994,2.22048234500005],[-78.69779445299991,2.232468084000061],[-78.68832022299995,2.233265238000058],[-78.68168603099991,2.246429703000047],[-78.67324687599995,2.240744378000045],[-78.66170368599995,2.261087713000052],[-78.6654024099999,2.271802691000062],[-78.66050547999993,2.286844187000042],[-78.62324550099993,2.326735853000059],[-78.63074080299992,2.333781434000059],[-78.62197962699992,2.377320811000061],[-78.56641445499992,2.454555734000053],[-78.57017876099991,2.442330063000043],[-78.5616174619999,2.431336955000063],[-78.55179028799995,2.447210338000048],[-78.54853282199991,2.454430731000059],[-78.55677049999991,2.455854919000046],[-78.55089085199995,2.485986034000064],[-78.55702034299992,2.491582526000059],[-78.52728897799994,2.506190038000057],[-78.52449073199995,2.498794674000067],[-78.51334771699993,2.508155471000066],[-78.51424704899995,2.500356371000066],[-78.50194622099991,2.530615468000065],[-78.48793833399992,2.547471569000038],[-78.46936758899994,2.554975786000057],[-78.46033896699993,2.574438],[-78.45424082099993,2.575529200000062],[-78.45120789099991,2.582226920000039],[-78.45720759599993,2.588612449000038],[-78.4507391329999,2.592729202000044],[-78.4551755359999,2.59759015800006],[-78.39553498799995,2.603032509000059],[-78.37121704899994,2.637189411000065],[-78.33269119699992,2.656344070000046],[-78.27326347999991,2.655677450000042],[-78.1752153409999,2.675522602000058],[-78.166767,2.671585621000077],[-78.15429899899993,2.683681537000041],[-78.14025779999992,2.676152924000064]]]]}},{"type":"Feature","properties":{"dpto":54,"dpto_nombre":"Norte de Santander"},"geometry":{"type":"Polygon","coordinates":[[[-73.0044097299999,9.288676842000086],[-73.00360234999994,9.273538486000064],[-72.99477165199994,9.272327422000046],[-72.99502395299993,9.256835851000062],[-72.98441622699994,9.25163991900007],[-72.98780801099991,9.228728984000043],[-72.99623502399993,9.220957963000046],[-72.98557079799991,9.22208719200006],[-72.9709455819999,9.213403095000047],[-72.9555006679999,9.17948406000005],[-72.96461619599995,9.155905718000042],[-72.98715531999994,9.143420870000057],[-72.9723357339999,9.136344634000068],[-72.9594408399999,9.11248510900009],[-72.94784169499991,9.10579285700004],[-72.94839721199992,9.092332231000057],[-72.93252179899991,9.083042492000061],[-72.91959681199995,9.093433791000052],[-72.88706118399995,9.103561282000044],[-72.88123178699993,9.132266867000055],[-72.84610924899994,9.13081966100009],[-72.82336030399995,9.12186354000005],[-72.82189220999993,9.141521605000037],[-72.80766512799994,9.128916367000045],[-72.81151524499995,9.119942321000053],[-72.79612508299994,9.121259549000058],[-72.79628823299993,9.10346084300005],[-72.78520744399992,9.115195588000063],[-72.77633709299994,9.113985915000058],[-72.7754059589999,9.103700393000054],[-72.76580917899992,9.105603009000049],[-72.76529507299995,9.100752043000057],[-72.77579888399993,9.099948718000064],[-72.76288436099992,9.093637200000046],[-72.77311604399995,9.085689799000079],[-72.76083802499994,9.080835698000044],[-72.74698388599995,9.01429444300004],[-72.72019555899993,8.940742500000056],[-72.69802278999992,8.806418717000042],[-72.65478619599992,8.614276840000059],[-72.6386754319999,8.608024619000048],[-72.6355252379999,8.60075869700006],[-72.62880274999992,8.60632798100005],[-72.62589483999994,8.601588811000056],[-72.63229803099995,8.597239564000063],[-72.61708906899992,8.59520948700009],[-72.57566111199992,8.540902716000062],[-72.42825201199992,8.38181860800006],[-72.4093479789999,8.375443246000088],[-72.41577227199991,8.364164907000088],[-72.40697951699991,8.367346962000056],[-72.40282898899994,8.364157804000058],[-72.4078829199999,8.360129459000063],[-72.4019670909999,8.355347781000091],[-72.39949056199993,8.36049315200006],[-72.39287209899993,8.358301505000043],[-72.38832680299993,8.348233753000045],[-72.39508452299992,8.34332760600006],[-72.3954298619999,8.326131218000057],[-72.38128943599992,8.315727155000047],[-72.37990718999993,8.304305167000052],[-72.38627871599994,8.30319804700008],[-72.38447524799994,8.277532872000052],[-72.39366583299994,8.252608889000044],[-72.38061666699991,8.246753334000061],[-72.38644111099995,8.241743057000065],[-72.368815,8.200817502000064],[-72.37405638899992,8.195179445000065],[-72.36220472199994,8.191232222000053],[-72.36704672099995,8.18409504400006],[-72.35453051099995,8.165724599000043],[-72.35374915599994,8.156020882000064],[-72.36610964199991,8.149134952000054],[-72.3587405639999,8.120535480000058],[-72.37351588299992,8.105136549000065],[-72.37045426899994,8.093683704000057],[-72.35236849799992,8.08663742400006],[-72.34641232299992,8.03759526400006],[-72.35497788999993,8.027430922000065],[-72.34713392599991,8.016384696000046],[-72.35134609099993,8.004400864000047],[-72.38338548099995,8.034464872000058],[-72.41599819399994,8.033352364000052],[-72.41159186399994,8.021827056000063],[-72.42176184599992,8.008482207000043],[-72.41874571099993,7.995463524000058],[-72.42468803699995,7.989910169000041],[-72.43696683299993,7.991308383000046],[-72.4482434549999,7.963931677000062],[-72.47469209899992,7.959676915000045],[-72.48806630699994,7.943475427000067],[-72.48652588499993,7.926840050000067],[-72.47996279499995,7.930458711000085],[-72.4775744499999,7.921397169000045],[-72.45708754599991,7.911201730000073],[-72.46230465199994,7.907441084000084],[-72.45491333399991,7.895724739000059],[-72.45796636599994,7.884703238000043],[-72.44459144099994,7.85983838900006],[-72.45060258399991,7.85142591400006],[-72.44698703799992,7.82703686800005],[-72.4582533599999,7.803014943000051],[-72.46840475699992,7.79538492000006],[-72.47365711799995,7.758533140000054],[-72.4701168069999,7.706786227000066],[-72.4760360969999,7.631621736000056],[-72.4525032009999,7.564527765000093],[-72.45679527999994,7.545008592000045],[-72.47397236099994,7.519702027000051],[-72.4751369199999,7.487210583000092],[-72.46069829699991,7.481044259000043],[-72.44711537699993,7.461875292000059],[-72.44249435199993,7.42257782300004],[-72.42859298499991,7.402385096000046],[-72.35348575299992,7.396249318000059],[-72.32553873199993,7.375971914000047],[-72.2998389309999,7.390686695000056],[-72.25645253899995,7.37844467900004],[-72.24134872399992,7.390843120000056],[-72.22214694799993,7.394884037000054],[-72.1944500269999,7.383795745000043],[-72.17550951699991,7.349579104000043],[-72.15386421399995,7.328193193000061],[-72.17066506399993,7.290156348000039],[-72.1678092219999,7.271504278000066],[-72.1744161229999,7.257609785000056],[-72.0476056139999,7.038183055000047],[-72.07791968399994,7.045377053000038],[-72.1221291249999,7.02767609600005],[-72.15306271399993,7.035047797000061],[-72.15976204299994,7.047259650000058],[-72.18543674299991,7.054041090000055],[-72.19965955499993,7.041193450000037],[-72.2057407929999,7.023217601000056],[-72.20096781799992,7.006687169000088],[-72.21290611299992,7.001145447000056],[-72.22084082399994,6.985748926000042],[-72.24424683899991,6.977025849000086],[-72.25541734199993,6.983979266000063],[-72.25166927399994,7.006877325000062],[-72.27652400799991,7.012792372000092],[-72.29370962399992,6.989853371000038],[-72.31342579999995,6.932223804000046],[-72.34915582999992,6.900106614000038],[-72.35004570099994,6.892893168000057],[-72.37054519399993,6.889853773000084],[-72.39232798599994,6.872214494000048],[-72.4322907799999,6.882895868000048],[-72.4645966409999,6.901687988000049],[-72.48901542999994,6.924786391000055],[-72.49719946499994,6.920738417000052],[-72.5003960539999,6.908737205000079],[-72.51214679399993,6.903453733000049],[-72.51374108399995,6.887997284000051],[-72.54736680699995,6.885951258000091],[-72.55259901199992,6.922308951000048],[-72.54190933899991,6.941897846000074],[-72.55449486499992,6.96905959500009],[-72.55332025099995,6.988105174000054],[-72.56236645399991,6.999793605000093],[-72.57442421999991,7.001841271000046],[-72.59988491399992,6.989401494000049],[-72.61416301899993,6.993356486000039],[-72.63202813799995,6.986918157000048],[-72.64912304199993,6.997517819000052],[-72.65743490799991,6.991766918000053],[-72.66850496799992,6.965503130000059],[-72.6773153279999,7.007791445000066],[-72.69246832999994,7.007872225000085],[-72.69956306199992,7.000789489000056],[-72.72177779999993,7.005051653000066],[-72.7340388209999,6.986825328000066],[-72.75661490699991,7.040642520000063],[-72.74989336699991,7.059107353000059],[-72.77229121199991,7.060195185000055],[-72.78686778199994,7.04879068200006],[-72.8004478389999,7.073153338000054],[-72.82049116799993,7.073037004000071],[-72.81905616299991,7.090111203000049],[-72.83589555099991,7.096614640000041],[-72.8332287209999,7.108854016000066],[-72.8401250249999,7.126716075000047],[-72.85905286899992,7.154524495000089],[-72.84366450499994,7.165312283000048],[-72.84192304099992,7.192620116000057],[-72.83121971199995,7.199233990000039],[-72.83241414999992,7.207459482000047],[-72.84188729099992,7.205947065000089],[-72.8564229239999,7.216958035000061],[-72.86563342399995,7.234091961000047],[-72.86807300399994,7.257769351000093],[-72.87618716499992,7.26346120900007],[-72.8708813099999,7.277097191000053],[-72.83405531699992,7.304236509000077],[-72.84318434599993,7.315376504000085],[-72.83683124999993,7.355610083000045],[-72.84046283499993,7.361555261000092],[-72.85602475399992,7.362785011000085],[-72.85066834699995,7.374721620000059],[-72.87216468499992,7.387425238000048],[-72.8771604659999,7.406096645000048],[-72.90036225099993,7.43336469500008],[-72.89608497699993,7.479603550000093],[-72.90206274699995,7.477071659000046],[-72.90990633399991,7.488795439000057],[-72.92793319999993,7.495061437000061],[-72.93926848299992,7.51227841900004],[-72.97830107499993,7.529047366000043],[-72.99223876999991,7.596969474000048],[-72.98051755199992,7.610888816000056],[-72.9823547769999,7.620307811000089],[-72.9987917549999,7.617091195000057],[-73.03433021099994,7.62294455600005],[-73.0485843109999,7.606278664000058],[-73.08966575499994,7.609602112000061],[-73.09989477399995,7.619371271000091],[-73.12331751399995,7.608124306000093],[-73.16422387999995,7.625516599000093],[-73.18159791099993,7.618709749000061],[-73.21903680799994,7.632110967000074],[-73.25917694599991,7.587377124000056],[-73.24754340499993,7.558261217000052],[-73.25657103899994,7.531573138000056],[-73.27780704499992,7.54023141600004],[-73.28376247799991,7.549366132000046],[-73.35534401199993,7.54434989400005],[-73.3637359949999,7.547436787000038],[-73.38644380999995,7.582138623000048],[-73.39921611199992,7.576730876000056],[-73.39574976199992,7.567186194000044],[-73.40874438499992,7.565163560000087],[-73.46769516499995,7.576225023000063],[-73.48946308599994,7.594331196000041],[-73.50556377999993,7.595783951000044],[-73.50857392299991,7.61148563100005],[-73.51684378399995,7.621607597000093],[-73.52089578699992,7.619327420000047],[-73.51788246399991,7.641430341000046],[-73.52714383299991,7.644553386000041],[-73.53756257399994,7.663244917000043],[-73.55882629199994,7.672356010000044],[-73.55908975299991,7.69129077100007],[-73.59691828799993,7.701346700000045],[-73.60304887699994,7.713417781000089],[-73.60002781299994,7.725856175000047],[-73.63314898099992,7.745177346000048],[-73.63287340799991,7.749194724000063],[-73.6140295269999,7.741692711000042],[-73.5882228019999,7.741325969000059],[-73.55890598399992,7.728319157000044],[-73.55165303799993,7.712117515000045],[-73.5303871619999,7.704061675000048],[-73.52181642199992,7.707428536000066],[-73.50805821699993,7.682024889000047],[-73.49083325799995,7.67436949100005],[-73.46680075799992,7.684601999000051],[-73.4627429969999,7.692269357000043],[-73.43930719999992,7.696547152000051],[-73.40774785699995,7.719125405000057],[-73.41023153399993,7.725043585000037],[-73.40343758599994,7.724082013000043],[-73.40601200399993,7.72976628400005],[-73.39101712799993,7.754845322000051],[-73.35420393499993,7.789752270000065],[-73.34858386099995,7.811314175000064],[-73.3430953319999,7.812147918000051],[-73.34924628999994,7.827002059000051],[-73.34682802399993,7.848473678000062],[-73.3555395809999,7.860383845000058],[-73.34787872899994,7.898538977000044],[-73.33340059099993,7.907278363000046],[-73.30345930399994,7.90650630500005],[-73.30277697899993,7.922427180000057],[-73.27861842999994,7.936208907000093],[-73.27603233199994,7.946046084000045],[-73.27925050599993,7.987902579000092],[-73.28878064699995,7.992430034000051],[-73.29836207599993,7.985009370000057],[-73.30928882699993,8.015515332000064],[-73.32349967199991,8.014097340000092],[-73.3323631319999,8.021630921000053],[-73.36702559899993,8.012629641000046],[-73.3748440299999,8.051549787000056],[-73.36878207199993,8.068213437000054],[-73.3775729269999,8.105542598000056],[-73.3850682289999,8.11196714600004],[-73.40416842399992,8.11205368900005],[-73.41811629799992,8.134048738000047],[-73.43536356299995,8.145169770000052],[-73.42908144499995,8.179417657000045],[-73.4167718619999,8.188602565000053],[-73.40703920599992,8.212284529000044],[-73.4051424779999,8.246621909000055],[-73.37408138599994,8.265779820000091],[-73.37666277099993,8.316049284000087],[-73.36908178599992,8.325106283000082],[-73.35067338199991,8.331082009000056],[-73.3515152029999,8.398212135000051],[-73.3392868979999,8.419411470000057],[-73.34176510599991,8.434682851000048],[-73.37035414899992,8.459076246000052],[-73.4024020569999,8.455116643000054],[-73.41439876999993,8.459258384000066],[-73.40939728799992,8.426405703000057],[-73.3989888239999,8.417710656000054],[-73.40428840499993,8.405086269000037],[-73.3971786589999,8.393463414000053],[-73.40176520599994,8.389888123000048],[-73.39316235299992,8.382126309000057],[-73.42546728399992,8.360623110000063],[-73.4342416419999,8.36537658900005],[-73.44182708999995,8.340884840000058],[-73.45849248999991,8.347084055000039],[-73.4561412619999,8.36139274900006],[-73.47118585399994,8.366518409000037],[-73.48805208099992,8.383977217000051],[-73.5299978349999,8.380789827000058],[-73.49695096699992,8.412137475000065],[-73.4879098689999,8.436138074000041],[-73.47329328399991,8.446829542000046],[-73.47767132299992,8.470115005000082],[-73.5227729959999,8.482929072000047],[-73.54770129499991,8.471406184000045],[-73.55266674299992,8.480244621000054],[-73.55932300699993,8.479457779000086],[-73.5613625819999,8.491259469000056],[-73.57391961999991,8.490813979000052],[-73.57772768899991,8.495809958000052],[-73.56878635299995,8.497665150000046],[-73.57605110899993,8.506396333000055],[-73.55461429499991,8.507027547000064],[-73.5318458559999,8.527936232000059],[-73.51499289899994,8.52897611800006],[-73.51809113999991,8.538429694000058],[-73.54719751199991,8.564321207000091],[-73.54737653899991,8.582333169000037],[-73.54197370499992,8.588226942000063],[-73.55224160299991,8.60687471500006],[-73.54220672299994,8.624204895000048],[-73.52158612599993,8.638261668000041],[-73.52154974799993,8.658152460000053],[-73.50733924999992,8.684948826000038],[-73.47176622199993,8.707454445000053],[-73.47133745999992,8.727118293000046],[-73.45839045699995,8.74966770900005],[-73.44027294999995,8.760727406000058],[-73.4146179469999,8.766029819000039],[-73.4119104259999,8.78334391900006],[-73.42454778099994,8.80028253200004],[-73.42982271799991,8.83454097400005],[-73.44824593999994,8.862248707000049],[-73.44727949399993,8.87091945700007],[-73.43288294999991,8.873371459000055],[-73.4256845029999,8.899569219000057],[-73.4373962219999,8.910031512000046],[-73.4302519929999,8.91972340600006],[-73.43966475199994,8.975308064000046],[-73.43684439399993,8.999157858000046],[-73.42277092699993,9.01347449900004],[-73.42332110399991,9.027198849000058],[-73.41647615799991,9.032126941000058],[-73.41855090599995,9.042841947000056],[-73.41193531499994,9.052667528000086],[-73.4179449479999,9.088826419000043],[-73.42947251599992,9.102410104000057],[-73.42420444899994,9.123802571000056],[-73.41541372099994,9.132412117000058],[-73.40595191599994,9.161390160000053],[-73.3811894669999,9.152779442000053],[-73.37170120299993,9.158101386000055],[-73.3690438619999,9.172574466000071],[-73.35824173999993,9.167411185000049],[-73.33956862999992,9.173896205000062],[-73.31664083699991,9.168168637000065],[-73.30107175899991,9.171443157000056],[-73.25094670999994,9.158230889000038],[-73.21361668799995,9.183199598000044],[-73.1925755389999,9.174554564000061],[-73.17698152199995,9.17663692900004],[-73.15674156299991,9.192120139000053],[-73.1502421799999,9.200715390000084],[-73.15221945299993,9.210049928000046],[-73.13663122999992,9.215475922000053],[-73.13005566999993,9.22839712800004],[-73.1049030019999,9.23115610800005],[-73.08816520699992,9.226235928000051],[-73.0811758019999,9.240306707000059],[-73.0728069079999,9.243019707000087],[-73.0767205699999,9.251739268000051],[-73.0709216059999,9.264125876000037],[-73.05017800599995,9.258400140000049],[-73.04255836899995,9.26203335200006],[-73.03594795399994,9.281460891000052],[-73.03085138099993,9.284993175000068],[-73.0269658709999,9.279694748000054],[-73.01086876099993,9.290745743000059],[-73.0044097299999,9.288676842000086]]]}},{"type":"Feature","properties":{"dpto":63,"dpto_nombre":"Quindío"},"geometry":{"type":"Polygon","coordinates":[[[-75.70194399499991,4.720491903000038],[-75.6597854709999,4.699894918000041],[-75.6467137599999,4.70951877400006],[-75.61737143399995,4.700842072000057],[-75.6064972989999,4.709461670000053],[-75.59395515799991,4.702764678000051],[-75.58272886399993,4.707571186000052],[-75.51490226999994,4.693667834000053],[-75.49478783899991,4.668321683000045],[-75.47937845099995,4.66317253200009],[-75.4645972379999,4.679390936000061],[-75.44119761999991,4.681104147000042],[-75.43870670599995,4.695316313000092],[-75.41340765799993,4.69794491600004],[-75.39603490399992,4.715352151000047],[-75.3887106219999,4.715441808000094],[-75.38317170599993,4.704006130000039],[-75.4006773399999,4.69070079100004],[-75.42151430599995,4.658615797000039],[-75.41539123699994,4.624475025000038],[-75.42100092699991,4.610864252000056],[-75.43232224199994,4.601056773000039],[-75.46887076199994,4.598322771000085],[-75.49012838899995,4.569744127000092],[-75.51503550399991,4.555587389000038],[-75.52467875299993,4.542343955000092],[-75.52462512599993,4.497929646000046],[-75.53560849699994,4.494701545000055],[-75.57734501699991,4.452690363000045],[-75.58280456999995,4.386921827000037],[-75.59044438099994,4.377206952000051],[-75.60032272399991,4.333856859000093],[-75.59295618099992,4.318893597000056],[-75.60441231699991,4.289164390000053],[-75.5971018919999,4.279506154000046],[-75.61676622099992,4.27233220700009],[-75.62346360899994,4.257533437000063],[-75.64331059599994,4.246054307000065],[-75.64637890799992,4.226239873000054],[-75.65981501399995,4.220243229000062],[-75.65423781299995,4.213588173000062],[-75.65619133199993,4.200502983000092],[-75.69138280499993,4.160955035000086],[-75.69644123699993,4.131950464000056],[-75.7145911419999,4.126719478000041],[-75.71985648499992,4.112352457000043],[-75.73310632399995,4.114143809000041],[-75.73263819099992,4.102584036000053],[-75.74699985399991,4.095275288000039],[-75.75239640699994,4.077390709000042],[-75.76709653299991,4.075311429000067],[-75.77592973199995,4.077003704000049],[-75.78497090899992,4.089910987000053],[-75.83904134999995,4.097565541000051],[-75.83309250199994,4.114597366000055],[-75.84223404499994,4.124363256000038],[-75.8418540369999,4.156130601000086],[-75.8194731339999,4.201624155000047],[-75.82399040699994,4.225853201000064],[-75.79876194099995,4.263547405000054],[-75.7873706609999,4.293618999000046],[-75.7971673799999,4.313083176000077],[-75.78973512699991,4.351783555000054],[-75.8037752539999,4.368887686000051],[-75.80107115999994,4.39056910000005],[-75.81243584499992,4.404518953000093],[-75.8281898699999,4.407400877000043],[-75.83785690299993,4.400846964000038],[-75.85486142499991,4.408042983000087],[-75.85735203299993,4.415280891000066],[-75.86818031099995,4.409503122000046],[-75.88517445299993,4.410939246000055],[-75.89429281499991,4.415469304000055],[-75.89579562599994,4.425177615000052],[-75.88755581499993,4.430118404000041],[-75.8833655869999,4.443702747000088],[-75.88809119699994,4.44669372900006],[-75.86547679799992,4.454767243000049],[-75.88139113199992,4.467422575000057],[-75.8730140209999,4.472407922000059],[-75.87215109199991,4.481712063000089],[-75.87912089999992,4.486026709000043],[-75.87050662799993,4.512695405000045],[-75.8718933159999,4.524586647000092],[-75.88130378599993,4.527616374000047],[-75.87952181299994,4.538581411000052],[-75.87030819499995,4.546113243000093],[-75.8757714269999,4.555116335000093],[-75.86428405599992,4.570562658000085],[-75.8725515619999,4.580252803000064],[-75.85975537599995,4.595169007000038],[-75.86496308699992,4.614764363000063],[-75.85183571999994,4.624087677000091],[-75.84761931899993,4.638669015000062],[-75.83626928899992,4.64439875700009],[-75.8250881219999,4.663469884000051],[-75.75787292299992,4.650743780000084],[-75.7084699529999,4.655063982000058],[-75.71360663299993,4.713757300000054],[-75.70194399499991,4.720491903000038]]]}},{"type":"Feature","properties":{"dpto":66,"dpto_nombre":"Risaralda"},"geometry":{"type":"Polygon","coordinates":[[[-76.00823561199991,5.563659950000044],[-75.99897341399992,5.541514946000063],[-75.98802773699992,5.537325657000054],[-75.98339487499993,5.519400508000047],[-75.95926790999994,5.505081594000046],[-75.93079979099991,5.50887461700006],[-75.92271435799995,5.493029537000041],[-75.90502306499991,5.479859219000048],[-75.86802412599991,5.490242126000055],[-75.86467124199993,5.445063323000056],[-75.85064151299991,5.412476717000061],[-75.86067798499994,5.371708954000042],[-75.83893967699993,5.369839098000057],[-75.83313117199992,5.36107959800006],[-75.8283436939999,5.367408965000038],[-75.80917475799993,5.362126563000061],[-75.78845441199991,5.366818858000045],[-75.76310139499992,5.386894182000049],[-75.7421096249999,5.383834283000056],[-75.73941607199993,5.397644674000048],[-75.72522650899992,5.397141540000064],[-75.7124497399999,5.386248632000047],[-75.69843357699995,5.387794493000058],[-75.69778274299995,5.376454771000056],[-75.6803477009999,5.356270328000051],[-75.66617087199995,5.354000321000058],[-75.65984859799994,5.318755357000043],[-75.64815884799992,5.30868668700009],[-75.66199326899994,5.290434517000051],[-75.66622917699993,5.268471334000083],[-75.6926383469999,5.255185182000048],[-75.69872955299991,5.261374548000049],[-75.73480751099993,5.264365801000054],[-75.74927234099994,5.284523875000048],[-75.76314459799994,5.273368958000049],[-75.77421860999993,5.274101833000088],[-75.78694587899992,5.284818183000084],[-75.8236641439999,5.270118111000045],[-75.82060058799993,5.243741786000044],[-75.80497942599993,5.235080547000052],[-75.80831433899993,5.207404914000051],[-75.80237520399993,5.200359329000094],[-75.83382269499992,5.150083376000055],[-75.8365688209999,5.114781864000065],[-75.84584852099994,5.105580899000074],[-75.8750340329999,5.132230478000054],[-75.8918282539999,5.130996998000057],[-75.88837846599995,5.116562187000056],[-75.89987578199992,5.118437497000059],[-75.89891890599995,5.106659834000084],[-75.91735166799992,5.078686351000044],[-75.91225197099993,5.07366649100004],[-75.92203422499995,5.042051383000057],[-75.90386703999991,5.023616512000046],[-75.90442621299991,4.995729227000083],[-75.89216009299992,4.961530423000056],[-75.86072690099991,4.942129236000085],[-75.86711851399991,4.933293657000092],[-75.81480708599992,4.919438478000075],[-75.80274562199992,4.936486136000042],[-75.79218890399994,4.937768378000044],[-75.78836707599993,4.949383259000058],[-75.7962408439999,4.966341521000061],[-75.79324701399992,4.980117921000044],[-75.77853404299992,4.993165880000049],[-75.78561035799993,4.99604763800005],[-75.78139178599992,5.010384385000066],[-75.77061721099994,5.007478612000057],[-75.77242631799993,5.020078297000055],[-75.76208400699994,5.024825193000083],[-75.75846580199993,5.037873151000042],[-75.74681297099994,5.046819020000044],[-75.71990894299995,4.992719373000057],[-75.71378794799995,4.956265633000044],[-75.70238478499994,4.945500300000049],[-75.6555395979999,4.945802034000053],[-75.65416249299994,4.958030223000037],[-75.6391576119999,4.968766350000067],[-75.64192730299993,4.971136296000054],[-75.6395050129999,4.974998158000062],[-75.62307886699995,4.970959859000061],[-75.61706107899994,4.931405171000051],[-75.60933021099993,4.933934535000049],[-75.59497491899992,4.926196529000038],[-75.58757241699993,4.934562713000048],[-75.56459417799994,4.937803213000052],[-75.55737013399994,4.924111793000066],[-75.54338247299995,4.928460261000055],[-75.5374576129999,4.916533212000047],[-75.5119314179999,4.924286891000065],[-75.48008524099993,4.916464207000047],[-75.48404645199992,4.910676067000054],[-75.47427281599994,4.903948142000047],[-75.47294626699994,4.890789718000065],[-75.45634952599994,4.886899301000085],[-75.45192967699995,4.869529236000062],[-75.43874710299991,4.85523164500006],[-75.44003915099995,4.845130830000073],[-75.43016200799991,4.834745674000089],[-75.42686677299992,4.816390873000046],[-75.40553666399995,4.804059402000064],[-75.37549906999993,4.802684968000051],[-75.37892422199991,4.761290986000063],[-75.38800026299992,4.746849323000049],[-75.3779379959999,4.72958002200005],[-75.3887106219999,4.715441808000094],[-75.4053799159999,4.710255501000063],[-75.41191107899994,4.698896656000045],[-75.42367682799994,4.693151714000066],[-75.43870670599995,4.695316313000092],[-75.44035053199991,4.681713291000051],[-75.4645972379999,4.679390936000061],[-75.47937845099995,4.66317253200009],[-75.49478783899991,4.668321683000045],[-75.51370658699994,4.693239532000064],[-75.54578582999994,4.701480202000084],[-75.56105412699992,4.699477092000052],[-75.58272886399993,4.707571186000052],[-75.59308427799994,4.70263142400006],[-75.6064972989999,4.709461670000053],[-75.62154144099992,4.701044325000055],[-75.6467137599999,4.70951877400006],[-75.6597854709999,4.699894918000041],[-75.7029374199999,4.721360405000041],[-75.72974634299993,4.707933106000041],[-75.75395720299991,4.709884144000057],[-75.77020513799994,4.714016578000042],[-75.77604004799991,4.721772014000067],[-75.79056564599995,4.716406953000046],[-75.8025888219999,4.728210657000091],[-75.83109515599995,4.737821919000055],[-75.84122950999995,4.728279833000045],[-75.85085525799991,4.734009201000049],[-75.85609931099992,4.72783000700008],[-75.84454278999993,4.759658946000059],[-75.85197175199994,4.778653766000048],[-75.87095531199992,4.776244869000038],[-75.87271979699995,4.766800488000058],[-75.87809787599991,4.768817266000042],[-75.8886363499999,4.754680603000054],[-75.89773837099995,4.758817721000071],[-75.90773470499994,4.752056917000061],[-75.91681430999995,4.756545365000079],[-75.91515217799991,4.763740947000088],[-75.92325312999992,4.76025874600009],[-75.92045024899994,4.769777637000061],[-75.9290743819999,4.768253850000065],[-75.92888308899995,4.77923792100006],[-75.9215829019999,4.778143366000052],[-75.92794082099994,4.787470853000059],[-75.91747119299993,4.794485506000058],[-75.93570976199993,4.807727205000049],[-75.92096899799992,4.817256946000043],[-75.91076111199993,4.816590697000038],[-75.90256756499991,4.837800813000058],[-75.90622250899992,4.847737269000049],[-75.90060806899993,4.852073175000044],[-75.91112820199993,4.860703297000043],[-75.9142411919999,4.873511816000075],[-75.94280888899993,4.856706573000054],[-75.95574010299993,4.864786817000038],[-75.9744318409999,4.860979371000042],[-75.98816081199993,4.874509891000059],[-75.98757546099995,4.911401055000056],[-76.02771486499995,4.938596695000058],[-76.04908864499993,5.007150578000051],[-76.06418394399992,5.015412069000092],[-76.07981508199993,5.040933979000044],[-76.06903479499994,5.074607309000044],[-76.06978820099994,5.094996869000056],[-76.06169420999993,5.102270680000061],[-76.06090975599994,5.137100611000051],[-76.0770913419999,5.146299601000067],[-76.08544533299994,5.159982084000092],[-76.11775993399993,5.168214804000058],[-76.13248693299994,5.183449258000053],[-76.14249259399992,5.206042316000094],[-76.14202304999992,5.233378449000043],[-76.1736181739999,5.260251417000063],[-76.17751769799992,5.288370014000066],[-76.20132034999995,5.321464720000051],[-76.19809124699992,5.329282283000055],[-76.20330344399991,5.330721375000053],[-76.20428868999994,5.345137134000083],[-76.21142656799992,5.348616176000064],[-76.2030836909999,5.353697693000072],[-76.2041165999999,5.365538082000057],[-76.1970298679999,5.370247329000051],[-76.19121719599991,5.414584253000044],[-76.18394643599993,5.414451106000058],[-76.17797806899995,5.401276989000053],[-76.1681272049999,5.410631073000047],[-76.15247631799991,5.407566734000056],[-76.1435552289999,5.417145684000047],[-76.11898626999994,5.421516059000055],[-76.1024476209999,5.447452227000042],[-76.08533526299993,5.449751096000057],[-76.07557115899994,5.49959410200006],[-76.08554814699994,5.533459569000058],[-76.07478584199993,5.546602500000063],[-76.0537632619999,5.552415913000061],[-76.03704395299991,5.567172196000058],[-76.00823561199991,5.563659950000044]]]}},{"type":"Feature","properties":{"dpto":68,"dpto_nombre":"Santander"},"geometry":{"type":"Polygon","coordinates":[[[-73.76961247499992,8.116511753000054],[-73.7763419659999,8.102995475000057],[-73.78737876999992,8.107797658000038],[-73.79142251399992,8.102805377000038],[-73.77329654999994,8.092184773000042],[-73.76447512999994,8.063556548000065],[-73.74272359499992,8.051489322000066],[-73.74982938099993,8.044267897000054],[-73.73367640499993,8.035120878000043],[-73.7370941179999,8.023736343000053],[-73.7211689209999,8.01058912800005],[-73.72565268099993,8.007059276000064],[-73.7207466559999,7.997468239000057],[-73.72727967399993,7.991397367000047],[-73.71922717399991,7.989581883000085],[-73.72785069199995,7.985943384000052],[-73.71957428999991,7.983688734000054],[-73.72369300499992,7.968037904000084],[-73.7083952879999,7.96982358200006],[-73.69697745199994,7.950525067000058],[-73.68232104499992,7.951418708000062],[-73.68388552999994,7.939688172000047],[-73.67427141099995,7.941159137000056],[-73.67782172999995,7.913767862000043],[-73.67077797199994,7.903500484000062],[-73.6713845669999,7.891225573000042],[-73.68981623999991,7.884110041000042],[-73.69290672199992,7.871578645000056],[-73.70991054799993,7.863065647000042],[-73.71862387399995,7.847414350000065],[-73.72510051699993,7.848718180000049],[-73.72069244199992,7.840826413000059],[-73.72478309899992,7.834626445000083],[-73.73090513099993,7.83788757700006],[-73.74361432299992,7.830808051000076],[-73.75116788199995,7.819740443000057],[-73.75087546999993,7.803042118000064],[-73.73738935099993,7.785029222000048],[-73.74057665999993,7.776749500000051],[-73.76187010899991,7.771390274000055],[-73.75838664799994,7.768882534000056],[-73.76320952799995,7.766689959000075],[-73.75617793299995,7.764379309000049],[-73.76184632499991,7.761052619000054],[-73.75835153799994,7.751032481000038],[-73.6330426319999,7.749194902000056],[-73.6316481099999,7.741257055000062],[-73.60002781299994,7.725856175000047],[-73.60304887699994,7.713417781000089],[-73.59691828799993,7.701346700000045],[-73.55908975299991,7.69129077100007],[-73.55882629199994,7.672356010000044],[-73.53756257399994,7.663244917000043],[-73.52714383299991,7.644553386000041],[-73.51788246399991,7.641430341000046],[-73.52089578699992,7.619327420000047],[-73.51684378399995,7.621607597000093],[-73.50857392299991,7.61148563100005],[-73.50556377999993,7.595783951000044],[-73.48946308599994,7.594331196000041],[-73.46769516499995,7.576225023000063],[-73.40874438499992,7.565163560000087],[-73.39574976199992,7.567186194000044],[-73.39921611199992,7.576730876000056],[-73.38644380999995,7.582138623000048],[-73.3637359949999,7.547436787000038],[-73.35534401199993,7.54434989400005],[-73.28376247799991,7.549366132000046],[-73.27780704499992,7.54023141600004],[-73.25657103899994,7.531573138000056],[-73.24754340499993,7.558261217000052],[-73.25917694599991,7.587377124000056],[-73.21903680799994,7.632110967000074],[-73.18159791099993,7.618709749000061],[-73.16422387999995,7.625516599000093],[-73.12331751399995,7.608124306000093],[-73.09989477399995,7.619371271000091],[-73.08966575499994,7.609602112000061],[-73.0485843109999,7.606278664000058],[-73.03433021099994,7.62294455600005],[-72.9987917549999,7.617091195000057],[-72.9823547769999,7.620307811000089],[-72.98051755199992,7.610888816000056],[-72.99223876999991,7.596969474000048],[-72.97830107499993,7.529047366000043],[-72.93926848299992,7.51227841900004],[-72.92793319999993,7.495061437000061],[-72.90990633399991,7.488795439000057],[-72.90206274699995,7.477071659000046],[-72.89608497699993,7.479603550000093],[-72.90036225099993,7.43336469500008],[-72.8771604659999,7.406096645000048],[-72.87216468499992,7.387425238000048],[-72.85066834699995,7.374721620000059],[-72.85602475399992,7.362785011000085],[-72.84046283499993,7.361555261000092],[-72.83683124999993,7.355610083000045],[-72.84318434599993,7.315376504000085],[-72.83405531699992,7.304236509000077],[-72.8708813099999,7.277097191000053],[-72.87618716499992,7.26346120900007],[-72.86807300399994,7.257769351000093],[-72.86563342399995,7.234091961000047],[-72.8564229239999,7.216958035000061],[-72.84188729099992,7.205947065000089],[-72.83241414999992,7.207459482000047],[-72.83121971199995,7.199233990000039],[-72.84192304099992,7.192620116000057],[-72.84366450499994,7.165312283000048],[-72.85905286899992,7.154524495000089],[-72.8401250249999,7.126716075000047],[-72.8332287209999,7.108854016000066],[-72.83589555099991,7.096614640000041],[-72.81905616299991,7.090111203000049],[-72.81934448399994,7.072077150000041],[-72.8004478389999,7.073153338000054],[-72.78686778199994,7.04879068200006],[-72.77229121199991,7.060195185000055],[-72.74989336699991,7.059107353000059],[-72.75661490699991,7.040642520000063],[-72.7340388209999,6.986825328000066],[-72.72177779999993,7.005051653000066],[-72.69956306199992,7.000789489000056],[-72.69246832999994,7.007872225000085],[-72.6773153279999,7.007791445000066],[-72.66850496799992,6.965503130000059],[-72.65743490799991,6.991766918000053],[-72.64912304199993,6.997517819000052],[-72.63202813799995,6.986918157000048],[-72.61416301899993,6.993356486000039],[-72.59988491399992,6.989401494000049],[-72.57442421999991,7.001841271000046],[-72.56236645399991,6.999793605000093],[-72.55332025099995,6.988105174000054],[-72.55449486499992,6.96905959500009],[-72.54190933899991,6.941897846000074],[-72.55259901199992,6.922308951000048],[-72.54736680699995,6.885951258000091],[-72.51374108399995,6.887997284000051],[-72.51214679399993,6.903453733000049],[-72.5029414999999,6.908158766000042],[-72.4964026749999,6.89646196800004],[-72.50062397099992,6.871235056000046],[-72.4906176259999,6.865511798000057],[-72.47705870699991,6.842202643000064],[-72.48403867399992,6.808145093000064],[-72.49888917399994,6.795241514000054],[-72.49858359399991,6.764375164000057],[-72.49085379399992,6.759637829000042],[-72.48755187699993,6.743647383000052],[-72.4988942029999,6.728259681000054],[-72.48470642299992,6.702568230000054],[-72.4911094599999,6.681828166000059],[-72.48553524699992,6.657101121000039],[-72.4970248109999,6.63389126900006],[-72.51883825699991,6.620098990000088],[-72.52704786999993,6.591630953000049],[-72.54266503199995,6.58281149600009],[-72.54590690299995,6.567152707000048],[-72.5363228089999,6.540418789000057],[-72.54946861999991,6.521468814000059],[-72.54462393999995,6.502979014000061],[-72.53438528599992,6.496050495000077],[-72.53923745499992,6.487973174000047],[-72.5680953129999,6.483649797000055],[-72.58809886899991,6.472072554000079],[-72.60561346299994,6.448836783000047],[-72.6490698099999,6.436400568000067],[-72.6627725539999,6.446572786000047],[-72.69521671799993,6.524907675000065],[-72.71913719699995,6.552697766000051],[-72.74342940699995,6.558923405000087],[-72.74273729899994,6.568905046000054],[-72.76460303699992,6.582838994000042],[-72.78186638999995,6.579749466000067],[-72.80886373999994,6.55920582400006],[-72.80857913799991,6.538807343000087],[-72.79706585699995,6.530051671000081],[-72.7784489039999,6.528686291000042],[-72.76537717999992,6.499138643000038],[-72.73592265899993,6.490688269000088],[-72.73682437999992,6.473029360000055],[-72.72488353599994,6.456701817000067],[-72.73797620699992,6.440268769000056],[-72.73352798499991,6.435608276000039],[-72.73294718499994,6.385257873000057],[-72.7255892739999,6.372056533000091],[-72.73144194399993,6.356927714000051],[-72.74838028999994,6.34762874900008],[-72.74963668499993,6.32438105600005],[-72.75791633099993,6.315094799000065],[-72.75464397499991,6.279644115000053],[-72.74585651099994,6.274878989000058],[-72.74378940399993,6.259327756000062],[-72.74993129399991,6.251504436000062],[-72.74467753499994,6.229182199000093],[-72.75495053799995,6.218809131000057],[-72.76774246499991,6.219934680000051],[-72.77501609799992,6.210482882000065],[-72.79336694099993,6.218939825000064],[-72.80373756799992,6.215967976000059],[-72.83127065499991,6.148783293000065],[-72.86843404799993,6.14452218100007],[-72.87251881299994,6.12512236300006],[-72.89500233599995,6.123868669000046],[-72.9009142999999,6.11178589900004],[-72.91597506999994,6.107376271000078],[-72.92337266699991,6.098348352000073],[-72.92277234999995,6.087929397000039],[-72.95273591499995,6.06744935100005],[-72.96265532699994,6.027425194000045],[-72.98297150499991,6.010017517000051],[-72.99024065499992,5.989351264000049],[-73.00912994399994,5.964709025000047],[-73.01799016599995,5.970410606000087],[-73.03406316199994,6.023434200000054],[-73.06219704699993,6.011052394000046],[-73.06781644999995,5.982041704000039],[-73.08218790699993,5.97718743900009],[-73.0869916549999,5.965593904000059],[-73.10077675499991,5.962260959000048],[-73.1426391039999,5.961076947000038],[-73.1755137099999,5.994537466000054],[-73.19931453999993,6.003134279000051],[-73.22048733899993,5.972724301000085],[-73.21630119499991,5.962283185000047],[-73.22473870099992,5.941139914000075],[-73.20830580099994,5.921504988000038],[-73.22132379499993,5.910570093000047],[-73.22184627199994,5.897267971000076],[-73.2209826159999,5.890703181000049],[-73.20610358899995,5.88747244700005],[-73.18593853099992,5.854597191000039],[-73.18644773099993,5.846189396000057],[-73.2049532719999,5.826582488000042],[-73.22895158599994,5.824935535000066],[-73.24689090499993,5.815959385000042],[-73.26527981699991,5.834937149000041],[-73.26393767299993,5.845267284000045],[-73.27048027899991,5.853546007000091],[-73.2834723549999,5.86022814100005],[-73.29006960499993,5.850360196000054],[-73.3126315419999,5.856184233000079],[-73.3292400439999,5.851541377000046],[-73.35147171299991,5.872571855000047],[-73.34574940199991,5.842248863000066],[-73.35343208299992,5.831388943000093],[-73.35113030899993,5.823139053000091],[-73.3593021399999,5.798337802000049],[-73.39048013799993,5.751068438000061],[-73.41712301099994,5.768642792000037],[-73.43080930899993,5.767068565000045],[-73.4271258839999,5.776365583000086],[-73.43589321499991,5.798198039000056],[-73.47347757999995,5.816830869000057],[-73.45108873499993,5.867043891000037],[-73.44887988799991,5.879766481000047],[-73.4569033269999,5.890356061000091],[-73.44448609699992,5.902000822000048],[-73.42050503799993,5.889364355000055],[-73.40660965299992,5.890871968000056],[-73.37387456999994,5.969414448000066],[-73.37070869799993,6.00523217500006],[-73.40635445399994,6.050509821000048],[-73.40376962099992,6.056034060000059],[-73.4190809349999,6.068374578000089],[-73.41483270499992,6.073094708000042],[-73.43807888899994,6.07137810200004],[-73.4974154169999,6.10803216100004],[-73.51520285999993,6.099078779000081],[-73.5138905629999,6.087263915000051],[-73.52664913099994,6.076869227000088],[-73.52436637099993,6.059400827000047],[-73.53964673699994,6.03742569700006],[-73.58479182899993,6.008185209000089],[-73.59086008899993,5.965417931000047],[-73.60299175099993,5.937693740000043],[-73.6359002829999,5.911162380000064],[-73.63150401199994,5.895242668000037],[-73.61126681999991,5.887144223000064],[-73.60017153299992,5.868990527000051],[-73.62432537799992,5.812293882000063],[-73.6296054419999,5.745854127000086],[-73.64400972399994,5.71520577800004],[-73.6517634089999,5.71239418600004],[-73.67232785999994,5.747687252000048],[-73.69336221599991,5.757226352000089],[-73.71587714899994,5.781693268000083],[-73.72672186299991,5.770441103000053],[-73.76360922499993,5.77291510200007],[-73.7943066979999,5.72942187600006],[-73.81253161699993,5.714967981000086],[-73.82039303399995,5.716566221000051],[-73.81921366099994,5.737476804000039],[-73.83639323499995,5.73986218500005],[-73.85645219899993,5.726246352000089],[-73.86114310399995,5.711508601000048],[-73.88305204199992,5.707572615000061],[-73.87454942399995,5.727865181000084],[-73.88414408699992,5.722771384000055],[-73.88623067599991,5.735796845000039],[-73.91879240999992,5.73696108200005],[-73.92451572199991,5.74302623300008],[-73.94386663499995,5.736090103000038],[-73.96243084799994,5.739438012000051],[-73.9826112209999,5.720910168000046],[-74.00175555399994,5.755156096000064],[-74.01406685299992,5.764311466000038],[-74.01103431799993,5.774725816000057],[-74.02506369199995,5.780755361000047],[-74.02603033399993,5.806822433000093],[-74.05581100199993,5.819686984000043],[-74.0652970729999,5.814862076000054],[-74.07925943899994,5.818500395000058],[-74.07962584099994,5.834489449000046],[-74.0842967989999,5.844046118000051],[-74.08903471699995,5.841516981000041],[-74.10307663499992,5.876997637000045],[-74.13333312399993,5.875921147000042],[-74.18041643899994,5.911088568000082],[-74.18666853299993,5.907260233000045],[-74.18963105299991,5.884212854000054],[-74.2000726519999,5.876657088000059],[-74.19420328099994,5.864857977000042],[-74.1973038559999,5.852941548000047],[-74.21474874699993,5.85383728000005],[-74.23182234299992,5.835812438000062],[-74.2660811419999,5.83459079000005],[-74.27498091799993,5.868483360000084],[-74.2311406899999,5.905005996000057],[-74.22449041499993,5.92323704100005],[-74.23889663299991,5.943694759000039],[-74.22222488999995,5.967910212000049],[-74.26008464999995,6.012481525000055],[-74.26063398499991,6.050640563000059],[-74.26557556099993,6.052518857000052],[-74.25871622999995,6.065524407000055],[-74.27763387899995,6.073664328000064],[-74.2755346969999,6.080424082000093],[-74.29807339299992,6.084108163000053],[-74.31534928799994,6.067740566000055],[-74.33732563099994,6.064977651000049],[-74.34755227499994,6.038518750000037],[-74.36275326899994,6.039852498000073],[-74.36696561399992,6.046866590000093],[-74.38305881199994,6.040277893000052],[-74.38083311499992,6.048117930000046],[-74.40193763299993,6.066317879000053],[-74.40085533699994,6.07912576700005],[-74.40798644599994,6.086456657000042],[-74.43017165799995,6.086694400000056],[-74.4516946469999,6.09928565000007],[-74.45676211699993,6.127649185000053],[-74.4526255429999,6.13567544600005],[-74.47947584699995,6.159641997000051],[-74.46962850699992,6.201394080000057],[-74.4828605909999,6.199806322000086],[-74.50841812199991,6.216470541000092],[-74.52895432199995,6.263266833000046],[-74.52657102199993,6.273641081000051],[-74.45038759499994,6.331878705000065],[-74.4403938609999,6.371054153000046],[-74.42353263799993,6.389977703000056],[-74.39025347799992,6.394085117000088],[-74.3694979629999,6.41221732300005],[-74.37406602199991,6.429123404000052],[-74.39706791299994,6.451809476000051],[-74.4046812659999,6.470891263000055],[-74.39379523199995,6.500460644000043],[-74.40673399499991,6.542633675000047],[-74.40473599599994,6.593854669000052],[-74.35939388699995,6.632838419000052],[-74.3302257869999,6.629572731000053],[-74.31222182199991,6.654311720000067],[-74.25901325799992,6.673367709000047],[-74.22917779099993,6.711423023000066],[-74.2059423529999,6.722380440000052],[-74.17731080399994,6.724945431000037],[-74.14261450599992,6.756588658000055],[-74.13296341299991,6.755246640000053],[-74.11514600899994,6.765573502000052],[-74.08123923499994,6.82149527200005],[-74.07723499899993,6.841886665000061],[-74.02296036899992,6.891313163000063],[-74.0106464779999,6.913279398000043],[-73.91561772099993,6.969124525000041],[-73.88420883899994,7.005244745000084],[-73.88817525099995,7.070210071000076],[-73.93110023699995,7.119065793000061],[-73.93134409299995,7.159351705000063],[-73.9387680129999,7.176769361000083],[-73.92239731799992,7.218552698000053],[-73.92454779399992,7.267565294000065],[-73.90395856799995,7.359144535000041],[-73.90751962599995,7.381439248000049],[-73.90087638299991,7.386160540000049],[-73.89596907399994,7.408783374000052],[-73.8953573039999,7.431371640000066],[-73.91742851599992,7.475973475000046],[-73.90996537799992,7.497946384000045],[-73.8815415599999,7.506280774000061],[-73.86657741899995,7.533136508000041],[-73.8483578499999,7.535924351000062],[-73.84070375999994,7.566162772000041],[-73.83053748099991,7.575701859000048],[-73.8287118099999,7.602441178000049],[-73.81031148299991,7.616571712000052],[-73.81842576999992,7.642814403000045],[-73.80337511199991,7.644527734000064],[-73.79731404899991,7.654394967000087],[-73.81566609599992,7.688156861000039],[-73.81094390399994,7.706175997000059],[-73.83185068099993,7.729819638000038],[-73.79813688399992,7.774987192000083],[-73.82162745699992,7.823028139000087],[-73.82121154399994,7.864886883000054],[-73.8353667749999,7.896226662000061],[-73.83158918999993,7.935872870000082],[-73.8673102759999,7.981893728000045],[-73.8716801839999,8.018769998000039],[-73.86755275199994,8.063615576000075],[-73.86147219199995,8.078501265000057],[-73.82357340499993,8.10563303400005],[-73.8067711839999,8.130394322000086],[-73.7839763689999,8.135255788000052],[-73.77526100699993,8.145010136000053],[-73.76961247499992,8.116511753000054]]]}},{"type":"Feature","properties":{"dpto":70,"dpto_nombre":"Sucre"},"geometry":{"type":"Polygon","coordinates":[[[-75.49747758799992,10.145482637000043],[-75.54492155399993,10.044378205000044],[-75.51682446199993,10.025244275000091],[-75.49082343899994,10.03825377000004],[-75.47610976199991,10.018560557000058],[-75.48441913699992,10.00686858000006],[-75.47018244799995,10.004013367000084],[-75.480096,9.978449512000054],[-75.46418014699992,9.961382158000049],[-75.47775063599994,9.935089344000062],[-75.46918593499993,9.92471381100006],[-75.4820489029999,9.929895499000054],[-75.46382638499995,9.905876746000047],[-75.46889278999993,9.897883751000052],[-75.46550715099994,9.891769970000041],[-75.44973990199992,9.894749854000054],[-75.4537793579999,9.899433309000074],[-75.4460964399999,9.913207663000037],[-75.43085376599993,9.912734034000039],[-75.43306984999992,9.897137738000083],[-75.42759242999995,9.892876221000051],[-75.39669634599994,9.893831779000038],[-75.41870274799993,9.890472540000076],[-75.42178151399992,9.884455493000075],[-75.39358453799991,9.880814635000092],[-75.37676829499992,9.849402361000045],[-75.36187411399993,9.84610523300006],[-75.33826145299992,9.828226993000044],[-75.3356048089999,9.811901828000089],[-75.3599741889999,9.73750023000008],[-75.37795970799993,9.720356971000058],[-75.37158198499992,9.714907556000071],[-75.3769956889999,9.70364236200004],[-75.37011651299991,9.692423675000043],[-75.38075080199991,9.682209672000056],[-75.37142756499992,9.674629473000039],[-75.37490162499995,9.658017031000043],[-75.38350708799993,9.650607014000059],[-75.37443276099992,9.645167684000057],[-75.37385790399992,9.630082986000048],[-75.36254651199994,9.63068916900005],[-75.36289915499992,9.647007471000052],[-75.35624583299995,9.647309143000086],[-75.3309711519999,9.63186352200006],[-75.33432901999993,9.61993588200005],[-75.32708239199991,9.616707620000057],[-75.31472835099993,9.652764226000045],[-75.30072494899991,9.657171567000091],[-75.29978816599993,9.669953405000058],[-75.27645712499992,9.686258790000068],[-75.26723263999992,9.683549870000093],[-75.2705594919999,9.670003011000063],[-75.24385201699994,9.65871254600006],[-75.2326762269999,9.646671535000053],[-75.20021172399993,9.652028310000048],[-75.19764020499991,9.645364384000061],[-75.18017322599991,9.63895665800004],[-75.16450565799994,9.646466148000059],[-75.18132227299992,9.627704768000058],[-75.18933258699991,9.629266063000046],[-75.18105950699993,9.601913084000046],[-75.16721738699994,9.613418445000093],[-75.15418543499993,9.600444934000052],[-75.13338701299995,9.596426073000089],[-75.13197124699991,9.57999174400004],[-75.10347514799992,9.565844138000045],[-75.07785267799994,9.532755738000048],[-75.0563866679999,9.53253273900009],[-75.03988565999992,9.540426697000044],[-75.02700665099991,9.528991026000085],[-75.01239443199995,9.528293675000043],[-75.02894884499995,9.50983670100004],[-75.02585421999993,9.495504419000042],[-75.03646948399995,9.476790613000048],[-75.03222927099995,9.466568755000083],[-74.96687882799995,9.434422381000047],[-74.94576416599995,9.437065448000055],[-74.93566478799994,9.448152193000055],[-74.9138976779999,9.440419846000054],[-74.90878386399993,9.43268792400005],[-74.89077832899994,9.43096406300009],[-74.88842472499994,9.422958446000052],[-74.91510808599992,9.413943385000039],[-74.93234705499992,9.36696836200008],[-74.95051410499991,9.347947444000056],[-74.9328712109999,9.328404490000082],[-74.94451122599992,9.295801295000047],[-74.93123937799993,9.291674759000045],[-74.92572110999993,9.278960977000054],[-74.93099873999995,9.254840199000057],[-74.9104476949999,9.244934817000058],[-74.9046692899999,9.229612943000063],[-74.9098917099999,9.209748583000078],[-74.90222439699994,9.193227704000037],[-74.90302754999993,9.16348223500006],[-74.88059706099995,9.16027030400005],[-74.86325603699993,9.148477619000062],[-74.84652454099995,9.12178687100004],[-74.83850105399995,9.094326954000053],[-74.82909840199994,9.086473942000055],[-74.83195478699992,9.07920667400009],[-74.82376495299991,9.057419909000089],[-74.81169754799993,9.04970763700004],[-74.78563934399995,9.046815547000051],[-74.78185125499994,9.037660868000046],[-74.75049141399995,9.042356200000086],[-74.74554165599994,9.037660755000047],[-74.74812628399991,9.028286104000074],[-74.73685757599992,9.015829404000044],[-74.70494316399993,9.00784761600005],[-74.68382741099992,9.01150688100006],[-74.63936084799991,8.977455864000092],[-74.62335944099993,8.930498908000061],[-74.60602686099992,8.931011217000048],[-74.6085698409999,8.919465888000047],[-74.59471395299994,8.900991178000083],[-74.58953663099993,8.871822910000049],[-74.57944395999994,8.872765657000059],[-74.58601096299992,8.841172967000091],[-74.56465404699992,8.83695639800004],[-74.53965931599993,8.805290830000047],[-74.5402971229999,8.799894671000061],[-74.55565115599995,8.799448450000057],[-74.57517590899994,8.785549393000053],[-74.57147383799992,8.773037246000058],[-74.58565115899995,8.771027759000049],[-74.58934908099991,8.761143781000044],[-74.60660291199991,8.76288214400006],[-74.61073381799991,8.755937904000064],[-74.59992576499991,8.744225690000064],[-74.60913029099993,8.725738044000082],[-74.59481106299995,8.694639479000045],[-74.59712327199992,8.677937489000044],[-74.59066737599994,8.668774331000066],[-74.59913511099995,8.655309481000074],[-74.5867079269999,8.63078051900004],[-74.5947109569999,8.59229599300005],[-74.56375085299993,8.57176428300005],[-74.56394426399993,8.549162072000058],[-74.57654905699991,8.544320432000063],[-74.56638197099994,8.514760273000093],[-74.56947065299994,8.509524371000055],[-74.5563338579999,8.508562217000076],[-74.5354063019999,8.480637179000041],[-74.53285323599994,8.454768655000066],[-74.53907265899994,8.427861668000048],[-74.5556421199999,8.411607489000062],[-74.56106404499991,8.39007293900005],[-74.58691205799994,8.384121140000047],[-74.59677565399994,8.403251711000053],[-74.61453594699992,8.406543811000063],[-74.61090001999992,8.375675570000055],[-74.61896965999995,8.357389991000048],[-74.6140139609999,8.347002820000057],[-74.64925109799992,8.313462780000066],[-74.65348785099991,8.27899564200004],[-74.6602716889999,8.280249820000051],[-74.6680385009999,8.29532787100004],[-74.68404713799993,8.29200505600005],[-74.71315739799991,8.304081512000039],[-74.72498769099991,8.298545410000088],[-74.72747280599992,8.281022454000038],[-74.73475429699994,8.298181817000057],[-74.7418197849999,8.293330609000066],[-74.74783712399994,8.299055248000059],[-74.76435049499992,8.294539113000042],[-74.77088239299991,8.279409694000037],[-74.7946971259999,8.28190614600004],[-74.80131896499995,8.302327349000052],[-74.7888194439999,8.312889944000062],[-74.79020992699992,8.318209945000092],[-74.7983374559999,8.316637958000058],[-74.79555674099993,8.32820244800007],[-74.8014738629999,8.337969562000069],[-74.82802366199991,8.359747601000038],[-74.81933992699993,8.371411303000059],[-74.81312695399993,8.364545520000092],[-74.80373704099992,8.368808711000042],[-74.80380248499995,8.37991693400005],[-74.80818113099991,8.386611691000041],[-74.82603505499992,8.385321100000056],[-74.83012850699993,8.390504217000057],[-74.83935345899994,8.384697806000077],[-74.84030824199994,8.393989227000077],[-74.85227455299992,8.38471058500005],[-74.8582903059999,8.39641006000005],[-74.87544610599991,8.404359947000046],[-74.88619803699993,8.430978486000072],[-74.88274929999994,8.434936758000049],[-74.89259628899993,8.438847445000079],[-74.89976758099994,8.454291222000052],[-74.92745177699993,8.453343680000046],[-74.92599402799993,8.49960767500005],[-74.9939054859999,8.509516137000048],[-75.0057208579999,8.522802908000074],[-75.00761488299992,8.510983925000062],[-75.0240998459999,8.49702619900006],[-75.03348733699994,8.498919395000087],[-75.03279531399994,8.470902795000086],[-75.04087305599995,8.458474826000042],[-75.0468845499999,8.466712311000038],[-75.05634467599992,8.466002767000077],[-75.0623765169999,8.453264020000063],[-75.0852614719999,8.465838507000058],[-75.12804612199994,8.468282917000067],[-75.13484712999991,8.459927784000058],[-75.1297087399999,8.450666985000055],[-75.1398641259999,8.434182354000086],[-75.13620608899993,8.429929830000049],[-75.15653536799994,8.433321503000059],[-75.15656196099991,8.418995284000061],[-75.18513926499992,8.396640496000089],[-75.19611210999994,8.409032710000076],[-75.19646520499992,8.421354458000053],[-75.21139732899991,8.425335695000058],[-75.19245410499991,8.443412805000037],[-75.21629346599991,8.485366484000053],[-75.23194088199995,8.46792524500006],[-75.24153050899992,8.471380022000062],[-75.23558920499994,8.477945160000047],[-75.24140008299992,8.48728176700007],[-75.2733552549999,8.488187163000077],[-75.28669708699994,8.499453416000051],[-75.3069006149999,8.496568535000051],[-75.31436382299995,8.502373041000055],[-75.30431116799991,8.517750177000039],[-75.31568794799995,8.536961356000063],[-75.32640510399995,8.534413137000058],[-75.32251031299995,8.547158986000056],[-75.3303186309999,8.552782320000063],[-75.31775943699995,8.574224463000064],[-75.31834414799994,8.590370119000056],[-75.33749370699991,8.627035962000093],[-75.33896834099994,8.646015284000043],[-75.3460391719999,8.649310523000054],[-75.34536631199995,8.658625706000066],[-75.35146076299992,8.657985737000047],[-75.35961557999991,8.67969686300006],[-75.35198545899993,8.680051156000047],[-75.34828069399993,8.690736361000063],[-75.35445277899993,8.694527577000088],[-75.34911049499993,8.70074879300006],[-75.33674818299994,8.696180491000064],[-75.34026327799995,8.705681067000057],[-75.33586720199992,8.711336739000046],[-75.34317281999995,8.71519009900004],[-75.32967512499994,8.72563600500007],[-75.33144918999994,8.745855565000056],[-75.32373055699992,8.747488822000037],[-75.32418662899994,8.755530959000055],[-75.33929054499993,8.765918485000043],[-75.33555204399994,8.77157683300004],[-75.36884514099995,8.791225195000038],[-75.37161046499995,8.826524067000037],[-75.34849853199995,8.842665275000059],[-75.35083513299992,8.850438501000042],[-75.33573085599994,8.853380281000057],[-75.3316324299999,8.86554061600009],[-75.31904027299993,8.858220729000038],[-75.29976252599994,8.857992822000085],[-75.30184675499993,8.864655085000038],[-75.2871853609999,8.890040913000064],[-75.29318235099993,8.897345428000051],[-75.28337834699994,8.906360446000065],[-75.27778160499992,8.903549679000037],[-75.27268860099991,8.913643315000058],[-75.26523059999994,8.895488165000074],[-75.24464619699995,8.88226581500004],[-75.21698806599994,8.915760892000037],[-75.20359073999992,8.915395697000065],[-75.20012153099992,8.921745584000064],[-75.18634496699991,8.91425015200008],[-75.18052412999992,8.929685866000057],[-75.19203064999994,8.936017861000039],[-75.18797468899993,8.94417364800006],[-75.17174922599992,8.92827826000007],[-75.1676589089999,8.944463015000053],[-75.15610851399992,8.94359735200004],[-75.18037279899994,8.967236592000063],[-75.18783417499992,8.96748001900005],[-75.18637178799992,8.986416615000053],[-75.2075788699999,9.006669095000063],[-75.20372247899991,9.014356453000062],[-75.21189518499995,9.035277302000054],[-75.2071789499999,9.04427607100007],[-75.22413698899993,9.073111503000064],[-75.23618911999995,9.067119165000065],[-75.27137312699995,9.076762497000061],[-75.28108523199995,9.072889438000061],[-75.28725008499993,9.081382132000044],[-75.2991265519999,9.082513646000052],[-75.29356596199995,9.096201573000087],[-75.30997483199991,9.08879534600004],[-75.31007915799995,9.117559545000063],[-75.32099611099994,9.115626813000063],[-75.32815242999993,9.131296433000045],[-75.34647944499994,9.123746519000065],[-75.35593911599994,9.128705212000057],[-75.35554984999993,9.13669554200004],[-75.3816888959999,9.138074361000065],[-75.3787685769999,9.148499684000058],[-75.39086624499993,9.161267825000039],[-75.41052040299991,9.144818968000038],[-75.4131667289999,9.150997759000063],[-75.41644154999994,9.14445492100009],[-75.42828862399995,9.151454757000067],[-75.43375412599994,9.140818067000055],[-75.44885677499991,9.140080697000087],[-75.46740127399994,9.164747779000038],[-75.45441675199993,9.17601050400009],[-75.46620361099991,9.208508821000066],[-75.45733588999991,9.237595010000064],[-75.48065580899993,9.248390147000066],[-75.4829331389999,9.25580194400004],[-75.49976909499992,9.259515879000048],[-75.49073432599994,9.273658589000092],[-75.49943137899993,9.27485529900008],[-75.49657144199995,9.285696683000083],[-75.51230741899991,9.258100528000057],[-75.51656441799992,9.264521737000052],[-75.54833755499993,9.259783663000064],[-75.56932665699992,9.279685923000045],[-75.58423569099995,9.272962344000064],[-75.6093671289999,9.280988187000048],[-75.60301106199995,9.29940864300005],[-75.59832048299995,9.302444869000055],[-75.5908341839999,9.296509035000042],[-75.5876652199999,9.302527141000041],[-75.59972095499995,9.325432902000045],[-75.61367153799995,9.331290728000056],[-75.62587714599994,9.353087255000048],[-75.64095922799993,9.348877522000066],[-75.64882663399993,9.362379298000064],[-75.66100965099992,9.361146728000051],[-75.67150252099992,9.343088907000038],[-75.67922331999995,9.344264898000063],[-75.68920300399992,9.364606741000046],[-75.7044041019999,9.372208409000052],[-75.70149930299993,9.396258543000044],[-75.70602558899992,9.406738185000052],[-75.70005160199992,9.411748583000076],[-75.67617779499994,9.403480788000081],[-75.62891379899992,9.435119289000056],[-75.59739151299993,9.489389151000069],[-75.57594935499992,9.555231295000056],[-75.57067000799992,9.618260210000074],[-75.61256853499992,9.694509450000055],[-75.63101276499992,9.691984671000057],[-75.65379381299994,9.707262168000057],[-75.70409717199993,9.69970472500006],[-75.68753902399993,9.723632322000071],[-75.67894075299995,9.726185273000056],[-75.67839281599993,9.73431333800005],[-75.64238725299992,9.759129137000059],[-75.64534359899994,9.773957500000051],[-75.62306436499995,9.805418848000045],[-75.61370196299993,9.851203209000062],[-75.62094937899991,9.876362487000051],[-75.59791301899992,9.90583459600009],[-75.59562526199994,9.936321891000091],[-75.5820503349999,9.950360678000038],[-75.57600712599992,9.970534066000084],[-75.57544217499992,9.986358124000049],[-75.58392791299991,9.998106981000092],[-75.57159002799995,10.017143826000051],[-75.57362449399994,10.08642806000006],[-75.49747758799992,10.145482637000043]]]}},{"type":"Feature","properties":{"dpto":73,"dpto_nombre":"Tolima"},"geometry":{"type":"Polygon","coordinates":[[[-74.82173375999992,5.316706362000048],[-74.80540183699992,5.302941653000062],[-74.77445760699993,5.29916262100005],[-74.7544654379999,5.281705117000058],[-74.74308091099994,5.291098154000053],[-74.74265146499994,5.285710689000041],[-74.73427575799991,5.286864727000079],[-74.72498724899992,5.264369393000038],[-74.72335653699992,5.239851581000039],[-74.7303723149999,5.232173149000062],[-74.72887188899995,5.214215761000048],[-74.73456314999993,5.204775296000093],[-74.72057670099991,5.199414552000064],[-74.71440337099995,5.179839850000064],[-74.73188726299992,5.143166313000052],[-74.71931982099994,5.118046747000051],[-74.71680799799992,5.092314671000054],[-74.72974825799992,5.074332083000058],[-74.7283071839999,5.042426788000057],[-74.74320665699992,5.007077043000038],[-74.70590173199992,4.981887062000055],[-74.71380408899995,4.97217684900005],[-74.73268573299993,4.976901435000059],[-74.74876966199992,4.957700820000071],[-74.7323250259999,4.931239136000045],[-74.7402088369999,4.90671474700008],[-74.73166516299995,4.893990191000057],[-74.73799979899991,4.88316853300006],[-74.75492513899991,4.885939931000053],[-74.7527806029999,4.863669748000063],[-74.76950798599995,4.842917235000073],[-74.74437493599993,4.823403959000075],[-74.74377632099993,4.788256316000059],[-74.77040619899992,4.773509200000092],[-74.77813269299992,4.750655037000058],[-74.81255181699993,4.737143077000042],[-74.8191027279999,4.725983842000062],[-74.81605598399995,4.713846407000062],[-74.80142603599995,4.701718262000043],[-74.80720370699993,4.669448789000057],[-74.78584089599991,4.652929980000067],[-74.81630713699991,4.611873899000045],[-74.79377694999994,4.592081894000046],[-74.81494647799991,4.585191705000057],[-74.8045559279999,4.571112731000085],[-74.80905400099994,4.559732603000043],[-74.80149723699992,4.545743591000075],[-74.80469086999994,4.53431848200006],[-74.78629374199994,4.505935631000057],[-74.79531161999995,4.498516892000055],[-74.80731377899991,4.453294473000085],[-74.8158867489999,4.445578799000089],[-74.83312273999991,4.443373351000048],[-74.83265524199993,4.405403535000062],[-74.84075952899991,4.378004445000045],[-74.85437661899994,4.366366311000093],[-74.85582000699992,4.334745324000039],[-74.8834814519999,4.316994190000059],[-74.88426212099995,4.310349836000057],[-74.8730898849999,4.306619975000046],[-74.89062890199995,4.288733993000051],[-74.87709731799993,4.265383334000092],[-74.83365179299994,4.275717072000077],[-74.81271973199995,4.294275644000038],[-74.8068619629999,4.285882606000087],[-74.77879693599994,4.283556837000049],[-74.78148259999995,4.265007689000072],[-74.76866853199994,4.265463226000065],[-74.76715213199992,4.251298535000046],[-74.75121613999994,4.258979298000042],[-74.74603910899992,4.236826130000054],[-74.7340956509999,4.247765500000071],[-74.72189834399995,4.231042436000052],[-74.7156377789999,4.234995219000041],[-74.7060133519999,4.22947180500006],[-74.70939096699993,4.225578771000073],[-74.7000063719999,4.21995372400005],[-74.7016743879999,4.212055443000054],[-74.68342842499993,4.207449033000046],[-74.6812592899999,4.200886653000055],[-74.65894174099992,4.215876408000042],[-74.65698507099995,4.198727434000091],[-74.65200961799991,4.200005204000092],[-74.63319800999994,4.223533347000057],[-74.6234507179999,4.226803815000039],[-74.61986229599995,4.251868866000052],[-74.60122496399993,4.262278046000063],[-74.59636568999991,4.257853743000055],[-74.58854248299991,4.267410677000044],[-74.56253001999994,4.272129584000083],[-74.5356125539999,4.246356],[-74.51885728299993,4.24049321800004],[-74.5080802089999,4.198123023000051],[-74.48334305799995,4.176734427000042],[-74.48371185799994,4.146027747000062],[-74.47485336999995,4.127918987000044],[-74.47645894499993,4.111499861000084],[-74.4861266609999,4.09658096600009],[-74.50818725599993,4.079544361000046],[-74.52975594399993,4.044810365000046],[-74.5314022789999,4.033718523000061],[-74.52403664099995,4.022252596000044],[-74.53364133699995,3.993312113000059],[-74.5311144069999,3.967602506000048],[-74.5112565789999,3.946075541000084],[-74.52336753599991,3.914374227000053],[-74.52323866499995,3.885306815000092],[-74.53946045099991,3.846039125000061],[-74.53109783699995,3.838617543000055],[-74.5345414379999,3.821018767000055],[-74.54488468699992,3.807242750000057],[-74.55760296199992,3.767068511000048],[-74.62486543099993,3.698738429000059],[-74.66384694699991,3.673108659000093],[-74.67538138799995,3.671716674000038],[-74.69739139799992,3.641631363000045],[-74.70098438799994,3.615716061000057],[-74.71219164899992,3.610650781000061],[-74.72021935099991,3.614109925000093],[-74.73835439299995,3.590761643000064],[-74.7338559559999,3.566356994000046],[-74.7266468169999,3.56200823100005],[-74.72862579699995,3.551581167000052],[-74.74757577699995,3.527733625000053],[-74.76923646099993,3.530120045000047],[-74.78071953499995,3.509714927000061],[-74.78082763099991,3.479007477000039],[-74.76171134799995,3.454611145000058],[-74.76450520299994,3.440883009000061],[-74.8163472199999,3.406429814000091],[-74.81532405199994,3.393473648000054],[-74.82567470299995,3.38888128800005],[-74.83113556699993,3.369607654000049],[-74.84867219599994,3.351737904000061],[-74.84849373599991,3.340828074000058],[-74.87548253799991,3.326131573000055],[-74.9053739869999,3.291358759000047],[-74.9590817639999,3.277076746000091],[-74.9800388669999,3.285273991000054],[-75.00062715599995,3.276212288000067],[-75.01354702999993,3.287723347000053],[-75.0706067349999,3.295296199000063],[-75.05789591399991,3.314656323000065],[-75.05688354199992,3.377985856000066],[-75.0276531159999,3.391391071000044],[-75.03022131199992,3.400497553000093],[-75.04273437499995,3.408442885000056],[-75.03696097399995,3.429534274000048],[-75.1316724159999,3.43029408600006],[-75.14742834899994,3.435821368000063],[-75.15365026299992,3.427332191000062],[-75.1515986149999,3.418679097000052],[-75.17416142399992,3.408690381000042],[-75.17489824699993,3.377309831000048],[-75.19988382299994,3.384554628000046],[-75.2004440849999,3.409430977000056],[-75.21113262299991,3.407651138000062],[-75.21147526399994,3.412438614000052],[-75.22726536699992,3.415769863000094],[-75.24599767599994,3.395116138000049],[-75.25235370699994,3.365705479000042],[-75.25931957899991,3.376758074000065],[-75.30830257799994,3.403914848000056],[-75.31850674899994,3.419499282000061],[-75.32177286899991,3.408044953000058],[-75.34028960899991,3.397965141000043],[-75.34138087899993,3.405367667000064],[-75.35590022399992,3.402841412000043],[-75.36166665999991,3.408823845000086],[-75.37343516499993,3.39578554700006],[-75.37535294399993,3.374945212000057],[-75.3962151209999,3.377380975000051],[-75.40668629399994,3.369447612000045],[-75.4149668199999,3.371225068000058],[-75.42609555899992,3.352501089000043],[-75.44060789199995,3.345162835000053],[-75.44486950499993,3.356841229000054],[-75.46286536999992,3.354378484000051],[-75.4788044259999,3.361144245000048],[-75.49042422799994,3.325911894000058],[-75.49854056599992,3.321400440000048],[-75.51125371199993,3.328729533000057],[-75.52747635399993,3.318282285000066],[-75.5219469029999,3.301228062000064],[-75.57592420499992,3.228405672000065],[-75.57254986999993,3.200657081000088],[-75.5885058579999,3.155820930000061],[-75.57669913799992,3.142950579000058],[-75.58254868699993,3.123797462000084],[-75.6016529609999,3.113902478000057],[-75.6221425949999,3.075431490000085],[-75.6170267519999,3.061511647000088],[-75.6019754699999,3.054114637000055],[-75.60152390699994,3.039152922000085],[-75.63291843899992,2.995864171000051],[-75.64728537999991,2.996264323000048],[-75.66079632499992,2.986638591000087],[-75.6932148809999,2.99339195400006],[-75.7027124569999,2.969973677000041],[-75.76149996999993,2.942320915000039],[-75.7671114499999,2.923743516000059],[-75.76295009599994,2.914932281000063],[-75.78081099699995,2.911744129000056],[-75.80117136799993,2.886228674000051],[-75.84013335599991,2.871896853000067],[-75.86006847999994,2.873008062000054],[-75.88071967799993,2.887386119000041],[-75.88436854499992,2.897571148000054],[-75.90154201599995,2.894859547000067],[-75.90855786899994,2.909471215000053],[-75.92736512899995,2.913735208000048],[-75.92740629999992,2.921416325000052],[-75.95340013599991,2.917754835000039],[-75.95895498999994,2.936781929000063],[-75.98153408199994,2.956102074000057],[-75.98858766599994,2.982543294000038],[-76.0289934729999,2.940490261000093],[-76.02901388399994,2.978066931000058],[-76.02079984799991,3.003891668000051],[-76.04130435799993,3.015879171000051],[-76.04489847199994,3.043123453000078],[-76.07298183499995,3.049592588000053],[-76.07318166599993,3.07726942100004],[-76.09155773499992,3.096547786000087],[-76.10297726999994,3.096118037000053],[-76.10574139899995,3.106781589000093],[-76.07372391899992,3.122485234000067],[-76.07267881999991,3.14028350600006],[-76.08611653199995,3.155062197000063],[-76.07786008599993,3.164673549000042],[-76.09187260699991,3.175988658000051],[-76.09154231999992,3.198297429000093],[-76.0839890339999,3.203682899000057],[-76.0686333399999,3.195432831000062],[-76.06040693699993,3.202738202000091],[-76.0519866539999,3.218353304000061],[-76.05945333999995,3.230826337000053],[-76.03858456499995,3.251462007000043],[-76.05054373599995,3.282022615000074],[-76.0378302769999,3.300975021000056],[-76.0448948849999,3.319128746000047],[-76.0570720149999,3.327588779000052],[-76.05197076099995,3.336274925000055],[-76.06192015699992,3.35166584600006],[-76.04737788299991,3.36543606400005],[-76.04717800999993,3.374278142000094],[-76.03144753599992,3.382281649000049],[-76.0296730199999,3.393321315000094],[-76.0430341089999,3.398055528000043],[-76.03804467399993,3.419091139000045],[-76.04129566099994,3.438280589000044],[-76.03685481899993,3.452650141000049],[-76.02843530399991,3.453112992000058],[-76.02264433399995,3.473035725000045],[-76.02628052299991,3.491629681000063],[-76.00154638799995,3.519575379000059],[-76.00318994899993,3.527895925000053],[-75.98395140899993,3.559920515000044],[-75.98928959799991,3.575461261000044],[-75.9844673309999,3.588801455000066],[-75.99531593299992,3.611050333000094],[-75.9865928289999,3.62343542800005],[-75.99373121299993,3.638368922000041],[-75.97714874899992,3.643629912000051],[-75.97537842999992,3.657949508000058],[-75.95790366799991,3.663731596000048],[-75.95040360799993,3.673963280000066],[-75.96029830599991,3.70570516500004],[-75.94555938399992,3.715673644000049],[-75.93826633899994,3.734019289000059],[-75.92013484299991,3.74043193600005],[-75.90134835499993,3.785090255000057],[-75.9032585249999,3.796609741000054],[-75.89109581399993,3.80524448500006],[-75.8928305629999,3.813177531000065],[-75.87179380899994,3.82429227700004],[-75.86266748699995,3.847712533000049],[-75.8529548379999,3.85222075900009],[-75.8608462919999,3.862487858000065],[-75.85837544999993,3.881350973000053],[-75.83535077999994,3.908504048000054],[-75.8210257959999,3.905059429000062],[-75.81218765599994,3.919411573000048],[-75.80569770499994,3.95276573700005],[-75.7914673379999,3.971045968000055],[-75.79526276799993,4.005061921000049],[-75.77649205799992,4.003950290000091],[-75.77013786999993,4.020074707000049],[-75.73869655699991,4.051671085000066],[-75.7524691079999,4.07123421700004],[-75.74710627399992,4.095134913000038],[-75.73305907899993,4.102003163000063],[-75.73310632399995,4.114143809000041],[-75.71985648499992,4.112352457000043],[-75.7145911419999,4.126719478000041],[-75.69644123699993,4.131950464000056],[-75.69138280499993,4.160955035000086],[-75.65619133199993,4.200502983000092],[-75.65423781299995,4.213588173000062],[-75.65981501399995,4.220243229000062],[-75.64637890799992,4.226239873000054],[-75.64331059599994,4.246054307000065],[-75.62346360899994,4.257533437000063],[-75.61676622099992,4.27233220700009],[-75.59669063299992,4.280261195000094],[-75.60441231699991,4.289164390000053],[-75.59295618099992,4.318893597000056],[-75.60032272399991,4.333856859000093],[-75.59044438099994,4.377206952000051],[-75.58280456999995,4.386921827000037],[-75.57753899699992,4.452224346000094],[-75.53560849699994,4.494701545000055],[-75.52462512599993,4.497929646000046],[-75.52431823599994,4.543435618000046],[-75.49012838899995,4.569744127000092],[-75.46887076199994,4.598322771000085],[-75.43232224199994,4.601056773000039],[-75.41566275899993,4.621943610000073],[-75.42151430599995,4.658615797000039],[-75.4006773399999,4.69070079100004],[-75.38317170599993,4.704006130000039],[-75.3887106219999,4.715441808000094],[-75.3779448919999,4.729973131000065],[-75.38800026299992,4.746849323000049],[-75.37892422199991,4.761290986000063],[-75.37549906999993,4.802684968000051],[-75.35235158599994,4.842127690000041],[-75.34534927899995,4.842159664000064],[-75.32481155699992,4.863300879000064],[-75.31872212199994,4.888072057000045],[-75.33894753699991,4.905017785000041],[-75.35246287799993,4.940566935000049],[-75.35272461799991,4.966741007000053],[-75.3355687049999,4.974640815000043],[-75.31800828099995,5.015353393000055],[-75.3194121649999,5.032937609000044],[-75.3487927569999,5.057294909000063],[-75.3447524309999,5.080784947000041],[-75.30832288199991,5.110926054000061],[-75.28385131399995,5.140668129000062],[-75.23501705199993,5.126000108000085],[-75.21133189699992,5.138763537000045],[-75.1984114249999,5.162063219000061],[-75.17157824199995,5.170964782000055],[-75.15493496099992,5.171432865000043],[-75.13068735999991,5.155879772000048],[-75.11616332299991,5.160606891000043],[-75.10541273899992,5.198465801000054],[-75.0750519419999,5.244062955000061],[-75.06274576399994,5.25219658900005],[-75.05665370699995,5.275491999000053],[-75.03279489999994,5.277887158000055],[-75.02812446999991,5.28881448900006],[-75.01000890099994,5.293384785000057],[-74.98658618399992,5.288620085000048],[-74.93933934499995,5.313034986000048],[-74.9141722569999,5.310419729000046],[-74.89836515399992,5.298932359000048],[-74.87246303499995,5.294961578000084],[-74.86914035699994,5.304606008000064],[-74.85413309699993,5.315009013000065],[-74.82173375999992,5.316706362000048]]]}},{"type":"Feature","properties":{"dpto":76,"dpto_nombre":"Valle del Cauca"},"geometry":{"type":"MultiPolygon","coordinates":[[[[-77.23809975499995,4.040486032000047],[-77.22899831699993,4.04185422200004],[-77.22642849899995,4.039938756000083],[-77.23256750799993,4.031444080000085],[-77.23809975499995,4.040486032000047]]],[[[-76.07930770399992,5.044689318000053],[-76.06452658799992,5.01580229700005],[-76.04908864499993,5.007150578000051],[-76.02771486499995,4.938596695000058],[-75.98757546099995,4.911401055000056],[-75.98766826299993,4.87378177700009],[-75.9744318409999,4.860979371000042],[-75.95574010299993,4.864786817000038],[-75.94280888899993,4.856706573000054],[-75.9142411919999,4.873511816000075],[-75.91112820199993,4.860703297000043],[-75.90103887999993,4.852920900000072],[-75.91076111199993,4.816590697000038],[-75.92096899799992,4.817256946000043],[-75.93570976199993,4.807727205000049],[-75.91747119299993,4.794485506000058],[-75.92804551899991,4.786966409000058],[-75.92174470599991,4.779342616000065],[-75.92888308899995,4.77923792100006],[-75.9290743819999,4.768253850000065],[-75.91997006299994,4.76893251100006],[-75.92325312999992,4.76025874600009],[-75.91515217799991,4.763740947000088],[-75.91681430999995,4.756545365000079],[-75.90824022399994,4.75212014300007],[-75.89773837099995,4.758817721000071],[-75.8886363499999,4.754680603000054],[-75.87809787599991,4.768817266000042],[-75.87271979699995,4.766800488000058],[-75.87095531199992,4.776244869000038],[-75.86427880999992,4.773086488000047],[-75.8522929799999,4.77872515100006],[-75.84454278999993,4.759658946000059],[-75.85609931099992,4.72783000700008],[-75.85085525799991,4.734009201000049],[-75.84122950999995,4.728279833000045],[-75.83109515599995,4.737821919000055],[-75.8025888219999,4.728210657000091],[-75.78943117199992,4.716125343000044],[-75.77604004799991,4.721772014000067],[-75.77020513799994,4.714016578000042],[-75.73282833499991,4.707853023000041],[-75.71360663299993,4.713757300000054],[-75.70723569599994,4.657076749000055],[-75.75787292299992,4.650743780000084],[-75.8250881219999,4.663469884000051],[-75.8668647149999,4.610992829000054],[-75.85975537599995,4.595169007000038],[-75.87107543899992,4.586254575000055],[-75.87243436999995,4.579056538000088],[-75.86428405599992,4.570562658000085],[-75.87709450599993,4.551242399000046],[-75.87110034999995,4.542789498000047],[-75.88021763199993,4.535819636000042],[-75.88129237899994,4.527305373000047],[-75.8718933159999,4.524586647000092],[-75.87050662799993,4.512695405000045],[-75.87912089999992,4.486026709000043],[-75.87215109199991,4.481712063000089],[-75.8730140209999,4.472407922000059],[-75.88143872299992,4.467822323000064],[-75.87830735199992,4.459960584000044],[-75.86547679799992,4.454767243000049],[-75.88809119699994,4.44669372900006],[-75.88353690899993,4.442539191000037],[-75.88913339999993,4.42714169900006],[-75.89509395099992,4.427577140000039],[-75.89493146699994,4.417139115000055],[-75.87752919899992,4.409869190000052],[-75.85735203299993,4.415280891000066],[-75.85486142499991,4.408042983000087],[-75.83572162099995,4.400438325000039],[-75.8281898699999,4.407400877000043],[-75.81198344899991,4.404290949000085],[-75.80107115999994,4.39056910000005],[-75.8037752539999,4.368887686000051],[-75.78973512699991,4.351783555000054],[-75.7971673799999,4.313083176000077],[-75.78749088699993,4.292973341000049],[-75.79876194099995,4.263547405000054],[-75.82399040699994,4.225853201000064],[-75.8194731339999,4.201624155000047],[-75.84296072099994,4.150759055000037],[-75.8419366789999,4.12313172000006],[-75.83309250199994,4.114597366000055],[-75.83904134999995,4.097565541000051],[-75.78497090899992,4.089910987000053],[-75.77444728899991,4.076220912000053],[-75.75239640699994,4.077390709000042],[-75.73764469699995,4.055111500000066],[-75.77040042699991,4.019737991000056],[-75.77649205799992,4.003950290000091],[-75.79526276799993,4.005061921000049],[-75.7914673379999,3.971045968000055],[-75.80569770499994,3.95276573700005],[-75.81218765599994,3.919411573000048],[-75.8210257959999,3.905059429000062],[-75.83535077999994,3.908504048000054],[-75.85837544999993,3.881350973000053],[-75.8608462919999,3.862487858000065],[-75.8529548379999,3.85222075900009],[-75.86266748699995,3.847712533000049],[-75.87179380899994,3.82429227700004],[-75.8928305629999,3.813177531000065],[-75.89109581399993,3.80524448500006],[-75.9032585249999,3.796609741000054],[-75.90134835499993,3.785090255000057],[-75.92013484299991,3.74043193600005],[-75.93826633899994,3.734019289000059],[-75.94555938399992,3.715673644000049],[-75.96029830599991,3.70570516500004],[-75.95040360799993,3.673963280000066],[-75.95790366799991,3.663731596000048],[-75.97537842999992,3.657949508000058],[-75.97714874899992,3.643629912000051],[-75.99373121299993,3.638368922000041],[-75.9865928289999,3.62343542800005],[-75.99531593299992,3.611050333000094],[-75.9844673309999,3.588801455000066],[-75.98928959799991,3.575461261000044],[-75.98395140899993,3.559920515000044],[-76.00318994899993,3.527895925000053],[-76.00154638799995,3.519575379000059],[-76.02628052299991,3.491629681000063],[-76.02264433399995,3.473035725000045],[-76.02843530399991,3.453112992000058],[-76.03685481899993,3.452650141000049],[-76.04129566099994,3.438280589000044],[-76.03804467399993,3.419091139000045],[-76.0430341089999,3.398055528000043],[-76.0296730199999,3.393321315000094],[-76.03144753599992,3.382281649000049],[-76.04695909899993,3.374497052000038],[-76.04737788299991,3.36543606400005],[-76.0615775149999,3.354054824000059],[-76.05197076099995,3.336274925000055],[-76.0570720149999,3.327588779000052],[-76.0448948849999,3.319128746000047],[-76.03777316999992,3.300325428000065],[-76.05054373599995,3.282022615000074],[-76.03858456499995,3.251462007000043],[-76.05945333999995,3.230826337000053],[-76.05541877699994,3.223351860000093],[-76.06137858099993,3.21337728900005],[-76.06780702499992,3.21051396900009],[-76.1089911759999,3.227637490000063],[-76.14586575399994,3.222627439000064],[-76.15636074799994,3.236033435000081],[-76.19134096399995,3.227090301000089],[-76.20632559499995,3.258106437000038],[-76.2292590589999,3.276831383000058],[-76.26275114099991,3.282157697000059],[-76.27645702699994,3.27663662100008],[-76.29280169099991,3.286899216000052],[-76.31168831899993,3.280480362000048],[-76.34312841399992,3.28055532500008],[-76.35622630799992,3.288917223000055],[-76.40576297299992,3.29832287000005],[-76.41711606799993,3.310158586000057],[-76.44779143999995,3.317116553000062],[-76.46042111399993,3.328941159000067],[-76.46099241899992,3.317005990000041],[-76.46762810599995,3.320597035000048],[-76.4684717159999,3.310691141000063],[-76.4783545969999,3.319253032000063],[-76.47323168499992,3.304971331000047],[-76.47743844899992,3.294030959000054],[-76.48914497399994,3.304962085000057],[-76.49418354099993,3.292847398000049],[-76.4751700299999,3.287656578000053],[-76.48718896799994,3.282453879000059],[-76.47330601099992,3.279812689000039],[-76.47182698299991,3.270753282000044],[-76.46077861399993,3.266281673000037],[-76.45982971199993,3.256307645000049],[-76.46298979799991,3.252238820000059],[-76.47557641999992,3.257710379000059],[-76.46205459099991,3.249216677000049],[-76.47109702999995,3.248405429000059],[-76.46662157899993,3.239737499000057],[-76.47505714999994,3.244687178000049],[-76.47175742099995,3.237684474000048],[-76.47734017599993,3.232577201000083],[-76.46543783999994,3.227501361000066],[-76.47133559799994,3.22646768900006],[-76.47330946999995,3.216069430000061],[-76.4794916539999,3.222310144000062],[-76.48508495999994,3.213131783000051],[-76.49087627199992,3.217382815000065],[-76.49822926299993,3.202051487000062],[-76.49100379899994,3.197511083000052],[-76.49341377399992,3.181793719000041],[-76.48711521899992,3.173837070000047],[-76.48979288399994,3.169924279000043],[-76.49634037099992,3.175431017000051],[-76.49556491499993,3.165974947000052],[-76.50192469699994,3.166581457000063],[-76.50780432699992,3.157282197000086],[-76.50076633999993,3.144011068000054],[-76.51976224099991,3.149732443000062],[-76.51408047699994,3.145480067000051],[-76.52084146499993,3.143426052000052],[-76.51776142999995,3.134485533000088],[-76.53266100899992,3.135689745000093],[-76.51360652199992,3.120345188000044],[-76.52710166899993,3.115741830000047],[-76.53085831899995,3.123562925000044],[-76.53668813899992,3.109882493000043],[-76.5521890629999,3.107406830000059],[-76.5559188869999,3.099491899000043],[-76.57286547099994,3.128768081000089],[-76.57866307199993,3.125092161000055],[-76.57454993399995,3.115316207000092],[-76.59005644299992,3.116424151000047],[-76.59077698199991,3.102295836000053],[-76.59882071999994,3.105098940000062],[-76.59297666299994,3.093563642000049],[-76.60375724799991,3.097025933000054],[-76.61012673899995,3.091238525000051],[-76.62431369299992,3.102092991000063],[-76.62192161799993,3.115933552000058],[-76.62979485699992,3.128414722000059],[-76.64290427899994,3.118618455000046],[-76.64083371099991,3.111198475000037],[-76.65067409699992,3.102087457000039],[-76.66632584399991,3.097978831000091],[-76.6685116189999,3.102885814000047],[-76.68186322699995,3.10256778300004],[-76.69968259199993,3.120198153000047],[-76.72118655699995,3.117018896000047],[-76.73340928099992,3.124887508000086],[-76.74979676599992,3.146217752000041],[-76.73920540299991,3.186136885000053],[-76.7585715699999,3.20054716900006],[-76.7528555369999,3.20993074200004],[-76.77291308199995,3.23370568100006],[-76.80939152099995,3.207540157000039],[-76.8508129299999,3.207330732000059],[-76.86387473099995,3.212639418000037],[-76.90804959899992,3.201370376000057],[-76.91548259299992,3.149464045000059],[-76.92601513599993,3.142607343000066],[-76.9262493679999,3.127658762000067],[-76.93848596899994,3.113962039000057],[-76.97188179499994,3.118785591000062],[-76.97904422099992,3.127336324000055],[-76.97727346799991,3.13463667700006],[-76.98786137899992,3.138616802000058],[-76.9967542629999,3.154809286000045],[-77.01686808099993,3.155079241000067],[-77.03032669599992,3.166968832000066],[-77.06390453599994,3.169211415000063],[-77.08726839999991,3.180481273000055],[-77.08664358199991,3.185793165000064],[-77.09839111199994,3.185972450000065],[-77.12964520199995,3.161248339000053],[-77.13867940599994,3.171626360000062],[-77.14517205999994,3.168422260000057],[-77.15929896499995,3.174311547000059],[-77.15883406499995,3.165123463000043],[-77.17267334199994,3.165339404000065],[-77.17307145299992,3.158720453000058],[-77.19058280199994,3.149811710000051],[-77.19261221999994,3.140314918000058],[-77.19991436799995,3.144142466000062],[-77.20263272099993,3.134074695000038],[-77.21709901999992,3.13599967600004],[-77.21624600099994,3.120399147000057],[-77.22768801399991,3.111538458000041],[-77.23473425299994,3.115760606000038],[-77.23410234399995,3.108080018000067],[-77.2440886249999,3.114867871000058],[-77.2447033549999,3.126311022000039],[-77.25232444099993,3.115159640000059],[-77.2615872099999,3.135143346000064],[-77.26816255599994,3.133503143000041],[-77.27187722999992,3.140955813000062],[-77.27715371099993,3.130869458000063],[-77.2787799319999,3.139542790000064],[-77.28831858399991,3.13862251200004],[-77.28849626899995,3.147099121000053],[-77.2780708919999,3.149158903000057],[-77.27986551399994,3.15937382900006],[-77.2909186999999,3.157087670000067],[-77.31717676099993,3.174220742000045],[-77.34620389999992,3.140151947000049],[-77.3658377779999,3.146511868000061],[-77.36541414499993,3.165954639000063],[-77.38388106299993,3.17742740500006],[-77.38207953499995,3.203387496000062],[-77.39242421999995,3.213805279000042],[-77.40348517799993,3.213232263000066],[-77.4160629559999,3.24299392000006],[-77.42907036699995,3.253708732000064],[-77.4517294389999,3.243190664000053],[-77.45524853599994,3.233451710000054],[-77.47071315699992,3.236963295000066],[-77.46206467199994,3.226700085000061],[-77.46902862899992,3.22523559800004],[-77.46608145099992,3.21706991700006],[-77.4763800849999,3.209756282000058],[-77.5040666889999,3.222277584000039],[-77.49872200999994,3.234021127000062],[-77.51815495599993,3.235753935000048],[-77.54832375099994,3.225895402000049],[-77.54832375099994,3.234676009000054],[-77.49549020099994,3.304931974000056],[-77.4840652179999,3.308565090000059],[-77.47989997299993,3.323103919000062],[-77.42738844199994,3.368004478000046],[-77.41975988999991,3.368407004000062],[-77.41321399299994,3.355615021000062],[-77.40643490799994,3.383897294000064],[-77.38952883799993,3.401952644000062],[-77.36459261599992,3.447973800000057],[-77.36596258999992,3.424994454000057],[-77.35566904299992,3.410341136000056],[-77.33245858999993,3.426580957000056],[-77.33704941399992,3.448745115000065],[-77.37074723299992,3.475059762000058],[-77.33342027999993,3.517209401000059],[-77.33069160899993,3.530664861000048],[-77.30039393299995,3.56999021200005],[-77.29234897499992,3.576702674000046],[-77.28767030499995,3.56916973500006],[-77.23667952199992,3.585434729000042],[-77.23594759399992,3.577383560000044],[-77.20683796399993,3.607675439000047],[-77.19571160399994,3.610706875000062],[-77.18916570699992,3.653163597000059],[-77.16563045899994,3.64468557500004],[-77.16541392799991,3.684760457000039],[-77.17736848099992,3.692834521000066],[-77.18911573799994,3.681389653000053],[-77.19696498399992,3.720842011000059],[-77.19696498399992,3.750506750000056],[-77.17836948199994,3.748491387000058],[-77.16599778599993,3.757543655000063],[-77.18179564499991,3.809402272000057],[-77.15388210899994,3.803013544000066],[-77.14373239999992,3.809923502000061],[-77.1348606059999,3.804849622000063],[-77.12796357799994,3.817310544000065],[-77.1153425949999,3.821358599000064],[-77.10634704699993,3.848804133000044],[-77.08680218899991,3.858220824000057],[-77.0730115259999,3.857285284000056],[-77.07125419099992,3.862929167000061],[-77.06214271599993,3.860681682000063],[-77.0528707229999,3.874846509000065],[-77.06278081499994,3.872814648000087],[-77.0736278569999,3.879471672000079],[-77.08674104799991,3.905189839000059],[-77.09574687999992,3.89971760800006],[-77.09748659099995,3.875339929000063],[-77.13274400099993,3.872541743000056],[-77.16680218499994,3.845626293000066],[-77.17710706399993,3.845737897000049],[-77.18162933399992,3.831655159000093],[-77.20016419899991,3.840005599000051],[-77.20506536999994,3.833624057000065],[-77.22315936099994,3.835688752000067],[-77.22589368899992,3.830066639000052],[-77.2354359329999,3.835870109000041],[-77.24961019699992,3.828027250000048],[-77.26815020499993,3.839502509000056],[-77.28159260099994,3.839440357000058],[-77.28576987399993,3.851262906000045],[-77.30271543399994,3.86153315200005],[-77.30512725699992,3.873671414000057],[-77.29200581399994,3.877214407000054],[-77.28628828399991,3.89525941100004],[-77.30133562999993,3.899146674000065],[-77.3091182519999,3.909540160000063],[-77.32076095399992,3.902544546000058],[-77.32083590699995,3.925167864000059],[-77.3110170619999,3.932788087000063],[-77.31752548199995,3.950327094000045],[-77.29830003099994,3.958347070000059],[-77.29001772399994,3.979121545000055],[-77.2840214819999,3.97927145500006],[-77.2852956829999,3.976698064000061],[-77.28448369199992,3.973637483000061],[-77.28262058799993,3.973271626000042],[-77.28214765699994,3.981619980000062],[-77.27540188499995,3.976835478000055],[-77.27117352899995,3.987106476000065],[-77.24865173499995,3.980646530000058],[-77.24958854999994,3.988274665000063],[-77.2411563359999,3.985641939000061],[-77.24090336799992,3.992275280000058],[-77.22360795899993,3.996051039000065],[-77.19848974799993,4.030602907000059],[-77.19459992799995,4.052762863000055],[-77.21027600699995,4.055878473000064],[-77.21307817299993,4.061689672000057],[-77.2287072659999,4.059066314000063],[-77.22664189299991,4.072441265000066],[-77.23233163099991,4.081427528000063],[-77.24258486699995,4.083075200000053],[-77.24685719199994,4.071515519000059],[-77.26158182499995,4.060422179000057],[-77.2685961439999,4.077049025000065],[-77.28586660399992,4.050195255000062],[-77.3072107779999,4.04231881000004],[-77.30802276899993,4.030270895000058],[-77.31429774199995,4.029111463000049],[-77.31278696999993,4.019955483000047],[-77.32084676199992,4.011361652000062],[-77.31552743999993,4.007236895000062],[-77.32122621199994,4.007257976000062],[-77.32461502199993,3.996374822000064],[-77.31955938399994,3.995575815000052],[-77.32438326399995,3.972686957000064],[-77.33336148399991,3.975880614000062],[-77.34762747899993,3.931835153000065],[-77.35933275899993,3.926698244000079],[-77.3876659259999,3.973362221000059],[-77.4324696409999,4.008483947000059],[-77.44962159399995,4.038513453000064],[-77.42890547399992,4.093080151000038],[-77.44339044299994,4.127850025000043],[-77.43580591099993,4.145785214000057],[-77.39032846299995,4.148491849000038],[-77.3892517569999,4.162066675000062],[-77.35295307899992,4.197473054000056],[-77.33496981099995,4.192501531000062],[-77.30545259799993,4.166482126000062],[-77.28692849399994,4.183364401000063],[-77.28735679699992,4.205814616000055],[-77.27911196499991,4.222661200000061],[-77.25348516999992,4.234153999000057],[-77.24841691799992,4.224195952000059],[-77.24988028599995,4.187718815000039],[-77.22318273399992,4.157202229000063],[-77.21379575999993,4.156773924000049],[-77.20495494499994,4.172733386000061],[-77.15956531599994,4.18372867000005],[-77.11632581399994,4.133346162000066],[-77.12289312799993,4.124815792000049],[-77.12002587699993,4.116570960000047],[-77.1048330189999,4.107731263000062],[-77.08618869999992,4.12260905100004],[-77.0679811469999,4.096010139000043],[-77.0575876609999,4.102477514000043],[-77.05026367999994,4.094753787000059],[-77.03827119699991,4.097323603000063],[-77.03557288699994,4.091298806000054],[-77.01986844499993,4.101192605000051],[-77.00475410799993,4.098855975000049],[-76.99499831899993,4.12039009700004],[-76.98593257099992,4.114298679000058],[-76.9760875529999,4.122228231000065],[-76.9719532389999,4.117499054000064],[-76.95443445699993,4.120651839000061],[-76.94177109899994,4.108441299000049],[-76.9147452549999,4.097745228000065],[-76.91333963799991,4.08183684100004],[-76.90648324099993,4.084813420000046],[-76.90118698399993,4.073030275000065],[-76.89098450299991,4.073358724000059],[-76.8674397129999,4.032366970000055],[-76.85945154699994,4.029751447000081],[-76.8418104189999,4.037501852000048],[-76.82344577299995,4.032658316000038],[-76.82554633699993,4.021706829000038],[-76.8153188309999,4.007013072000063],[-76.79419543299991,4.011379982000051],[-76.76766947199991,3.988654027000052],[-76.75947047099993,3.993494898000051],[-76.7458736129999,3.984216334000052],[-76.70138915199993,3.978717068000037],[-76.68241933399992,3.964883213000064],[-76.6245701279999,4.014874453000061],[-76.59285641999992,3.998457407000046],[-76.58791904499992,3.980314013000054],[-76.59380821299993,3.972342825000055],[-76.5890254919999,3.970700992000047],[-76.5592524839999,3.99110487300004],[-76.55913350999992,4.008843753000065],[-76.53727312699993,4.016208781000046],[-76.54152549999992,4.043732605000059],[-76.52441735499991,4.06728428200006],[-76.50166933399993,4.062565656000061],[-76.4944153209999,4.069537960000048],[-76.4529758939999,4.144916315000046],[-76.44487675599993,4.175693046000049],[-76.45501005599994,4.22946195600008],[-76.4871082059999,4.235532126000066],[-76.49030105599991,4.243737345000056],[-76.50658846399995,4.252838787000087],[-76.50896792999993,4.267918620000046],[-76.52663542999994,4.288619924000045],[-76.52792248199995,4.323538177000046],[-76.5492549729999,4.337135042000057],[-76.54827509699993,4.350908064000066],[-76.56201886499991,4.369734354000059],[-76.55520527699991,4.399195367000061],[-76.54965912499995,4.402352253000061],[-76.53952799899992,4.396297317000062],[-76.50199361499995,4.413203723000038],[-76.48213354699993,4.414071981000063],[-76.44879612299991,4.440309685000045],[-76.41831526199991,4.447818702000063],[-76.41021436099993,4.465684147000047],[-76.39144063999993,4.47565581300006],[-76.38296956499994,4.492769430000067],[-76.3652492619999,4.491627467000058],[-76.38068060099994,4.516014713000061],[-76.40375935599991,4.534967260000087],[-76.38494603299995,4.546698720000052],[-76.3812725169999,4.559631298000056],[-76.36087999699993,4.556258892000074],[-76.34461625299991,4.56177277200004],[-76.3436109299999,4.581747157000052],[-76.31936076199992,4.607949756000039],[-76.32003061799992,4.619685125000046],[-76.3001281569999,4.655045803000064],[-76.2975676019999,4.699288840000065],[-76.28861291399994,4.702784109000049],[-76.2856898789999,4.712403821000066],[-76.31210694299995,4.750618884000062],[-76.27624370599995,4.771023834000061],[-76.26065538699993,4.794951713000046],[-76.23056461899995,4.802090464000059],[-76.21266894799993,4.828868904000046],[-76.13862640299993,4.842014093000046],[-76.1141405159999,4.890401920000045],[-76.1305965549999,4.911196501000063],[-76.09968353599993,4.917179198000042],[-76.08869594499993,4.946136609000064],[-76.09024233699995,4.979764574000058],[-76.09858710799995,4.998781227000052],[-76.09681678899994,5.031767694000052],[-76.09117746599992,5.042889292000041],[-76.07930770399992,5.044689318000053]]]]}},{"type":"Feature","properties":{"dpto":81,"dpto_nombre":"Arauca"},"geometry":{"type":"Polygon","coordinates":[[[-70.68721431699993,7.104380671000058],[-70.6727202699999,7.085759628000062],[-70.64649587799994,7.078077432000043],[-70.6423325319999,7.068996394000067],[-70.62451735499991,7.070524535000061],[-70.60760751299995,7.063670892000061],[-70.58599756899991,7.068395662000057],[-70.58427871499993,7.076115700000059],[-70.57096820599992,7.080785161000051],[-70.55633491099991,7.079320027000051],[-70.53543482399994,7.054576660000066],[-70.54164477899991,7.04870655700006],[-70.53220803099993,7.046021500000052],[-70.53880188999995,7.040724920000059],[-70.52805086099994,7.041768049000041],[-70.5111876869999,7.027548771000056],[-70.51464967699991,7.020744385000057],[-70.50233736799993,7.005667911000046],[-70.49052094699994,7.008981850000055],[-70.4669794639999,7.000707954000063],[-70.45541384299992,7.011911446000056],[-70.45035776499992,7.007275312000047],[-70.45521085999991,7.003755443000045],[-70.43941240499993,7.007865245000062],[-70.43693735699992,7.001191301000063],[-70.43110665299992,7.00728427100006],[-70.4166710049999,6.980871293000064],[-70.4041126379999,6.988225946000057],[-70.39738393399995,6.981555916000048],[-70.38729042699993,6.985600994000038],[-70.37211170199993,6.98091302000006],[-70.36075412199995,6.956215538000038],[-70.35225801799993,6.95659138700006],[-70.35450346399995,6.951988104000066],[-70.32238755199995,6.934567947000062],[-70.26550284899992,6.94123386800004],[-70.22433276499993,6.974719692000065],[-70.17278621299994,6.976403737000055],[-70.14903051699991,6.984335342000065],[-70.1336866549999,6.97508063500004],[-70.11780200599992,6.979412321000041],[-69.42755517199993,6.10729693400009],[-69.45249231199995,6.08333480500005],[-69.54154856799994,6.043653390000088],[-69.61396126699992,6.036349347000055],[-69.68257957799995,6.038423383000065],[-69.70449497499993,6.045654761000037],[-69.74385410299993,6.042954264000059],[-69.7843168739999,6.058551863000048],[-69.83680824999993,6.040983527000037],[-69.86819605599993,6.04167013600005],[-69.8972720239999,6.059661937000044],[-69.90408995999991,6.072881692000067],[-69.89949158499991,6.096273441000051],[-69.9325501589999,6.11665455800005],[-69.94624554099994,6.140837529000066],[-69.95890142899992,6.142645211000058],[-69.97382507499992,6.133773965000046],[-69.98518700099993,6.136569834000056],[-69.98251010699994,6.160602389000076],[-69.99006489599992,6.165896687000043],[-70.00267603499992,6.148883545000047],[-70.0299803499999,6.161792118000051],[-70.04163971199995,6.155248601000039],[-70.05799850599993,6.158698819000051],[-70.06216256199991,6.169108961000063],[-70.04116381999995,6.178031938000061],[-70.04009306299992,6.184634943000049],[-70.06019950799993,6.185051349000048],[-70.06620764699994,6.211463365000043],[-70.0972596119999,6.233949273000064],[-70.11474864999991,6.232819028000051],[-70.12206549299992,6.261729479000053],[-70.13515409799993,6.270617083000047],[-70.14953311599993,6.26886582800006],[-70.15586898799995,6.285562765000066],[-70.1516992139999,6.294496327000047],[-70.16149480699994,6.298341161000053],[-70.17518578999994,6.279017802000055],[-70.19837797499991,6.295743212000048],[-70.2082833039999,6.287805542000058],[-70.22288880099995,6.292943090000051],[-70.25451750099995,6.286833748000049],[-70.27148248499992,6.273911877000046],[-70.29083037999993,6.285603777000063],[-70.29944894699992,6.277871565000055],[-70.30947575399995,6.287874289000058],[-70.31137037499991,6.279802997000047],[-70.3229069809999,6.27925158000005],[-70.3223853909999,6.288640697000062],[-70.32958100199994,6.293495502000042],[-70.38094411299994,6.302418230000058],[-70.39129761799995,6.292892426000037],[-70.43069382699991,6.291502482000055],[-70.43067458399992,6.278045330000054],[-70.47655889399994,6.265073389000065],[-70.48364132299992,6.249614561000044],[-70.50031815799991,6.248628314000086],[-70.5305474509999,6.23009300700005],[-70.5390240239999,6.245049618000053],[-70.55158517299992,6.237917617000051],[-70.55790743299991,6.246517517000086],[-70.57208652999992,6.239832493000051],[-70.57967039499994,6.249620022000045],[-70.58541857099993,6.238696743000048],[-70.6097462059999,6.239759622000065],[-70.6307719429999,6.227145678000056],[-70.6394434199999,6.23547872100005],[-70.67832486399993,6.220408894000059],[-70.69025415099992,6.22752343500008],[-70.70509084799994,6.221246668000049],[-70.71660712399995,6.224599355000066],[-70.7257816739999,6.216413651000039],[-70.73317520799992,6.227864888000056],[-70.76939067099994,6.228736240000046],[-70.77116656699991,6.243520998000065],[-70.78240086499994,6.242532073000064],[-70.78579010599992,6.250262491000058],[-70.79716857299991,6.253488900000093],[-70.80973648399993,6.245922249000046],[-70.8210830509999,6.251866102000065],[-70.83287630399991,6.23868899200005],[-70.86115971099991,6.239347344000066],[-70.86790894099994,6.221621522000078],[-70.87734879499993,6.231362735000062],[-70.88947091699993,6.229429252000045],[-70.89582831199994,6.235699883000052],[-70.9218770139999,6.234196806000057],[-70.9354335889999,6.225785357000063],[-70.95602246299995,6.235884672000054],[-70.98516212699991,6.228832620000048],[-71.01142313299994,6.254148127000065],[-71.0214037529999,6.254315132000045],[-71.03471473299993,6.266203115000053],[-71.03539709199993,6.254611363000038],[-71.05979225099992,6.254616231000057],[-71.09258058099994,6.279136260000087],[-71.11023518799993,6.265067385000066],[-71.11679606899992,6.265392320000046],[-71.1218083739999,6.274923753000053],[-71.13075649299992,6.260208875000046],[-71.15814772999994,6.26292329100005],[-71.16032971399994,6.271918851000066],[-71.1831323799999,6.281810234000091],[-71.19003698799992,6.278287],[-71.22054825899994,6.298307341000054],[-71.22601074199991,6.293933487000061],[-71.21661896699993,6.286790812000049],[-71.23302525799994,6.278531995000037],[-71.23358869099991,6.263608483000041],[-71.26766768699991,6.284980353000037],[-71.27238126499992,6.261382435000087],[-71.27848300499994,6.273970743000064],[-71.29775960799992,6.271839643000078],[-71.31619186199993,6.253588687000047],[-71.33245149599992,6.256601596000053],[-71.3311607309999,6.244878931000073],[-71.34290518199992,6.243527357000062],[-71.34860430899994,6.22917013600005],[-71.36501732499994,6.228719313000056],[-71.37259492899994,6.235146172000043],[-71.37788729199991,6.225152100000059],[-71.38066985699993,6.241304667000065],[-71.39522252899991,6.236721639000052],[-71.41427681199991,6.243408784000053],[-71.42086363699991,6.225106763000042],[-71.44870657799993,6.245797257000049],[-71.43892161799994,6.229477745000054],[-71.43966115799992,6.214917762000084],[-71.45634203899994,6.222890986000039],[-71.46177280199993,6.211642402000052],[-71.48716955399993,6.201425767000046],[-71.49661020199994,6.216596224000057],[-71.50979149199992,6.197752107000042],[-71.53515600199995,6.225636468000062],[-71.53311711799995,6.212221317000058],[-71.55143909499992,6.21212866400009],[-71.55329994899995,6.197159801000055],[-71.5661890149999,6.211641541000063],[-71.57402862399994,6.209792059000051],[-71.56930462699995,6.194221631000062],[-71.57515861699994,6.19110598900005],[-71.59260548599991,6.211425088000055],[-71.6122791109999,6.210089735000054],[-71.6140053769999,6.226829022000061],[-71.63758817199994,6.228698635000057],[-71.64932247099995,6.201448991000063],[-71.6714872519999,6.190366601000051],[-71.77678698799991,6.193356146000042],[-71.82407658799991,6.187244496000062],[-71.85447434199995,6.165610082000057],[-71.87939256499993,6.159145502000058],[-71.9547139789999,6.168989003000092],[-72.01041074199992,6.129982941000037],[-72.07744422899992,6.112930118000065],[-72.11187654499992,6.07574320000009],[-72.1376617169999,6.066610132000051],[-72.16306227599995,6.074839823000048],[-72.19504538799993,6.097313100000065],[-72.2626672419999,6.123247365000054],[-72.27736807399992,6.136460248000049],[-72.27757686299992,6.152561328000047],[-72.28903750399991,6.163203915000054],[-72.2822541349999,6.175097855000047],[-72.28661633699994,6.199894599000061],[-72.32457345299991,6.209641368000064],[-72.32627363199992,6.219046204000051],[-72.34387879699995,6.22603207800006],[-72.34667048999995,6.243320047000054],[-72.3617440729999,6.262797836000061],[-72.3592987259999,6.285479093000049],[-72.36662389499992,6.306891566000047],[-72.35227976199991,6.320245269000054],[-72.3458991569999,6.341574380000054],[-72.33853933799992,6.345551899000043],[-72.3227309749999,6.331980263000048],[-72.3170922139999,6.334699436000051],[-72.31565281999991,6.357516559000089],[-72.30210824099993,6.359269951000044],[-72.29513160199991,6.374590624000064],[-72.2827160299999,6.379385894000052],[-72.28003114899991,6.388547523000057],[-72.28666130599993,6.403408289000083],[-72.27950759999993,6.42103886700005],[-72.26881321399992,6.419170180000037],[-72.26787216699995,6.441579420000039],[-72.25996922199994,6.441830315000061],[-72.24597092599993,6.420487607000041],[-72.23508261399991,6.421961237000062],[-72.21889720599995,6.438634944000057],[-72.21375443799991,6.465485815000079],[-72.20209626499991,6.468967981000048],[-72.18164418099991,6.459420847000047],[-72.1747464419999,6.463005668000051],[-72.1778840099999,6.496758421000038],[-72.15121351899995,6.515573501000063],[-72.13864632199994,6.514223615000049],[-72.13089513699992,6.520588906000057],[-72.11199157099992,6.591630508000037],[-72.11281631299994,6.612115459000051],[-72.09142714899991,6.645960286000047],[-72.09801509099992,6.673396335000064],[-72.10073049099992,6.719283438000048],[-72.0949562099999,6.729647807000049],[-72.10012238899992,6.747193737000089],[-72.09234833599993,6.753877407000061],[-72.07692868799995,6.750900785000056],[-72.05990164099995,6.767522822000046],[-72.0506035649999,6.768895849000046],[-72.03773849999993,6.795887099000083],[-72.03454534499991,6.829704956000057],[-71.99657381799994,6.90893748700006],[-71.9929365349999,6.929419844000051],[-71.9601540999999,7.001604440000051],[-71.9488539159999,7.011323104000041],[-71.93775220399993,7.00617191300006],[-71.91657082799992,7.017050826000059],[-71.83495930599992,7.025661571000057],[-71.8219440389999,7.037146022000059],[-71.8257848749999,7.055603910000059],[-71.81194379499993,7.062394654000059],[-71.74621611399994,7.065732712000056],[-71.71769864599992,7.053872651000063],[-71.71524156499993,7.035370870000065],[-71.70501032899995,7.032519573000059],[-71.69096899699991,7.037818598000058],[-71.66166973399993,7.033552149000059],[-71.6403842659999,7.05351919900005],[-71.6167099079999,7.042579068000066],[-71.58772440799993,7.055196884000054],[-71.58347525099992,7.047600586000044],[-71.59293504099992,7.029210186000057],[-71.5869964769999,7.016382702000044],[-71.57129305399991,7.027364058000046],[-71.54030618999991,7.03474798700006],[-71.51204322299992,7.021627878000061],[-71.49846167599992,7.036281680000059],[-71.48597149099993,7.016480339000054],[-71.47817521899992,7.015116051000064],[-71.46920214499994,7.023535062000064],[-71.4722056629999,7.03549528700006],[-71.46522642699995,7.042229587000065],[-71.45886165599995,7.038309401000049],[-71.45497286699992,7.009776681000062],[-71.4494866039999,7.011712687000056],[-71.44931189099992,7.027475548000041],[-71.43689888999995,7.024245882000059],[-71.42436141399992,7.038929817000053],[-71.39174485599995,7.035942755000065],[-71.37902210699991,7.017992144000061],[-71.36984560999991,7.015351975000044],[-71.33399572399992,7.016897680000056],[-71.2982675959999,7.029065242000058],[-71.28317359099992,7.024460568000052],[-71.26447641599992,7.03206278600004],[-71.25857487099995,7.019133496000052],[-71.24094873899992,7.011829261000059],[-71.22792009499994,7.027410126000063],[-71.21223854699991,7.019037188000084],[-71.20031213599992,7.025167759000055],[-71.19147212099995,7.01895565600006],[-71.12998499799994,7.03270638500004],[-71.12319385299992,7.013056968000058],[-71.10311629799992,7.006872408000049],[-71.10981771399992,7.002077284000052],[-71.11506097099993,7.006652321000047],[-71.11167099199992,6.989927641000065],[-71.07726752899993,6.980778011000041],[-71.04135557899991,6.982100206000041],[-71.02382306099992,6.973901641000054],[-70.9954417429999,6.983075542000051],[-70.96977785399991,7.016364242000066],[-70.94019308899993,7.012304432000064],[-70.92156361099995,7.023691925000037],[-70.92757536199991,7.045214563000059],[-70.91895574699993,7.052554059000045],[-70.90768269099993,7.041283411000052],[-70.88632153499992,7.064378180000062],[-70.87238261899995,7.063992487000064],[-70.86301017199992,7.054873670000063],[-70.84913370799995,7.057018020000044],[-70.85223532999993,7.063095923000049],[-70.84550005799991,7.069807615000059],[-70.85666680799994,7.06961863500004],[-70.85330484499991,7.077654452000047],[-70.83676713099993,7.078532332000066],[-70.82264290199993,7.06985332000005],[-70.81839188499993,7.079408602000058],[-70.79678341399995,7.083193805000064],[-70.7774317059999,7.076685165000072],[-70.76048994299993,7.097657734000052],[-70.73596245899995,7.088701443000048],[-70.6970442679999,7.094008497000061],[-70.68721431699993,7.104380671000058]]]}},{"type":"Feature","properties":{"dpto":85,"dpto_nombre":"Casanare"},"geometry":{"type":"Polygon","coordinates":[[[-72.33885328399992,6.344705353000052],[-72.36662389499992,6.306891566000047],[-72.3592987259999,6.285479093000049],[-72.3617440729999,6.262797836000061],[-72.34667048999995,6.243320047000054],[-72.34387879699995,6.22603207800006],[-72.32627363199992,6.219046204000051],[-72.32457345299991,6.209641368000064],[-72.28661633699994,6.199894599000061],[-72.2822541349999,6.175097855000047],[-72.28903750399991,6.163203915000054],[-72.27757686299992,6.152561328000047],[-72.27736807399992,6.136460248000049],[-72.2626672419999,6.123247365000054],[-72.19504538799993,6.097313100000065],[-72.17947324799991,6.083701034000057],[-72.13967875899993,6.066683700000056],[-72.11187654499992,6.07574320000009],[-72.07744422899992,6.112930118000065],[-72.01041074199992,6.129982941000037],[-71.9547139789999,6.168989003000092],[-71.87939256499993,6.159145502000058],[-71.85447434199995,6.165610082000057],[-71.82407658799991,6.187244496000062],[-71.77678698799991,6.193356146000042],[-71.6714872519999,6.190366601000051],[-71.64932247099995,6.201448991000063],[-71.63758817199994,6.228698635000057],[-71.6140053769999,6.226829022000061],[-71.6122791109999,6.210089735000054],[-71.59260548599991,6.211425088000055],[-71.57515861699994,6.19110598900005],[-71.56930462699995,6.194221631000062],[-71.57402862399994,6.209792059000051],[-71.5661890149999,6.211641541000063],[-71.55329994899995,6.197159801000055],[-71.55143909499992,6.21212866400009],[-71.53311711799995,6.212221317000058],[-71.53515600199995,6.225636468000062],[-71.50979149199992,6.197752107000042],[-71.49661020199994,6.216596224000057],[-71.48716955399993,6.201425767000046],[-71.46177280199993,6.211642402000052],[-71.45634203899994,6.222890986000039],[-71.43966115799992,6.214917762000084],[-71.43892161799994,6.229477745000054],[-71.44870657799993,6.245797257000049],[-71.42086363699991,6.225106763000042],[-71.41427681199991,6.243408784000053],[-71.39522252899991,6.236721639000052],[-71.38066985699993,6.241304667000065],[-71.37788729199991,6.225152100000059],[-71.37259492899994,6.235146172000043],[-71.36501732499994,6.228719313000056],[-71.34860430899994,6.22917013600005],[-71.34290518199992,6.243527357000062],[-71.3311607309999,6.244878931000073],[-71.33245149599992,6.256601596000053],[-71.31619186199993,6.253588687000047],[-71.29775960799992,6.271839643000078],[-71.27848300499994,6.273970743000064],[-71.27238126499992,6.261382435000087],[-71.26766768699991,6.284980353000037],[-71.23358869099991,6.263608483000041],[-71.23302525799994,6.278531995000037],[-71.21661896699993,6.286790812000049],[-71.22601074199991,6.293933487000061],[-71.22054825899994,6.298307341000054],[-71.19003698799992,6.278287],[-71.1831323799999,6.281810234000091],[-71.16032971399994,6.271918851000066],[-71.15814772999994,6.26292329100005],[-71.13075649299992,6.260208875000046],[-71.1218083739999,6.274923753000053],[-71.11679606899992,6.265392320000046],[-71.11023518799993,6.265067385000066],[-71.09258058099994,6.279136260000087],[-71.05979225099992,6.254616231000057],[-71.03539709199993,6.254611363000038],[-71.03471473299993,6.266203115000053],[-71.0214037529999,6.254315132000045],[-71.01142313299994,6.254148127000065],[-70.98516212699991,6.228832620000048],[-70.95602246299995,6.235884672000054],[-70.9354335889999,6.225785357000063],[-70.9218770139999,6.234196806000057],[-70.89582831199994,6.235699883000052],[-70.88947091699993,6.229429252000045],[-70.87734879499993,6.231362735000062],[-70.86790894099994,6.221621522000078],[-70.86115971099991,6.239347344000066],[-70.83287630399991,6.23868899200005],[-70.8210830509999,6.251866102000065],[-70.80973648399993,6.245922249000046],[-70.79716857299991,6.253488900000093],[-70.78579010599992,6.250262491000058],[-70.78240086499994,6.242532073000064],[-70.77116656699991,6.243520998000065],[-70.76939067099994,6.228736240000046],[-70.73317520799992,6.227864888000056],[-70.7257816739999,6.216413651000039],[-70.71660712399995,6.224599355000066],[-70.70509084799994,6.221246668000049],[-70.69025415099992,6.22752343500008],[-70.67832486399993,6.220408894000059],[-70.6394434199999,6.23547872100005],[-70.6307719429999,6.227145678000056],[-70.6097462059999,6.239759622000065],[-70.58541857099993,6.238696743000048],[-70.57967039499994,6.249620022000045],[-70.57208652999992,6.239832493000051],[-70.55790743299991,6.246517517000086],[-70.55158517299992,6.237917617000051],[-70.5390240239999,6.245049618000053],[-70.5305474509999,6.23009300700005],[-70.50031815799991,6.248628314000086],[-70.48364132299992,6.249614561000044],[-70.47655889399994,6.265073389000065],[-70.43067458399992,6.278045330000054],[-70.43069382699991,6.291502482000055],[-70.39129761799995,6.292892426000037],[-70.38169153099994,6.302239801000042],[-70.36710591999991,6.302728517000048],[-70.32847597799991,6.292955646000053],[-70.32187897199992,6.287503610000044],[-70.3229069809999,6.27925158000005],[-70.31137037499991,6.279802997000047],[-70.30947575399995,6.287874289000058],[-70.29944894699992,6.277871565000055],[-70.29083037999993,6.285603777000063],[-70.27148248499992,6.273911877000046],[-70.25451750099995,6.286833748000049],[-70.22288880099995,6.292943090000051],[-70.2082833039999,6.287805542000058],[-70.19837797499991,6.295743212000048],[-70.17518578999994,6.279017802000055],[-70.1643948919999,6.297658477000084],[-70.1545634819999,6.297162744000047],[-70.15406468299994,6.274973999000053],[-70.14869743499992,6.268266290000042],[-70.13515409799993,6.270617083000047],[-70.12343367999995,6.263335616000063],[-70.11474864999991,6.232819028000051],[-70.0972596119999,6.233949273000064],[-70.06620764699994,6.211463365000043],[-70.06019950799993,6.185051349000048],[-70.04009306299992,6.184634943000049],[-70.04116381999995,6.178031938000061],[-70.06216256199991,6.169108961000063],[-70.05799850599993,6.158698819000051],[-70.04163971199995,6.155248601000039],[-70.0299803499999,6.161792118000051],[-70.00267603499992,6.148883545000047],[-69.9921469219999,6.165837202000091],[-69.98548443299995,6.164469013000087],[-69.98518700099993,6.136569834000056],[-69.97382507499992,6.133773965000046],[-69.94812208199994,6.14192980100006],[-69.93067520399995,6.114869499000065],[-69.90029130199991,6.097473019000063],[-69.90408995999991,6.072881692000067],[-69.89184521199991,6.054007518000049],[-69.86819605599993,6.04167013600005],[-69.83590992199993,6.041260879000049],[-69.85434846999993,5.984467762000065],[-69.88279430999995,5.969788246000064],[-69.90277593499991,5.929298685000049],[-69.92433177899994,5.910699621000049],[-69.93252810099995,5.876453498000046],[-69.96634354499992,5.861554879000039],[-69.96628333799993,5.829038604000061],[-69.97881541099991,5.807338303000051],[-70.01126363999992,5.767220328000064],[-70.0437779849999,5.746221490000039],[-70.05178752699993,5.711249077000048],[-70.09116104499992,5.672446457000092],[-70.11494869699993,5.631451077000065],[-70.15314499699991,5.600903582000058],[-70.19466896299991,5.603156701000046],[-70.21546308899991,5.583384090000038],[-70.26382741399993,5.56357495900005],[-70.29835427499995,5.577267677000066],[-70.33705070199994,5.574695574000089],[-70.36052292699992,5.587024912000061],[-70.3864132679999,5.563399086000061],[-70.41330497599995,5.551311171000066],[-70.42057114199991,5.534468390000086],[-70.44551768499991,5.530778275000046],[-70.46955112099994,5.509962435000091],[-70.49821050999992,5.496617313000058],[-70.51123874399991,5.476239943000053],[-70.53164200799995,5.471468969000057],[-70.56133028099993,5.449163752000061],[-70.57057134599995,5.435401495000065],[-70.60321783899991,5.423740060000057],[-70.6524240569999,5.373181377000037],[-70.66592775899994,5.373944317000053],[-70.68003123699992,5.361006078000059],[-70.67410880199992,5.315471392000063],[-70.6953925169999,5.281800578000059],[-70.81404655499995,5.187072640000054],[-70.8241092909999,5.186049009000044],[-70.86203791499992,5.144214698000042],[-70.87642411099995,5.148309057000063],[-70.9145708229999,5.140522912000051],[-70.94987311099993,5.117714031000048],[-70.95590640899991,5.096122987000058],[-70.97445859699991,5.080088493000062],[-70.9677458569999,5.05827909900006],[-70.98678788599995,5.043670654000039],[-71.0018935679999,4.980725215000064],[-71.01311442699995,4.977377511000043],[-71.05733578099995,4.90570572300004],[-71.07078448699991,4.905525153000042],[-71.11317269099993,4.87458483000006],[-71.15013525499995,4.861743842000067],[-71.16883109299994,4.842568336000056],[-71.21174826899994,4.817327842000054],[-71.23893322099991,4.817717970000047],[-71.27491113499991,4.799207848000037],[-71.28827874899991,4.803051075000042],[-71.32277522399994,4.766715396000052],[-71.37615141899994,4.751228089000051],[-71.39016833599993,4.756689491000088],[-71.42929804099992,4.723292072000049],[-71.50883707199995,4.69814165400004],[-71.52334911999992,4.682230033000053],[-71.57675918899992,4.675033445000054],[-71.59792645199991,4.645268783000063],[-71.61841851999992,4.637146261000055],[-71.64604464399991,4.615071612000065],[-71.66636844599992,4.611450442000091],[-71.73238714999991,4.575305904000061],[-71.77687694999992,4.579570451000052],[-71.78704979399993,4.586082551000061],[-71.80674993999992,4.58354765100006],[-71.82377412799991,4.551812569000049],[-71.85006901699995,4.532712495000055],[-71.86779118499993,4.50537739400005],[-71.89861132599992,4.489414862000046],[-71.90499109199993,4.467750695000063],[-71.93301835699992,4.446480858000086],[-71.95623746299992,4.421932545000061],[-71.95650419599991,4.412012060000052],[-71.9709066879999,4.407803252000065],[-71.97534457099994,4.393965617000049],[-71.9902957999999,4.383538349000048],[-72.02675119899993,4.386977662000049],[-72.06063925699993,4.375000941000053],[-72.07186055999995,4.386954978000063],[-72.07084045199991,4.408092705000058],[-72.14310961099994,4.44029960000006],[-72.16014962899993,4.441351017000045],[-72.19872411499995,4.428478940000048],[-72.2433979079999,4.434563175000051],[-72.25566399899992,4.41838092100005],[-72.28666075899991,4.417213936000053],[-72.30285786299993,4.408411275000049],[-72.3100089319999,4.383029195000063],[-72.32050271399993,4.370916438000052],[-72.34219294199994,4.371529785000064],[-72.34287015299992,4.358615863000068],[-72.35621694299994,4.341740620000053],[-72.38831806499991,4.33257025000006],[-72.40503584999993,4.317859741000063],[-72.4171390809999,4.321330452000041],[-72.41556480499992,4.34396382500006],[-72.42794812799991,4.353705209000054],[-72.4668182659999,4.317375379000055],[-72.51526791299995,4.33860009600005],[-72.5327352999999,4.339611],[-72.54783745499992,4.354675084000064],[-72.55455998299993,4.336790024000038],[-72.57346878699991,4.325484146000065],[-72.56929709499991,4.307427533000066],[-72.57344579099993,4.302140507000047],[-72.58125835599992,4.300985686000047],[-72.60610226699993,4.315387910000084],[-72.6419704999999,4.302831954000055],[-72.65812353199993,4.31652953300005],[-72.67586593399994,4.317383419000066],[-72.6868433269999,4.313199893000046],[-72.6872630599999,4.292545915000062],[-72.6935977409999,4.287475986000061],[-72.71644601199995,4.293274281000038],[-72.72583367599992,4.305767409000055],[-72.73892837699992,4.30896210800006],[-72.7418852749999,4.325797578000049],[-72.76946746999994,4.333179632000054],[-72.76297241499992,4.347836045000065],[-72.7753424629999,4.346355426000059],[-72.77968872499991,4.352769039000066],[-72.76731511699995,4.356237787000055],[-72.76891655299994,4.366389541000046],[-72.80058469399995,4.378346512000064],[-72.78827263199992,4.397520176000057],[-72.80506564699994,4.395973669000057],[-72.80811129099993,4.408032563000063],[-72.8250305489999,4.417614491000052],[-72.81242486199994,4.423466337000093],[-72.81347202299992,4.429805941000041],[-72.8401496919999,4.431045671000049],[-72.85237626199995,4.450373178000063],[-72.87017430399993,4.450712958000054],[-72.87630148199992,4.462284860000068],[-72.89696906199993,4.474805908000064],[-72.9026659079999,4.49620606700006],[-72.9234487569999,4.520400977000065],[-72.93792698599992,4.522740794000072],[-72.95251611299994,4.550698226000065],[-72.95020470799994,4.560903729000074],[-72.96180152399995,4.570846575000076],[-72.9679756189999,4.599190900000053],[-73.0168593649999,4.635607115000084],[-73.0168593649999,4.647385446000044],[-73.02799524199992,4.653881373000047],[-73.05037274999995,4.692695216000061],[-73.0542626319999,4.702864853000051],[-73.0478580809999,4.728016851000064],[-73.05255695499994,4.736324805000038],[-73.04572373199994,4.757980132000057],[-73.07771915299992,4.810741989000064],[-73.06155858999995,4.855116947000056],[-73.0414836519999,4.878326794000088],[-73.04891941999995,4.923633778000067],[-73.01984458299995,5.001595163000047],[-72.97528364399994,4.974758155000075],[-72.95283314199992,5.009647944000051],[-72.92606835599992,5.029628378000041],[-72.92847102999991,5.047235817000058],[-72.9038212339999,5.067931975000079],[-72.90844017799992,5.102479663000054],[-72.92859167199992,5.099673012000039],[-72.94264416499993,5.12024847400005],[-72.9650083869999,5.132899619000057],[-72.9738906689999,5.150364405000062],[-72.96295843199994,5.15650867700009],[-72.94606788899995,5.19538069400005],[-72.92622493599993,5.210413586000072],[-72.91127246499991,5.244135186000051],[-72.89620702199994,5.262083711000059],[-72.8916882819999,5.285532391000061],[-72.9006781889999,5.295342090000076],[-72.88777820599995,5.316127452000046],[-72.88952949899993,5.331541721000065],[-72.87840544499994,5.349918037000066],[-72.88574530799991,5.35164566900005],[-72.88271031499994,5.363227945000062],[-72.86643452899995,5.352581064000049],[-72.86686966799994,5.340647107000052],[-72.8595450219999,5.340390429000081],[-72.84176427599994,5.363594532000093],[-72.82070650199995,5.370132955000088],[-72.8095660489999,5.383579705000045],[-72.79832219399992,5.38014286300006],[-72.77828323999995,5.365878341000041],[-72.75688995099995,5.331374543000038],[-72.72558184499991,5.318019247000052],[-72.71815931399993,5.301322761000051],[-72.72025823799993,5.288556390000053],[-72.7005666519999,5.273278447000052],[-72.7007768169999,5.279268666000064],[-72.65478157699994,5.304399832000058],[-72.64859759699993,5.321757796000043],[-72.63695523299992,5.328403911000066],[-72.63740067099991,5.33703659300005],[-72.62031404099992,5.351217524000049],[-72.6093752349999,5.348401362000061],[-72.59127180399992,5.35802804900004],[-72.57975046099995,5.350334191000059],[-72.56723763499991,5.373372619000065],[-72.58397811999993,5.381988634000038],[-72.5034339149999,5.443027439000048],[-72.48985701599992,5.48183143600005],[-72.44239468099994,5.519263598000066],[-72.42090449599993,5.563237950000087],[-72.39650195999991,5.570242259000054],[-72.38392807699995,5.559794399000054],[-72.3755387249999,5.537956750000092],[-72.33039166999993,5.497636198000066],[-72.30089610699991,5.505972369000062],[-72.29529191699993,5.514952802000039],[-72.2957857749999,5.553339531000063],[-72.2851698149999,5.574627369000041],[-72.28904411699995,5.600283360000049],[-72.26268896899995,5.633537193000052],[-72.27213809299991,5.662216045000093],[-72.22840355999995,5.666827792000049],[-72.22142589999993,5.676040323000052],[-72.23570723899991,5.687400174000061],[-72.24966973599993,5.685253602000046],[-72.24787782199991,5.695355515000074],[-72.26920982299993,5.728626168000062],[-72.27694184399991,5.730841248000047],[-72.28038479999992,5.749550322000061],[-72.30046747199992,5.758265914000049],[-72.29627204099995,5.76757357300005],[-72.30719369799994,5.779523331000064],[-72.30335800699993,5.789241049000054],[-72.3075957449999,5.792798589000085],[-72.3250659119999,5.793337792000045],[-72.33156183799991,5.802903227000058],[-72.3480515039999,5.805377864000093],[-72.3511676039999,5.811435040000049],[-72.3919279719999,5.81894880100009],[-72.40140018099993,5.836672448000058],[-72.43493760299992,5.848561749000055],[-72.46306759999993,5.848494088000052],[-72.45089407199993,5.878371556000047],[-72.41554955799995,5.904011359000037],[-72.3360348949999,5.889573605000066],[-72.32766273499993,5.901714705000074],[-72.32506198599992,5.935037153000053],[-72.33867071899994,5.948672654000063],[-72.34266523899993,5.965965385000061],[-72.33978251899993,5.998492618000057],[-72.3655056799999,6.036703419000048],[-72.32153931699992,6.067838683000048],[-72.32120409299995,6.088204322000081],[-72.36663860699991,6.076834829000063],[-72.37537915699994,6.092501594000055],[-72.36408147999992,6.099325888000067],[-72.38917830699995,6.123736823000058],[-72.37685768499995,6.134217161000038],[-72.37391213099994,6.147698650000052],[-72.39310468399992,6.161569469000085],[-72.39252884099994,6.188325491000057],[-72.41894639599991,6.18668689000009],[-72.4025365679999,6.207603953000046],[-72.38724316699995,6.261007194000058],[-72.39614714099991,6.274157048000063],[-72.37891630099995,6.29311922100004],[-72.37135203899993,6.319150981000064],[-72.35538796299994,6.34191572900005],[-72.33885328399992,6.344705353000052]]]}},{"type":"Feature","properties":{"dpto":86,"dpto_nombre":"Putumayo"},"geometry":{"type":"Polygon","coordinates":[[[-76.67050239799994,1.46731526800005],[-76.64544421499994,1.455152657000042],[-76.6251273869999,1.423016794000091],[-76.61328544699995,1.423337464000042],[-76.60201613399994,1.41414106700006],[-76.59160576499994,1.390984005000064],[-76.57401904599993,1.385757943000044],[-76.5795729269999,1.374094791000061],[-76.5773755219999,1.348715965000054],[-76.58430580099991,1.343548440000063],[-76.57096877999993,1.328000154000051],[-76.58601648699994,1.300631595000084],[-76.57376702199991,1.282714257000066],[-76.57388123299995,1.256924703000038],[-76.56337809799993,1.247886910000091],[-76.56570961299991,1.238546235000058],[-76.54345221699992,1.222616003000041],[-76.5372342679999,1.20919710000004],[-76.55089827599994,1.141937301000041],[-76.54649243099993,1.132879019000086],[-76.55342556799991,1.112732022000046],[-76.56793500499992,1.103769506000049],[-76.5613558789999,1.095339352000053],[-76.56811972299994,1.082572857000059],[-76.5609650849999,1.084896380000089],[-76.56380268599992,1.073363619000077],[-76.55566173999995,1.069408281000051],[-76.54496998499991,1.037670646000038],[-76.4934557169999,1.028179560000069],[-76.48409242199995,1.005338542000061],[-76.44580660699995,0.981633522000038],[-76.44489909399994,0.969267906000084],[-76.41230651299992,0.960691070000053],[-76.40171466499993,0.979936151000061],[-76.38345345399995,0.975107526000045],[-76.36967910899995,0.983902897000064],[-76.34463023799992,0.97540489000005],[-76.33513439699993,0.980594311000061],[-76.3281777979999,0.968383685000049],[-76.33022413899994,0.958373484000049],[-76.31178709599993,0.96581513600006],[-76.2979889369999,0.960577522000051],[-76.27601534099995,0.983689655000092],[-76.26668760099994,0.969420653000043],[-76.2498623539999,0.981422710000061],[-76.24484997299993,0.968833223000047],[-76.23569619799991,0.964531991000058],[-76.23641736299993,0.98204122900006],[-76.20498899699993,0.97976460700005],[-76.19059380399995,0.993433483000047],[-76.1926970419999,1.006317697000043],[-76.20431002999993,1.000094758000046],[-76.20881599699993,1.005360402000065],[-76.20328870399993,1.017774102000089],[-76.19278185499991,1.009745141000053],[-76.1830803069999,1.013219193000054],[-76.1837014059999,1.026127638000048],[-76.16685894799991,1.030105042000059],[-76.12614018999994,1.006631632000051],[-76.1120281819999,1.013167807000059],[-76.10397565599993,1.025226433000057],[-76.09189789399994,1.018942063000054],[-76.08044257599994,1.021186754000041],[-76.07476275199991,1.033209937000038],[-76.08233024299994,1.046165494000093],[-76.09326129699991,1.049830100000065],[-76.08959080499994,1.057800923000059],[-76.04818477099991,1.046189014000049],[-76.03850852499994,1.052786454000056],[-76.0199165709999,1.047760487000062],[-76.00606692299993,1.055028692000064],[-76.00064804099992,1.031030496000085],[-75.99285258099991,1.027615955000044],[-75.98570137399992,1.048103197000046],[-76.00071388599991,1.065214695000066],[-75.99420576199992,1.072586517000047],[-75.9749067859999,1.061084349000055],[-75.94762442699994,1.030694977000053],[-75.92428342099993,1.033602363000057],[-75.92047515199994,1.024470707000091],[-75.93199987299994,0.993886123000038],[-75.94692800599995,0.982914446000052],[-75.9091796749999,0.97305921800006],[-75.89491347499995,0.935325182000042],[-75.86750185299991,0.922077528000045],[-75.85659685199994,0.885003548000043],[-75.82852475599992,0.873841751000043],[-75.8141761679999,0.89299118200006],[-75.80017786999991,0.895733675000088],[-75.77064804199995,0.863830656000061],[-75.7622797969999,0.837762037000061],[-75.73095364399995,0.858704557000067],[-75.71215795199993,0.862384830000053],[-75.6819271199999,0.856908231000091],[-75.66034688099995,0.873311259000047],[-75.63635693899994,0.87673839100006],[-75.61922126399992,0.867703220000067],[-75.60777151999991,0.838261016000047],[-75.58294426599991,0.839069118000054],[-75.53793007199994,0.826800898000045],[-75.53839243999994,0.788592483000059],[-75.50501787299993,0.766945251000038],[-75.48306927899995,0.782966310000063],[-75.46874952999991,0.758837271000061],[-75.4090483999999,0.737784127000054],[-75.38294432299995,0.754582652000067],[-75.35982833599991,0.750396292000062],[-75.33980661499993,0.769234913000048],[-75.33026202399992,0.751050018000058],[-75.32281289299993,0.745490162000067],[-75.30710494399995,0.746677702000056],[-75.29750444699994,0.729489438000087],[-75.26560146799994,0.725637646000052],[-75.25709355799995,0.70339474900004],[-75.27616684399993,0.667416862000039],[-75.23301562199993,0.647453861000088],[-75.22033716999994,0.633274013000062],[-75.2070966089999,0.595255411000039],[-75.23207839499992,0.579999977000057],[-75.23530705899992,0.565027047000058],[-75.22481390199994,0.535444418000054],[-75.1982985009999,0.503359570000043],[-75.21641937599992,0.495086120000053],[-75.21686331699993,0.486610881000047],[-75.19870208399993,0.479144593000058],[-75.18216315399991,0.486664443000052],[-75.15372400799993,0.481267640000056],[-75.12293062799995,0.508186622000039],[-75.1069891009999,0.512868185000059],[-75.09395337099994,0.501204637000058],[-75.10490969599994,0.473196137000059],[-75.03504520599995,0.484423806000052],[-75.0183100189999,0.47237720600009],[-75.00580069999995,0.438516936000042],[-74.98287149899994,0.408826601000044],[-74.98824767399992,0.396606001000066],[-75.00972887099994,0.392081383000061],[-75.0165677899999,0.383430500000088],[-75.00713612699991,0.342273349000038],[-74.97988594799995,0.314620241000057],[-74.98519541399992,0.301977755000053],[-75.01057731199995,0.291450435000058],[-75.0038880429999,0.27320301900005],[-74.95938186599994,0.242488041000058],[-74.91579216799994,0.252378921000059],[-74.89297919799992,0.249197365000043],[-74.86153122099995,0.22212769500004],[-74.84086563099993,0.213040697000054],[-74.81586609099992,0.216754460000061],[-74.78155822499991,0.208575757000062],[-74.7365441959999,0.209605946000067],[-74.71630934799992,0.201042844000085],[-74.68056156499995,0.165404297000066],[-74.67529088899994,0.099734721000061],[-74.69069369899995,0.087823329000059],[-74.70676120899992,0.097509495000054],[-74.71350943399995,0.095274861000064],[-74.69883608299995,0.079230753000047],[-74.67066497799993,0.082695833000059],[-74.65616494799991,0.073307408000062],[-74.65943661199992,0.057033258000047],[-74.67455017399993,0.045878625000057],[-74.70457343399994,0.041480283000055],[-74.69459571099992,0.023434549000058],[-74.65637058999994,-0.011572679999915],[-74.66118908999994,-0.037691062999954],[-74.6814929649999,-0.049662711999929],[-74.67734440999993,-0.060500077999961],[-74.64856882999993,-0.038947058999952],[-74.63136489699991,-0.044054763999952],[-74.61599774099994,-0.062173781999945],[-74.63176806899992,-0.088456816999951],[-74.53231871999992,-0.125680549999913],[-74.5240184299999,-0.116185168999948],[-74.53465740199994,-0.095142940999949],[-74.53050725799994,-0.088762002999943],[-74.5189625239999,-0.088610213999914],[-74.50658792399992,-0.103347453999959],[-74.50832375699991,-0.126896383999906],[-74.49715642199993,-0.137379661999944],[-74.48372522599993,-0.137759711999934],[-74.47482125999994,-0.130315315999951],[-74.4543718939999,-0.070759151999937],[-74.43611148799994,-0.078203867999946],[-74.42335948999994,-0.097954902999959],[-74.42652882699991,-0.112540183999954],[-74.44720416399991,-0.129100292999908],[-74.44627419099993,-0.13959590199994],[-74.40185446099991,-0.11428765799991],[-74.35574651399992,-0.106398553999952],[-74.34186599799995,-0.109654345999957],[-74.30308120099994,-0.14748568899995],[-74.2781046309999,-0.139433514999951],[-74.26678599199994,-0.142548215999909],[-74.26399415499992,-0.155462478999937],[-74.28723537699994,-0.176808713999947],[-74.2894239339999,-0.200358145999928],[-74.24045202499991,-0.234695411999951],[-74.22558674699991,-0.235987007999938],[-74.21758792299994,-0.210082579999948],[-74.20030798499994,-0.209778860999961],[-74.19072490099995,-0.227175218999946],[-74.1883104719999,-0.258549348999907],[-74.16846491899992,-0.266525972999943],[-74.15820250999991,-0.263107551999951],[-74.14303520199991,-0.237962737999908],[-74.12899988799995,-0.232417239999961],[-74.11156896099993,-0.235076116999949],[-74.08176282399995,-0.279820410999946],[-74.04466858299992,-0.274762654999961],[-74.03840014899993,-0.306059983999944],[-74.0072313199999,-0.340583141999957],[-73.88192101899995,-0.369741394999949],[-73.84131793299991,-0.397977578999928],[-74.3891327369999,-0.553683589999935],[-74.39665083799991,-0.542119069999956],[-74.4118379709999,-0.560269203999951],[-74.42169863499993,-0.561240123999937],[-74.43049058899993,-0.535618204999935],[-74.4222624439999,-0.507422313999939],[-74.42680738799993,-0.499776149999946],[-74.4436558939999,-0.497254419999933],[-74.45729048599992,-0.505770707999943],[-74.4685750889999,-0.49684237699995],[-74.47092514399992,-0.480010546999949],[-74.48091113099991,-0.477192406999961],[-74.49148817299994,-0.490571367999962],[-74.50370009599993,-0.483945526999946],[-74.50634537899992,-0.464491595999959],[-74.51352454499994,-0.47244657899995],[-74.53047600499991,-0.469749963999959],[-74.5379297309999,-0.462985111999956],[-74.54963485199994,-0.42317877399995],[-74.57371450199992,-0.41286417799995],[-74.5808884619999,-0.389539161999949],[-74.61546895099991,-0.379606125999942],[-74.60992718299991,-0.35321020799995],[-74.63561170399993,-0.361103279999952],[-74.65622973799992,-0.376783928999942],[-74.68928639199993,-0.363339975999907],[-74.68155314599994,-0.343197833999909],[-74.68375415299994,-0.331437348999941],[-74.69710676599993,-0.33894310799991],[-74.70217517799995,-0.352441939999949],[-74.7265725499999,-0.348926391999953],[-74.73775601799991,-0.329176867999934],[-74.73162890499992,-0.30287786699995],[-74.7499685869999,-0.285959906999949],[-74.75941521599992,-0.237726952999935],[-74.77234367999995,-0.227820779999945],[-74.77592851499992,-0.210090793999939],[-74.7873152539999,-0.201022587999944],[-74.80090957699991,-0.201596213999949],[-74.80951461099994,-0.192928929999937],[-74.83494331999992,-0.215376058999937],[-74.85433787599993,-0.243272719999936],[-74.8853762679999,-0.24556776299994],[-74.91237224999992,-0.212931581999953],[-74.91850458999994,-0.227621532999933],[-74.92829607399995,-0.228817235999941],[-74.94453972499991,-0.205117137999935],[-74.97482630799993,-0.18675387199994],[-74.97491145999993,-0.15740074699994],[-75.01798172499991,-0.147658304999936],[-75.05119426399995,-0.123413679999942],[-75.0690314819999,-0.094944531999943],[-75.14607409899992,-0.067955987999937],[-75.17023035499994,-0.044996426999944],[-75.20221602899994,-0.044852397999932],[-75.21362261199994,-0.056048379999936],[-75.22583781299994,-0.091071879999959],[-75.25139269099992,-0.116344039999944],[-75.27593019999995,-0.127389101999938],[-75.31751394199995,-0.108584022999935],[-75.33739805099992,-0.107825971999944],[-75.3586021559999,-0.092127768999944],[-75.3983322869999,-0.100929515999951],[-75.44442867899994,-0.080307439999956],[-75.45930255199994,-0.06035669299996],[-75.48049708099995,-0.051409712999941],[-75.5036875209999,-0.05150488299995],[-75.53004517399995,-0.026706634999925],[-75.57672766399992,-0.028156206999938],[-75.58758290599991,-0.011248946999956],[-75.5812663289999,0.013776016000065],[-75.60844378899992,0.011618263000059],[-75.6162880409999,0.02898857200006],[-75.6353432649999,0.046688562000043],[-75.64935485599995,0.02671769400007],[-75.67456291199994,0.038671028000067],[-75.6954967389999,0.03070477600005],[-75.75335842999993,0.033445932000063],[-75.77880206999993,0.040847530000065],[-75.78793443299992,0.054248723000057],[-75.80702903899993,0.046848087000058],[-75.81729844599994,0.060224665000078],[-75.82054552199992,0.079604587000063],[-75.84466128199995,0.10424333800006],[-75.85412656999995,0.131013106000069],[-75.8607765459999,0.133048238000072],[-75.87689805399992,0.11643321300005],[-75.88380396899993,0.120017922000045],[-75.88325045399995,0.139025636000042],[-75.90596096999991,0.13601047800006],[-75.90040416199992,0.161266152000053],[-75.92669820999993,0.178366886000049],[-75.93451250999993,0.196248481000055],[-75.95468432399991,0.200068585000054],[-75.96024986299994,0.211226801000066],[-75.9533829259999,0.220547022000062],[-75.96591666099994,0.236446790000059],[-76.0048082589999,0.247162323000055],[-76.00581954699993,0.256788679000067],[-75.98456756299993,0.258643134000067],[-75.99958054099994,0.265234630000066],[-76.0065454029999,0.278003904000059],[-76.00309578299994,0.289855359000057],[-76.01052712299992,0.298834714000066],[-76.04550793399994,0.303233116000058],[-76.05502926699995,0.328939988000059],[-76.0747100879999,0.335136207000062],[-76.0877718079999,0.330484850000062],[-76.09786552999992,0.314445653000064],[-76.1134673979999,0.31343965700006],[-76.12319077199993,0.321794572000044],[-76.12056338799994,0.340866876000064],[-76.13322489899991,0.370150821000038],[-76.15330196799994,0.379067373000055],[-76.15958179199993,0.388552597000057],[-76.17869141199992,0.370495002000041],[-76.20015174999992,0.372645515000045],[-76.2087076919999,0.385067167000045],[-76.22577824299992,0.372866371000043],[-76.23275378099993,0.400328759000047],[-76.25714111499991,0.399809707000088],[-76.26318004099994,0.406411267000067],[-76.26115428399993,0.425051102000054],[-76.27792546799992,0.435932634000039],[-76.29660734799995,0.42069022000004],[-76.31302251699992,0.433107024000094],[-76.3297268039999,0.414714131000039],[-76.33442019599994,0.386600348000059],[-76.34523256999995,0.379759653000065],[-76.35674333999992,0.379635756000084],[-76.36775606999993,0.393703150000078],[-76.39675092499994,0.381398654000066],[-76.4123527289999,0.381283096000061],[-76.41225972699993,0.241623753000056],[-76.42350623199991,0.234770282000056],[-76.42933115099993,0.240766523000048],[-76.42403748999993,0.251282831000083],[-76.43327153999991,0.25898367800005],[-76.44463584499994,0.255557253000063],[-76.44806226899993,0.239510168000038],[-76.48814158999994,0.241203055000085],[-76.50339901399991,0.236197958000048],[-76.53539164299991,0.258919447000039],[-76.56912924399995,0.243050806000042],[-76.58871696799991,0.219180053000059],[-76.62927261099992,0.26314080700007],[-76.65308733599994,0.251140022000072],[-76.65896936399992,0.272954920000075],[-76.67935658599993,0.269814032000056],[-76.7020851979999,0.278208770000049],[-76.71268569699993,0.268964564000044],[-76.73270885999995,0.288595117000057],[-76.76650910399991,0.263539393000087],[-76.76340390799993,0.257900070000062],[-76.75356552399995,0.259233686000073],[-76.75862119099992,0.24697834400007],[-76.76925738199992,0.244515602000092],[-76.78581842999995,0.262861247000046],[-76.79798937299995,0.264895686000045],[-76.84421040299992,0.239126123000062],[-76.8774395769999,0.251368450000086],[-76.9061001849999,0.245336516000066],[-76.93526047899991,0.26200464100009],[-76.92862178299993,0.27096331100006],[-76.93429679699994,0.276566942000045],[-76.94494488599992,0.269333381000081],[-76.98468188499993,0.26838159600004],[-77.00532803499993,0.295096454000088],[-77.02746459199994,0.27737595900004],[-77.04730579999995,0.289332965000085],[-77.07878877199994,0.286232866000091],[-77.08902045499991,0.301699363000068],[-77.08208432399994,0.316773247000071],[-77.09659903999994,0.326529038000047],[-77.1121377369999,0.366675677000046],[-77.11209272199994,0.383081828000059],[-77.10735820499991,0.377304008000067],[-77.10456996599993,0.382313078000038],[-77.0996829199999,0.379268588000059],[-77.09638828099992,0.39474728600004],[-77.08802355799992,0.394631366000056],[-77.09915211599991,0.410616462000064],[-77.0890790659999,0.424384400000065],[-77.09641268699994,0.431150612000067],[-77.10134244199992,0.42708112300005],[-77.10761896899993,0.442476887000055],[-77.10207153499994,0.470375440000055],[-77.11555698899991,0.483103503000052],[-77.12482330899991,0.505907595000053],[-77.12095680999994,0.511729962000061],[-77.13023084999992,0.524501762000057],[-77.13036537999994,0.555839628000058],[-77.11511631799993,0.561850575000051],[-77.12017604599993,0.572930209000049],[-77.11735945799995,0.591361340000049],[-77.12677199099994,0.601957482000046],[-77.13363391699994,0.596034615000065],[-77.13646938999995,0.603290302000062],[-77.1665012329999,0.610978558000056],[-77.18680573199993,0.630954062000058],[-77.13915418499994,0.821510242000045],[-77.10207218199992,0.833648759000084],[-77.11756066099991,0.857558243000085],[-77.1212090059999,0.893162329000063],[-77.10328967299995,0.910805981000067],[-77.0902197069999,0.915115539000055],[-77.07971519099993,0.940614639000046],[-77.07275,0.942312987000093],[-77.0787443719999,0.959816892000049],[-77.07377605499994,0.969696415000044],[-77.04779954399993,0.977532857000085],[-77.03885619499994,0.993044033000047],[-77.02806688899994,0.994931269000062],[-77.02670708399995,1.013359116000061],[-77.03889360099993,1.036684579000053],[-77.03679967599993,1.047059033000039],[-77.05812916499991,1.034295601000053],[-77.06675233199991,1.042233482000086],[-77.06812289899995,1.059708242000056],[-77.08447836399995,1.062053441000046],[-77.09318052799995,1.075493112000061],[-77.09650463499992,1.103632620000042],[-77.09161355799995,1.115961595000044],[-77.10145391399993,1.142332173000057],[-77.09730413499994,1.164261286000055],[-77.08645379299992,1.172903488000088],[-77.08843350199993,1.183373114000062],[-77.06920936299991,1.184811262000039],[-77.04002765299992,1.201657845000057],[-77.02095789799995,1.196220274000041],[-77.00349575999991,1.212719010000058],[-76.98110979199993,1.222788886000046],[-76.97128566099991,1.252135690000046],[-76.98345403799993,1.267969854000057],[-76.97941270799993,1.286688015000038],[-76.97189937499991,1.292925641000068],[-76.9609914959999,1.283096878000038],[-76.96225504799992,1.273498342000039],[-76.93606952899995,1.274616353000056],[-76.9299844169999,1.296737539000048],[-76.90415224599991,1.320942952000053],[-76.92092461899995,1.335883240000044],[-76.92125298399992,1.344834774000049],[-76.91260018999992,1.34323676200006],[-76.88680636399994,1.371843589000093],[-76.8614954489999,1.375086581000062],[-76.79033046099994,1.41234301500009],[-76.7798742789999,1.409869264000065],[-76.7510482049999,1.420119297000042],[-76.74085543099994,1.42972799000006],[-76.69722120599994,1.443986419000055],[-76.67050239799994,1.46731526800005]]]}},{"type":"Feature","properties":{"dpto":88,"dpto_nombre":"Archipiélago de San Andrés, Providencia y Santa Catalina"},"geometry":{"type":"MultiPolygon","coordinates":[[[[-81.6881209899999,12.55056925000008],[-81.68921773599993,12.550283886000045],[-81.6892250599999,12.551035624000065],[-81.6881209899999,12.55056925000008]]],[[[-81.68882919799995,12.553079221000075],[-81.68874382799993,12.55258924900005],[-81.68896239799994,12.553075420000084],[-81.68882919799995,12.553079221000075]]],[[[-81.70419639099993,12.59480800700004],[-81.6870606629999,12.580910840000058],[-81.70298421699994,12.575328939000087],[-81.70235307299993,12.567795514000068],[-81.7039830029999,12.569156565000071],[-81.70662182699994,12.569922751000092],[-81.70399753499993,12.570422566000047],[-81.70694217499994,12.57212357900005],[-81.70757035999992,12.572062259000063],[-81.70760313599993,12.569849615000066],[-81.70526520999994,12.567617514000062],[-81.70009002699993,12.56641185500007],[-81.7073933289999,12.563106081000058],[-81.70353411499991,12.54379219100008],[-81.73008136399994,12.480296348000081],[-81.73553315899994,12.490965246000087],[-81.72730715999995,12.52595282100009],[-81.73560965099995,12.530809580000039],[-81.73251850999992,12.55489102200005],[-81.72175646799991,12.579677583000091],[-81.70419639099993,12.59480800700004]]],[[[-81.68901017899992,12.599636715000088],[-81.69070590899992,12.599285387000066],[-81.68983719999994,12.601052896000056],[-81.68901017899992,12.599636715000088]]],[[[-81.36433788799991,13.385610348000057],[-81.35435285099993,13.377232494000054],[-81.35740316999994,13.359983769000053],[-81.34988267199992,13.36183754700005],[-81.34971748099991,13.356871195000053],[-81.35681900799995,13.353221894000058],[-81.3597169059999,13.334222302000057],[-81.3891666639999,13.320763537000062],[-81.3962498009999,13.339136870000061],[-81.39232064799995,13.35891964600006],[-81.38455087499995,13.37053676100004],[-81.37204314199994,13.371027693000087],[-81.36433788799991,13.385610348000057]]],[[[-81.37077482599994,13.394496329000049],[-81.36851015099995,13.385992006000038],[-81.37674355599995,13.381498330000056],[-81.3796913779999,13.391458200000045],[-81.37077482599994,13.394496329000049]]]]}},{"type":"Feature","properties":{"dpto":91,"dpto_nombre":"Amazonas"},"geometry":{"type":"Polygon","coordinates":[[[-71.14469343499991,0.055716394000058],[-71.14945226399993,0.038720884000043],[-71.13397983699991,0.004169837000063],[-71.12164909199993,0.005045791000043],[-71.1134285949999,0.023575602000051],[-71.1043321439999,0.026001320000091],[-71.09503354999993,-0.008160906999933],[-71.08135518199992,0.001541972000041],[-71.06457728399994,-0.010114960999942],[-71.03951150699993,-0.00452232799995],[-71.03587292599991,-0.01227115599994],[-71.05305511199992,-0.027701433999937],[-71.03108886699994,-0.04744409999995],[-71.01208739099991,-0.041514559999939],[-71.01835383499991,-0.025073569999961],[-71.01572597199993,-0.012473300999943],[-70.99173829299991,-0.001961843999936],[-70.9688960929999,-0.009306385999935],[-70.9728715789999,-0.026758097999959],[-70.96128202699992,-0.039830031999941],[-70.92725456099993,-0.051756490999935],[-70.92658074999991,-0.088883489999944],[-70.91714739299994,-0.098855893999939],[-70.89902187199993,-0.101618518999942],[-70.89214134999992,-0.116173705999927],[-70.9015734269999,-0.132506426999953],[-70.9144767379999,-0.122782873999938],[-70.93070008699993,-0.129012185999954],[-70.94450877399993,-0.141546656999935],[-70.9465460639999,-0.154081065999947],[-70.93492542999991,-0.172996532999946],[-70.91734367499993,-0.183783554999934],[-70.91507976799994,-0.201787464999938],[-70.88308550599993,-0.213941635999959],[-70.8725961749999,-0.261116221999941],[-70.8781797609999,-0.279955824999945],[-70.86791727199994,-0.290438912999946],[-70.86497402299995,-0.30965817799995],[-70.84271344699994,-0.327737510999953],[-70.82618707799992,-0.365719844999944],[-70.80973719099995,-0.36389619299996],[-70.8060402559999,-0.346196156999952],[-70.7621241459999,-0.331077734999951],[-70.7594835029999,-0.319075171999941],[-70.77857435599992,-0.317404522999936],[-70.78008365999995,-0.312314902999958],[-70.7669544769999,-0.296361846999957],[-70.7366963259999,-0.286713410999937],[-70.68983585299992,-0.331151116999933],[-70.67798822399993,-0.352116796999951],[-70.6656133379999,-0.349913302999937],[-70.65550279999991,-0.333580567999945],[-70.6303763009999,-0.31990594499996],[-70.60653087199995,-0.345276721999937],[-70.59007928799991,-0.384245125999939],[-70.57951492099994,-0.391992763999951],[-70.5689511459999,-0.389637261999951],[-70.56065235699992,-0.365860311999938],[-70.54729678899992,-0.363124871999958],[-70.53122400599995,-0.37467023499994],[-70.52873497199994,-0.357882328999949],[-70.51930303899991,-0.357653871999958],[-70.51168117499992,-0.371630487999937],[-70.47757335699993,-0.400493788999938],[-70.45259458699991,-0.439688103999913],[-70.44844277999994,-0.460273330999939],[-70.46478387999991,-0.48221895599994],[-70.4573535369999,-0.495480120999957],[-70.43686763699992,-0.477961768999933],[-70.39962306299992,-0.462851503999957],[-70.38767206499995,-0.468109125999945],[-70.37776695399992,-0.497901044999935],[-70.33461479499994,-0.499275617999956],[-70.32217263599995,-0.489812614999948],[-70.32124820999991,-0.469823274999953],[-70.35116228699991,-0.472538910999958],[-70.36498931699992,-0.464139407999937],[-70.36506578199993,-0.453960751999944],[-70.33398036299991,-0.43815798299994],[-70.30975953699993,-0.441497733999938],[-70.29701048499993,-0.416733749999935],[-70.2883338279999,-0.412934934999953],[-70.26811211299992,-0.418098074999932],[-70.24660537699992,-0.445440743999939],[-70.22299010499995,-0.435791407999943],[-70.20978540899995,-0.442094357999906],[-70.19959734699995,-0.460246910999956],[-70.20257212599995,-0.473843551999948],[-70.21018882499993,-0.477782364999939],[-70.23179213999992,-0.468079805999935],[-70.24451148499992,-0.46985140299995],[-70.26227161799994,-0.496483692999959],[-70.29375286099992,-0.514369847999944],[-70.32523368199992,-0.56134252399994],[-70.32425370899995,-0.580618410999932],[-70.30974686999991,-0.590287803999956],[-70.30123144399994,-0.583366140999942],[-70.29993715099994,-0.55928659999995],[-70.28223959499991,-0.558178063999947],[-70.25613432699993,-0.60285579799995],[-70.26040722699992,-0.616161108999961],[-70.25534090899993,-0.639504450999937],[-70.26079147299993,-0.653267978999907],[-70.25241539199993,-0.671843232999947],[-70.26190984899995,-0.711549517999913],[-70.24879939999994,-0.739398321999943],[-70.25607882799994,-0.746862205999946],[-70.2783188169999,-0.745133952999936],[-70.29023166699994,-0.752465437999945],[-70.29712697799994,-0.79131932599995],[-70.28990808999993,-0.80875167399995],[-70.25894088899992,-0.831818342999952],[-70.22125288899991,-0.886345634999941],[-70.22560003399991,-0.896021262999909],[-70.25094626999993,-0.910474500999953],[-70.26058557399995,-0.938044904999913],[-70.29588596799994,-0.936491687999933],[-70.30712294499995,-0.964603714999953],[-70.2839855599999,-0.999746440999957],[-70.25317850199991,-1.020778424999946],[-70.23206285399993,-1.014576162999958],[-70.21991951899992,-0.985347434999937],[-70.1974684679999,-0.985065028999941],[-70.2005749029999,-1.010481314999936],[-70.22446555599993,-1.032055204999949],[-70.22759869599992,-1.049673616999939],[-70.21675573399995,-1.065362577999906],[-70.17755044499995,-1.074900279999952],[-70.17787406299993,-1.10043404399994],[-70.16864775399995,-1.112915219999934],[-70.14983590899993,-1.117039304999935],[-70.12786900099991,-1.110726061999912],[-70.11364104299992,-1.07850439799995],[-70.07914162299994,-1.037877589999937],[-70.08094106599992,-1.020212730999958],[-70.08791006999991,-1.012354409999944],[-70.10655178299993,-1.011097328999938],[-70.12342838599994,-1.02127056899991],[-70.13560575899993,-1.014677455999959],[-70.13938987699993,-0.996558541999946],[-70.1222822169999,-0.972376120999911],[-70.10211208399994,-0.953718712999944],[-70.0789538219999,-0.946895964999953],[-70.06701894699995,-0.952577178999945],[-70.04726913699994,-0.977939235999941],[-70.03079641499994,-0.978745311999944],[-70.02260781399991,-0.970044282999936],[-70.02493929899993,-0.941706414999942],[-70.01659737499995,-0.936926515999914],[-70.00076385799991,-0.946001726999953],[-70.0080167559999,-0.964930379999942],[-69.99892187199993,-0.976041166999948],[-69.95819482599995,-0.967752770999937],[-69.94141270799992,-0.946588679999934],[-69.90198290099994,-0.971926907999944],[-69.9070408739999,-0.980409934999955],[-69.92155575399994,-0.973154592999947],[-69.95424336199994,-0.995602835999932],[-69.94144347499991,-1.034740365999937],[-69.96171546799991,-1.052225022999949],[-69.97151053599993,-1.072987726999941],[-69.9669866289999,-1.087229620999949],[-69.95505433399995,-1.096143637999944],[-69.93802792699995,-1.096566547999942],[-69.90884945199991,-1.080482248999942],[-69.87593008599993,-1.078306644999941],[-69.85341641899993,-1.03877892099996],[-69.83980949499994,-1.028470642999935],[-69.8175436169999,-1.032319066999946],[-69.78408763699991,-1.086514441999952],[-69.75709727799995,-1.098866880999935],[-69.73993376099992,-1.09515141299994],[-69.73447429499993,-1.082335867999916],[-69.7579502019999,-1.073101914999938],[-69.77281547799993,-1.037041643999942],[-69.74952003999994,-1.027621015999955],[-69.7377766809999,-1.042438973999936],[-69.7250935799999,-1.038324222999961],[-69.70471089199992,-1.047776509999949],[-69.64936216699994,-1.116803919999938],[-69.6523046499999,-1.133694926999908],[-69.66154712299993,-1.116477180999937],[-69.6769194439999,-1.116156546999946],[-69.68090618399992,-1.121334095999941],[-69.68031328699993,-1.201251629999945],[-69.66418780999993,-1.22630487899994],[-69.64939349999992,-1.226596308999945],[-69.6379855429999,-1.213910445999943],[-69.63454078199993,-1.168050423999944],[-69.61449466199991,-1.162706815999911],[-69.59253914499993,-1.145835753999961],[-69.57784512299992,-1.155323085999953],[-69.56472594699994,-1.193264966999948],[-69.53904901599992,-1.191925760999936],[-69.50556257999995,-1.217383922999943],[-69.47824616999992,-1.211474734999911],[-69.4660146189999,-1.194849459999944],[-69.46555185999995,-1.174572833999946],[-69.47195885199994,-1.161659308999958],[-69.48924788199992,-1.151109619999943],[-69.46229162399993,-1.141766878999931],[-69.45971907299992,-1.126427535999937],[-69.47071934799993,-1.093386995999936],[-69.45214878299993,-1.070840261999933],[-69.43297404499992,-1.069490934999919],[-69.39549619399992,-1.12200235399996],[-69.39613203999994,-1.136722299999917],[-69.41215515199991,-1.153294186999915],[-69.41547569399995,-1.185148813999945],[-69.42994986499991,-1.218428055999937],[-69.42826719399994,-1.24160504699995],[-69.40862394099992,-1.28106736399991],[-69.40779396899995,-1.327610299999947],[-69.39747692599991,-1.360901512999931],[-69.42334686099991,-1.379666278999935],[-69.43030678299993,-1.392158447999918],[-69.4356605719999,-1.411521310999944],[-69.4326689749999,-1.452762757999949],[-69.45623784899993,-1.48865187499996],[-69.45168061399994,-1.538911643999938],[-69.93040604799995,-4.204519383999923],[-69.93322224499991,-4.219701384999951],[-69.94983768299994,-4.229406465999944],[-69.95693447699995,-4.21074615699996],[-69.98284524199994,-4.190115176999939],[-70.0168585479999,-4.143381770999952],[-70.04514252599995,-4.118415378999941],[-70.0649341269999,-4.080909565999946],[-70.08900768699993,-4.065051405999952],[-70.13359255299991,-4.063474803999952],[-70.16744818899991,-4.051505458999941],[-70.17658382999991,-4.035124307999922],[-70.17280356499992,-3.971489844999951],[-70.18321948699992,-3.928627365999944],[-70.22009554499994,-3.916010403999906],[-70.24808859399991,-3.895076908999954],[-70.2721866739999,-3.835589023999944],[-70.28810165099992,-3.82059425999995],[-70.35444766799992,-3.800233766999952],[-70.37965070299992,-3.823837803999936],[-70.4164751429999,-3.827497665999942],[-70.44844789699994,-3.859026959999937],[-70.46986939899995,-3.870682774999921],[-70.52003428599994,-3.880354705999935],[-70.5373025209999,-3.870962241999962],[-70.55776056299993,-3.830989991999957],[-70.57321702999991,-3.818632325999943],[-70.59029285299994,-3.818806455999948],[-70.6207573829999,-3.839892394999936],[-70.6280006259999,-3.832425865999937],[-70.65302348499995,-3.829780041999925],[-70.68549697199995,-3.793970102999936],[-70.71324730499992,-3.795462915999906],[-70.21161665099993,-3.000032491999946],[-70.07352527299992,-2.79090369499994],[-70.0603621269999,-2.759725455999956],[-70.06899638999994,-2.751775821999956],[-70.07406823299993,-2.732428770999945],[-70.0709106999999,-2.682512067999937],[-70.07660967499993,-2.662955129999943],[-70.10155965399991,-2.662286588999962],[-70.11467114099992,-2.700446553999939],[-70.14585423299991,-2.71744627399994],[-70.16237942599992,-2.713557482999931],[-70.16880450899993,-2.694628335999937],[-70.1583358929999,-2.663941319999935],[-70.16543734499993,-2.642969567999955],[-70.17828190599994,-2.633245582999962],[-70.18690112399992,-2.657806250999954],[-70.19486614399995,-2.66343904699994],[-70.21944251399992,-2.656293638999955],[-70.23017816299995,-2.627446560999942],[-70.23036360299994,-2.590735649999942],[-70.24457042299991,-2.558248563999939],[-70.26390815999991,-2.555156623999949],[-70.30586572699991,-2.578415884999913],[-70.32580165999991,-2.582632466999939],[-70.35838565799992,-2.567092099999911],[-70.35972137199991,-2.54514224199994],[-70.34738114299995,-2.536471656999936],[-70.30511337899992,-2.527986970999962],[-70.29841524299991,-2.517178010999942],[-70.30215993399992,-2.504663320999953],[-70.32088774999994,-2.511180748999948],[-70.33960622399991,-2.498546511999962],[-70.36663901899993,-2.494770882999944],[-70.40791281599991,-2.529182036999941],[-70.43321919199991,-2.529289430999938],[-70.45041725899995,-2.510946927999953],[-70.45668486799991,-2.477253600999916],[-70.47012363699992,-2.456183641999928],[-70.49263800499995,-2.47609760499995],[-70.5129561359999,-2.477127331999952],[-70.52703721899991,-2.465549655999951],[-70.54489188199994,-2.431892800999947],[-70.56517178099995,-2.419795431999944],[-70.5853622969999,-2.428453062999949],[-70.54587090199993,-2.450278511999954],[-70.54636390699994,-2.464461169999936],[-70.55904267499994,-2.478772299999946],[-70.57219984999995,-2.486638460999927],[-70.59650226899993,-2.488055967999912],[-70.62820279199991,-2.480078874999947],[-70.6399620169999,-2.469718703999945],[-70.64503089599992,-2.454064038999945],[-70.62827373199991,-2.398951102999945],[-70.6440530079999,-2.414068671999928],[-70.6734252139999,-2.413361707999911],[-70.68302803299991,-2.404154236999943],[-70.66370836199991,-2.35970333399996],[-70.68841822099995,-2.343775096999934],[-70.75230374499995,-2.331301476999954],[-70.77066008999992,-2.299056343999951],[-70.79140131899993,-2.295033040999954],[-70.81479577599993,-2.299093765999942],[-70.83879805899994,-2.29237878899994],[-70.8574915239999,-2.23889388799995],[-70.8794642709999,-2.223285668999949],[-70.90059794599995,-2.22923678099994],[-70.91728028099993,-2.25143567899994],[-70.9371185679999,-2.257095639999932],[-70.96454097199995,-2.240646454999933],[-70.98149392399995,-2.214004794999937],[-71.00248285399994,-2.211711960999935],[-71.01415110699992,-2.226458094999941],[-70.98698058199994,-2.291380886999946],[-70.99427376999995,-2.308712855999943],[-71.01118526499994,-2.305916300999911],[-71.03662359499992,-2.27613662899995],[-71.06303001299995,-2.272720799999945],[-71.09408762899994,-2.284710453999935],[-71.12563375799994,-2.285980026999937],[-71.1407351659999,-2.303107538999939],[-71.13040306699992,-2.317548460999944],[-71.12745254999993,-2.338488593999955],[-71.13811341399992,-2.346148067999934],[-71.15079493099995,-2.337718278999944],[-71.16610030999993,-2.343341596999949],[-71.17219957499992,-2.381131600999936],[-71.19623770999993,-2.381870321999941],[-71.21430556099995,-2.36734129499996],[-71.21702876799992,-2.353551427999946],[-71.22798154899994,-2.348327013999949],[-71.25310163299991,-2.356101087999946],[-71.27117891699993,-2.385830805999944],[-71.28440976299993,-2.388715644999934],[-71.29330204199994,-2.378094029999943],[-71.27690890199995,-2.351974127999938],[-71.29662814399995,-2.347379235999938],[-71.30534357199991,-2.352746501999945],[-71.31844614699992,-2.381433220999952],[-71.36832520199994,-2.391603072999942],[-71.37888754799991,-2.404909116999931],[-71.39513443299995,-2.411403290999942],[-71.40971446799995,-2.390591388999951],[-71.3993973979999,-2.358045779999941],[-71.41306372799994,-2.337082908999946],[-71.43080908399992,-2.325242602999936],[-71.4435509139999,-2.293707809999944],[-71.45659102099995,-2.27850723499995],[-71.46965792399993,-2.274537381999949],[-71.48291556899994,-2.288896179999938],[-71.48775205399994,-2.305253209999933],[-71.47789413999993,-2.329576335999946],[-71.47827968799993,-2.345976130999929],[-71.48404004499992,-2.354265489999932],[-71.49940848499995,-2.355533578999939],[-71.52575573099995,-2.320667930999946],[-71.51842795399995,-2.252404340999931],[-71.57038129099993,-2.250305759999947],[-71.60634905299992,-2.23793195099995],[-71.6295437249999,-2.210375745999954],[-71.65046763499993,-2.203131918999929],[-71.67364525599993,-2.209035664999931],[-71.70596943399994,-2.232305391999944],[-71.72922364499993,-2.22765968899995],[-71.7331429589999,-2.196998005999944],[-71.71964908599995,-2.160227329999941],[-71.7415485219999,-2.146347470999956],[-71.74769748999995,-2.149681271999953],[-71.74314351699991,-2.163129373999936],[-71.7484783239999,-2.174280961999955],[-71.7632320109999,-2.174561819999951],[-71.78907130499994,-2.187895087999948],[-71.79728571499993,-2.207031883999946],[-71.83288228499993,-2.195961135999937],[-71.86363550099992,-2.284799172999953],[-71.88116433599993,-2.312386568999955],[-71.92612558199994,-2.315434749999952],[-71.93271563199994,-2.330103655999949],[-71.91591758499993,-2.366164427999934],[-71.91972117799992,-2.380560381999942],[-71.93370826099994,-2.382186175999948],[-71.95688320499994,-2.367145191999953],[-71.95916102799993,-2.35919518299994],[-71.98786696199994,-2.373476659999938],[-72.01423020899995,-2.369292615999939],[-72.02811298699993,-2.346534549999944],[-72.04881610699994,-2.338813383999934],[-72.09631975799994,-2.390641345999938],[-72.12850196799991,-2.414079037999954],[-72.13622443199995,-2.457506070999955],[-72.15656318299995,-2.481128576999936],[-72.16980515999995,-2.477321582999934],[-72.16936475199992,-2.454069038999933],[-72.18728512099995,-2.435526417999938],[-72.20546550999995,-2.448375338999938],[-72.22188379099993,-2.449684042999934],[-72.25132962099991,-2.431778596999948],[-72.26120438399994,-2.436418547999949],[-72.25275729799995,-2.448732258999939],[-72.25519624499992,-2.459023424999941],[-72.28392823699994,-2.454264502999933],[-72.2855938589999,-2.467886919999955],[-72.29588502799993,-2.477345275999937],[-72.31299335299991,-2.475870009999937],[-72.37345545699992,-2.492502441999932],[-72.3826811539999,-2.476802303999932],[-72.39836841399995,-2.470373456999937],[-72.40636340299994,-2.446959558999936],[-72.40013569399991,-2.437819606999938],[-72.40864768499995,-2.415978977999941],[-72.41657129099991,-2.432254489999934],[-72.43298957099995,-2.442034073999935],[-72.47668638999994,-2.420642719999933],[-72.49810153899995,-2.418025311999941],[-72.51832695799993,-2.42711485399991],[-72.5432161199999,-2.405128633999936],[-72.56791492499991,-2.405128633999936],[-72.59705803299994,-2.368011432999936],[-72.63114381199995,-2.359683318999942],[-72.63923397899993,-2.363193023999941],[-72.6350937169999,-2.389973857999962],[-72.65656835199991,-2.410318249999932],[-72.66225526399995,-2.441239343999939],[-72.68236170999995,-2.453374596999936],[-72.69344999799995,-2.450650111999948],[-72.69284899399992,-2.431189682999957],[-72.7049606409999,-2.415148552999938],[-72.69913096099992,-2.404500466999934],[-72.70240271999995,-2.398313868999935],[-72.72887422399992,-2.399146680999934],[-72.7299449809999,-2.421097206999946],[-72.75118167099993,-2.429365834999942],[-72.75772518799994,-2.423179236999943],[-72.76111591999995,-2.400990761999935],[-72.77491679399992,-2.394149812999956],[-72.78497001699992,-2.395874921999962],[-72.7930006979999,-2.407772226999953],[-72.83126044799991,-2.431150430999935],[-72.8693913109999,-2.442631328999937],[-72.87777891099995,-2.439062136999951],[-72.91043225399994,-2.445179730999939],[-72.93328989799994,-2.457807650999939],[-72.93928519099995,-2.448521372999949],[-72.93222811699991,-2.431462139999951],[-72.9340306229999,-2.416421215999947],[-72.9523458239999,-2.403209810999954],[-72.9585140229999,-2.376494211999955],[-72.97593167699995,-2.34468557699995],[-72.98158527599992,-2.343771863999962],[-72.9911221559999,-2.359876055999962],[-73.0015156419999,-2.363016942999934],[-73.0172200849999,-2.348797283999943],[-73.02013254499991,-2.332236235999915],[-73.03937762499993,-2.327781883999933],[-73.04036193799993,-2.354712032999942],[-73.05704274399994,-2.366000788999941],[-73.06798826499994,-2.361479811999914],[-73.07321712999993,-2.341468543999952],[-73.09757091299991,-2.326822961999937],[-73.1225552539999,-2.327417828999955],[-73.12725468999992,-2.320041499999945],[-73.12535112099994,-2.296544320999942],[-73.15849239699992,-2.256547606999959],[-73.17275446399992,-2.220625917999939],[-73.17156785199995,-2.186047228999939],[-73.1340984119999,-2.181479141999944],[-73.11678930499994,-2.128263736999941],[-73.07719003099993,-2.10580002599994],[-73.06889693699992,-2.088288374999934],[-73.10548811299992,-2.083445637999944],[-73.11425816699995,-2.074250994999943],[-73.09337742999992,-2.04043179599995],[-73.09839318299993,-2.027288778999946],[-73.12147766599992,-2.015819706999935],[-73.1301616259999,-1.992700683999942],[-73.11788918399992,-1.972607067999945],[-73.11456740299991,-1.93106906099996],[-73.12037284599995,-1.910617230999947],[-73.1087590759999,-1.883766041999934],[-73.1120040159999,-1.874128255999949],[-73.13945966599994,-1.872644718999936],[-73.15460748899994,-1.860078787999953],[-73.14684376299994,-1.805107129999953],[-73.17114086499993,-1.803047219999939],[-73.18515408999991,-1.808321578999937],[-73.20890041599995,-1.75874988399994],[-73.21992019299995,-1.749912986999959],[-73.22735833399992,-1.755827332999957],[-73.22566508099993,-1.789732885999911],[-73.23124484999994,-1.802200943999935],[-73.25371694299992,-1.808549787999937],[-73.25934183399994,-1.797954994999941],[-73.24929369299991,-1.78742036999995],[-73.24993601499995,-1.794168451999951],[-73.2447363149999,-1.791470774999937],[-73.24512706399992,-1.783783425999957],[-73.28512822599993,-1.780671616999939],[-73.30567833799995,-1.800203350999936],[-73.29781921099993,-1.824755745999937],[-73.31489914899993,-1.828782848999936],[-73.32588070299994,-1.822831106999956],[-73.33493267599994,-1.804036676999942],[-73.3557621729999,-1.799229738999941],[-73.38019649199993,-1.78120912299994],[-73.43093795699991,-1.790459451999936],[-73.4382859239999,-1.785655754999937],[-73.4406596149999,-1.783028677999937],[-73.43409752899993,-1.786834919999933],[-73.4377368019999,-1.763555160999942],[-73.45176266599992,-1.748885421999944],[-73.47693279499993,-1.736546243999953],[-73.50621655299994,-1.731599912999911],[-73.53414125799992,-1.707922675999953],[-73.54040689499993,-1.686824772999955],[-73.51858557299994,-1.663755690999949],[-73.51646500099991,-1.637397973999953],[-73.49999228799993,-1.614620424999941],[-73.46462324399994,-1.58961131999996],[-73.45773852799994,-1.57108597499996],[-73.46714423999993,-1.569323605999955],[-73.47948334599994,-1.579303401999937],[-73.49985232999995,-1.562532018999946],[-73.49913207899993,-1.553329689999941],[-73.48329404399993,-1.540645132999941],[-73.47897329099993,-1.529241881999951],[-73.49637649699991,-1.51401169199994],[-73.48806602099995,-1.496073771999932],[-73.49004564699993,-1.485592785999927],[-73.53122136499991,-1.47847205599993],[-73.5319089269999,-1.445989165999947],[-73.53863251099995,-1.432980788999942],[-73.57304424599994,-1.43154052899996],[-73.58727892499991,-1.424032318999934],[-73.58760034199992,-1.416780819999929],[-73.57995017199994,-1.412118655999961],[-73.55925631199995,-1.41752540899995],[-73.55221275699995,-1.404853682999942],[-73.56028755099993,-1.382857607999938],[-73.57571698699991,-1.382654300999945],[-73.58258112599992,-1.376489317999926],[-73.58205087399995,-1.341858263999939],[-73.57025870699994,-1.331949882999936],[-73.57104466099992,-1.321614414999942],[-73.59457360899995,-1.330860772999927],[-73.61313914899995,-1.319699249999928],[-73.6210336609999,-1.291068639999935],[-73.62035892699993,-1.264716768999961],[-73.63129382299991,-1.272038871999939],[-73.64582921999994,-1.270150084999955],[-73.6683853049999,-1.245976364999933],[-73.68165622499993,-1.241403402999936],[-73.69776368299995,-1.253646182999944],[-73.73294427799993,-1.250835155999937],[-73.74396520599993,-1.233029225999928],[-73.74477880099994,-1.200897648999955],[-73.75095558999993,-1.206417256999941],[-73.75080071999992,-1.23796854099993],[-73.7605410139999,-1.257949328999928],[-73.7692783949999,-1.262746322999931],[-73.78490465399994,-1.25865676199993],[-73.78224169899994,-1.247098987999948],[-73.78818083399995,-1.241388281999946],[-73.79788903399992,-1.25155333899994],[-73.81250076899994,-1.250050638999937],[-73.8640142559999,-1.229386280999961],[-73.8717808159999,-1.202431745999945],[-73.89761297099994,-1.167713951999929],[-73.9065716799999,-1.126589951999961],[-73.92326798399995,-1.123163820999935],[-73.94242337999992,-1.134573674999956],[-73.96846857699995,-1.12724329699995],[-73.96857961699993,-1.116163185999937],[-73.95237340799991,-1.096807339999941],[-73.96210340199991,-1.084947753999927],[-73.97236590799992,-1.090579213999945],[-73.98232484699992,-1.109939424999936],[-74.01196570299993,-1.097930091999956],[-74.0281533719999,-1.059942593999949],[-74.01519513799991,-1.018074300999956],[-74.0241670819999,-1.006385017999946],[-74.03438333199995,-1.013535778999938],[-74.03587679899994,-1.035501678999935],[-74.04965507799994,-1.052945947999945],[-74.08651618999994,-1.054374419999931],[-74.16776451099992,-1.00873639799994],[-74.22132869899991,-1.011503613999935],[-74.27429714399995,-0.979859782999938],[-74.27680795799995,-0.959697569999946],[-74.26318063199994,-0.944644464999953],[-74.27297751499992,-0.930338081999935],[-74.27564750499994,-0.909612782999943],[-74.29986993099993,-0.895261909999931],[-74.31448933899992,-0.896746694999933],[-74.3220274709999,-0.881156465999936],[-74.31791576299992,-0.871391157999938],[-74.30299499099993,-0.863087350999933],[-74.2714006249999,-0.879123800999935],[-74.27333620399992,-0.853695221999942],[-74.25539135499992,-0.820126258999949],[-74.27526461299993,-0.830462635999936],[-74.29056930599995,-0.822010791999958],[-74.29376730199994,-0.809846986999958],[-74.28662891899995,-0.793228828999929],[-74.29182566199995,-0.78049395499994],[-74.30088188999991,-0.794370972999957],[-74.31772847399992,-0.796198398999934],[-74.32104068399991,-0.779922884999962],[-74.31424494299995,-0.768101721999926],[-74.32767325999993,-0.757236536999926],[-74.3387958589999,-0.762083926999935],[-74.3544551729999,-0.755407],[-74.37411260199991,-0.737530041999946],[-74.3817294079999,-0.720452088999934],[-74.37189961999991,-0.70838200299994],[-74.35052568099991,-0.703746738999939],[-74.3418529409999,-0.69387185599993],[-74.34878422499992,-0.675057442999957],[-74.37551841999993,-0.654909812999961],[-74.37828290499993,-0.639474725999946],[-74.3636044779999,-0.621290416999955],[-74.39524610699993,-0.587625924999941],[-74.3891327369999,-0.553683589999935],[-73.84131793299991,-0.397977578999928],[-73.81585025399994,-0.411668724999913],[-73.76342712499991,-0.407461033999937],[-73.72905300999992,-0.380462743999942],[-73.7089915009999,-0.385353503999909],[-73.69285311399994,-0.412055430999942],[-73.68024795399992,-0.420187295999938],[-73.63998206699995,-0.418064801999947],[-73.6359411759999,-0.430967258999942],[-73.65268951899992,-0.451441633999934],[-73.65088701299993,-0.457422589999908],[-73.60869318899995,-0.439224114999945],[-73.59800144999991,-0.438999625999941],[-73.58505677099993,-0.448768131999941],[-73.57884813699991,-0.459026927999957],[-73.57937485499991,-0.479840964999937],[-73.56933788899994,-0.494577117999938],[-73.56835520399994,-0.516834313999937],[-73.54979280299995,-0.514098109999907],[-73.5331943079999,-0.487737567999943],[-73.5223261669999,-0.515235206999932],[-73.51047856499991,-0.524273713999946],[-73.48874653899992,-0.528145765999909],[-73.43034484399993,-0.51089666699994],[-73.37850401199995,-0.536262060999945],[-73.35768074999993,-0.515218622999953],[-73.33187629299994,-0.506100451999941],[-73.31549975399992,-0.53093733299994],[-73.26501776799995,-0.555769347999956],[-73.2560354229999,-0.579543107999939],[-73.23935906199995,-0.58690858999995],[-73.20298421099994,-0.626476802999946],[-73.16586210399993,-0.621685171999957],[-73.12142387499995,-0.604131504999941],[-73.09924016799994,-0.609976081999946],[-73.08490213099992,-0.62280981899994],[-73.0747920149999,-0.621288799999945],[-73.05330213899992,-0.546697719999941],[-73.04417480699993,-0.534847339999942],[-73.01565665599992,-0.526867363999941],[-72.98947458399994,-0.536812612999938],[-72.95891432899992,-0.559440697999946],[-72.93717638399994,-0.605842654999947],[-72.91727826999994,-0.615509517999953],[-72.87221483999991,-0.61676523999995],[-72.83245959999994,-0.598452520999956],[-72.81586180599993,-0.599208180999938],[-72.80145663799993,-0.579382579999958],[-72.77656100699994,-0.577706061999947],[-72.76306077399994,-0.560615046999942],[-72.74972881199994,-0.554995625999936],[-72.74061905699995,-0.580109003999951],[-72.71435669899995,-0.588890481999954],[-72.69454867499991,-0.610646313999951],[-72.67764881399995,-0.615957963999961],[-72.67381418499991,-0.635177885999951],[-72.60045455999995,-0.688004906999936],[-72.56280569099994,-0.705686957999944],[-72.55426081699994,-0.703888258999939],[-72.53544438799992,-0.672519673999943],[-72.51388719499994,-0.656943274999946],[-72.46936330299991,-0.601770121999948],[-72.42496999899993,-0.562289795999959],[-72.40777234599994,-0.567970407999951],[-72.40379765099993,-0.58283530999995],[-72.40889031699993,-0.597787701999948],[-72.39471793799993,-0.613849257999959],[-72.37100738299995,-0.623239553999952],[-72.35319800399992,-0.638498983999909],[-72.30897627799993,-0.651964720999956],[-72.24282988999994,-0.605261492999944],[-72.24661468199992,-0.585386352999933],[-72.23061064299992,-0.492975929999943],[-72.2011838599999,-0.479553186999908],[-72.17278959499993,-0.443931292999935],[-72.16298066799993,-0.411406950999947],[-72.14802968499993,-0.395394510999949],[-72.15885899499995,-0.38239933899996],[-72.15344433999991,-0.35532606299995],[-72.14229929999993,-0.35526737899994],[-72.14360384199995,-0.347253764999948],[-72.1262720709999,-0.337190156999952],[-72.09365852399992,-0.32917654299996],[-72.08284946299995,-0.338308336999944],[-72.07259949099995,-0.325822005999953],[-72.06272224499992,-0.324703826999951],[-72.05675862499993,-0.309422050999956],[-72.0614177029999,-0.296190268999908],[-72.03625868099994,-0.267117621999944],[-72.01650418999992,-0.264322174999961],[-71.9831451899999,-0.279417588999934],[-71.9749452129999,-0.270658518999937],[-71.92779534199991,-0.265253990999952],[-71.90998811299994,-0.273316646999945],[-71.8737933999999,-0.26961622999994],[-71.83086781399993,-0.276304416999949],[-71.81662655499991,-0.272397069999954],[-71.81139898399994,-0.263679931999945],[-71.78965545199992,-0.270474788999934],[-71.77319680499994,-0.263528935999943],[-71.77032786699993,-0.255828102999942],[-71.74299745499991,-0.252355177999959],[-71.72919023599991,-0.231325144999914],[-71.71132606999993,-0.234377881999933],[-71.71449187199994,-0.203624380999941],[-71.73645800999992,-0.154534415999933],[-71.72719558999995,-0.123894897999946],[-71.70092863699995,-0.097458479999943],[-71.70482631399994,-0.067293848999952],[-71.67178079199994,-0.059837425999945],[-71.64754740899991,-0.038484933999939],[-71.62602545399994,-0.034587256999941],[-71.59348832499995,-0.014421016999961],[-71.57823654499992,-0.00103334299996],[-71.58213422199992,0.009303973000044],[-71.57721975999993,0.015743614000087],[-71.54671620099992,0.021335934000092],[-71.48570908399995,-0.008659232999946],[-71.45375190199991,-0.012226562999956],[-71.44837899799995,0.003348824000057],[-71.40045074499994,0.005609208000067],[-71.38579654999995,0.014595272000065],[-71.38593479699995,0.025931534000051],[-71.37058936699992,0.031184926000094],[-71.32787100599995,0.018742685000063],[-71.28568810599995,0.03787420000009],[-71.27136166899993,0.035168254000041],[-71.25567948999992,0.058640276000062],[-71.23491675499992,0.066396300000065],[-71.22575292199991,0.054200320000064],[-71.19799190099991,0.078659664000043],[-71.1871435409999,0.081152767000049],[-71.19253402999993,0.092607557000065],[-71.18801949499993,0.097256856000058],[-71.1690180189999,0.088362545000052],[-71.14469343499991,0.055716394000058]]]}},{"type":"Feature","properties":{"dpto":94,"dpto_nombre":"Guainía"},"geometry":{"type":"Polygon","coordinates":[[[-67.69238842099992,3.936180024000066],[-67.65015776299992,3.868934722000063],[-67.64501807199991,3.81514044100004],[-67.63442656199993,3.785550010000065],[-67.6227176779999,3.77794861700005],[-67.61250545099995,3.755614175000062],[-67.59434099499992,3.751319551000051],[-67.54457772599994,3.755416265000065],[-67.5191317849999,3.775236290000066],[-67.50128593499994,3.767448795000064],[-67.48661134899993,3.742683570000054],[-67.47921267999993,3.70475213800006],[-67.4659578319999,3.684748379000041],[-67.44795671599991,3.676483996000059],[-67.45302620599995,3.655064826000057],[-67.43887438799993,3.643242546000067],[-67.44884098199992,3.611484167000071],[-67.4440718429999,3.585236201000043],[-67.43319788999992,3.577910251000048],[-67.4306726449999,3.562245206000057],[-67.41204402999995,3.538876882000068],[-67.40146813699994,3.479996636000067],[-67.3945629939999,3.471581263000076],[-67.36977351299993,3.466960985000071],[-67.33915038499993,3.451022203000093],[-67.3107846339999,3.37789336600008],[-67.32504354199995,3.363949798000078],[-67.33639929399993,3.331736310000053],[-67.38160288699993,3.292583516000093],[-67.3811784639999,3.248417414000073],[-67.4348526899999,3.248472015000061],[-67.8628294419999,2.864865688000066],[-67.86411073599993,2.789472143000069],[-67.8379501149999,2.793300197000065],[-67.8265776149999,2.82198205800006],[-67.81538057299991,2.831264573000055],[-67.78255576399994,2.826677630000063],[-67.75042264899992,2.837543751000055],[-67.73606580099994,2.835631670000055],[-67.73556534099993,2.816934397000068],[-67.65834797499991,2.796558368000092],[-67.63791449099995,2.810287293000044],[-67.61438640099993,2.811549974000059],[-67.58524446099995,2.777133289000062],[-67.5843096019999,2.743936577000056],[-67.56382680999991,2.72605784700005],[-67.56922321399992,2.676138567000066],[-67.56189608799991,2.655785284000046],[-67.5543085029999,2.653619850000041],[-67.5389354539999,2.668303407000053],[-67.52318694599995,2.673383838000063],[-67.48522486099995,2.665804482000055],[-67.46762760999991,2.619430034000061],[-67.45093374099991,2.61935810500006],[-67.41465625799992,2.583311902000048],[-67.39208768599991,2.573603998000067],[-67.3832513449999,2.543965126000046],[-67.33944768599991,2.518694621000066],[-67.33446572899993,2.495735142000058],[-67.30308693199993,2.461219267000047],[-67.29709180899994,2.441947600000049],[-67.27655146099994,2.429662357000041],[-67.26055643899991,2.429143941000063],[-67.22175724099992,2.398596457000053],[-67.18790226999994,2.350310217000072],[-67.18613840099994,2.340516299000058],[-67.19683323999993,2.322718021000071],[-67.2173908069999,2.302699958000062],[-67.21399037799995,2.280695741000045],[-67.22197112799995,2.254247056000054],[-67.20251968399992,2.223267110000052],[-67.19072618699994,2.177539029000059],[-67.16157905699993,2.132835812000053],[-67.14760351299992,2.125615196000069],[-67.1217266619999,2.136990542000092],[-67.10802184999994,2.119304337000074],[-67.09704016099994,2.052411522000057],[-67.11454881999992,2.021494780000069],[-67.12299578599993,1.976885881000044],[-67.11386694799995,1.974938360000067],[-67.1035677509999,1.958302355000058],[-67.07155450099992,1.933960083000045],[-67.0468671619999,1.859708683000065],[-67.03539360099995,1.845482650000065],[-67.03765217199992,1.808987946000059],[-67.03242571099992,1.784693742000059],[-67.0144825129999,1.758792663000065],[-67.01296183499994,1.740899382000066],[-66.98959407799993,1.690636429000051],[-66.97055692899994,1.680505978000042],[-66.96243308099992,1.668587476000084],[-66.9586669599999,1.622835825000038],[-66.9628733749999,1.589635181000062],[-66.94229199299991,1.575213185000052],[-66.92080923099991,1.53104582800006],[-66.90818998399993,1.481920898000055],[-66.91119458199995,1.423481757000047],[-66.90157990799992,1.409059769000066],[-66.8748391339999,1.398093044000063],[-66.85200431899995,1.356179117000067],[-66.8484558749999,1.318648888000041],[-66.8732569309999,1.305077573000062],[-66.8812120799999,1.286597314000062],[-66.87592526799995,1.263489724000067],[-66.85580432799992,1.243396732000065],[-66.85055274099994,1.223597108000092],[-66.85688694399994,1.22795444400009],[-67.089195,1.165633333000073],[-67.09299007899995,1.170863703000066],[-67.08294092499995,1.179742628000042],[-67.09065630799995,1.18601568400004],[-67.08211561199994,1.200703425000086],[-67.09133979899991,1.213859064000076],[-67.09072891699992,1.227278255000044],[-67.1006035339999,1.235039541000049],[-67.10061086699994,1.259699642000044],[-67.12665434099995,1.270586398000091],[-67.12545643999994,1.28439211500006],[-67.1438344629999,1.300335432000054],[-67.14501114199993,1.313801582000053],[-67.15614968599994,1.317168097000092],[-67.15140938199994,1.345551768000064],[-67.14006692499993,1.342483219000087],[-67.13190677799992,1.349714937000044],[-67.12819737099994,1.339659980000079],[-67.11206004899992,1.334993108000049],[-67.09240189399992,1.347200714000053],[-67.0923940859999,1.359424121000075],[-67.07485318999994,1.370072376000053],[-67.08450126799994,1.374972014000093],[-67.07864429599994,1.394372177000093],[-67.08365649699994,1.401059917000055],[-67.07988384099991,1.409017608000056],[-67.08705784199992,1.414503172000082],[-67.0786391279999,1.424336074000053],[-67.08686958899995,1.426158084000065],[-67.07667893799993,1.456482425000047],[-67.07901463799993,1.473357991000057],[-67.08955071799994,1.476213039000072],[-67.10306197299991,1.519541495000055],[-67.09543429399992,1.541128607000076],[-67.10636720699995,1.571113575000084],[-67.10083705499994,1.581731740000066],[-67.1149944629999,1.585325168000054],[-67.11321600199994,1.594253128000048],[-67.13686697799994,1.608369644000049],[-67.14314347599992,1.604233157000067],[-67.14067871799995,1.629093185000045],[-67.13382221099994,1.631867411000087],[-67.13221770599995,1.644127792000063],[-67.13727893499993,1.680885450000062],[-67.12892033799994,1.687946852000039],[-67.13988828499993,1.698018678000039],[-67.14903093499993,1.731527749000065],[-67.13916250999995,1.731129220000071],[-67.14573389199995,1.756862520000084],[-67.1275575489999,1.77677798600007],[-67.1358425759999,1.78368682100006],[-67.1365642209999,1.798885491000078],[-67.15663039799995,1.795873042000039],[-67.16314655299993,1.80133881800009],[-67.15995286499992,1.813352870000074],[-67.15283258999995,1.808286960000089],[-67.15657533299992,1.827826107000078],[-67.16936377099995,1.829416225000045],[-67.17430813599992,1.84465382400009],[-67.18190292699995,1.842920750000076],[-67.2085023489999,1.858331643000042],[-67.20881698699992,1.885587391000058],[-67.21567163599991,1.892257419000089],[-67.21282529699994,1.900511651000045],[-67.22022634799993,1.917907687000081],[-67.2383110849999,1.910658400000045],[-67.24159171499991,1.916684503000056],[-67.26317839299992,1.912896455000066],[-67.27547160599994,1.923407032000057],[-67.28366208999995,1.905631603000074],[-67.3031146749999,1.900630401000058],[-67.32659018999993,1.945443091000072],[-67.32366041599994,1.952497817000051],[-67.3340268149999,1.979047765000075],[-67.34727758399993,1.984991772000058],[-67.34756036099992,2.012466341000049],[-67.34148266499994,2.026671423000039],[-67.35421909699994,2.029053139000041],[-67.35835917199995,2.041567490000091],[-67.35005628399995,2.075965780000047],[-67.34167396999993,2.084920298000043],[-67.35378858199994,2.086925204000067],[-67.35850957899993,2.09447272500006],[-67.35845863199995,2.115757244000065],[-67.3479764249999,2.116253492000055],[-67.3483249439999,2.129056730000059],[-67.33822850999991,2.134525038000049],[-67.32725679899994,2.154866180000056],[-67.33432498999991,2.168235507000077],[-67.3508641809999,2.175154595000038],[-67.3616561199999,2.170969912000089],[-67.3588660179999,2.18263089800007],[-67.37146331499991,2.193266075000054],[-67.36481517199991,2.207706725000094],[-67.36856747899992,2.216170815000055],[-67.3945699109999,2.232695420000084],[-67.4089052729999,2.225652166000089],[-67.41607265499994,2.228703195000094],[-67.42524726899995,2.203157336000061],[-67.41645969699994,2.193585947000088],[-67.44582008099991,2.199094675000083],[-67.44337690799995,2.188092982000057],[-67.45037608099994,2.168786540000042],[-67.46317032299993,2.170711200000085],[-67.48458599599991,2.158898772000043],[-67.51067761699994,2.164153079000073],[-67.52115509499993,2.156028284000058],[-67.52967810299992,2.159241890000089],[-67.53482663099993,2.150731719000078],[-67.55091059599994,2.149423576000061],[-67.57391911299993,2.162317883000071],[-67.58655757399993,2.121649911000077],[-67.57393823399991,2.103512692000038],[-67.58728467399993,2.078638473000069],[-67.59732537299993,2.076778322000052],[-67.5916221999999,2.068851897000059],[-67.59821908299995,2.064986713000053],[-67.60166221299994,2.043769897000061],[-67.61832446599993,2.037022686000057],[-67.6247542669999,2.04037896300008],[-67.62398834599992,2.033295992000092],[-67.63115458599992,2.030782357000078],[-67.62737476299992,2.021176339000078],[-67.65835077299994,1.990465665000045],[-67.67716859199993,2.009065329000066],[-67.69092525799994,1.999748234000037],[-67.70124478199995,2.009606418000089],[-67.71121207199991,2.008418471000084],[-67.71653705099993,2.017541517000041],[-67.72029805299991,2.009111613000073],[-67.7306946839999,2.011656129000073],[-67.73123312199994,2.02604798200008],[-67.7433878299999,2.034458646000076],[-67.75172247299992,2.03028177300007],[-67.77549773699991,2.034927122000056],[-67.77515340999992,2.012320437000085],[-67.7830303369999,2.007757066000067],[-67.78340562299991,1.999891911000077],[-67.80871656699992,1.985908659000074],[-67.80614578899991,1.975230021000073],[-67.8263794209999,1.960985635000043],[-67.83237977599993,1.939420644000052],[-67.84700884599994,1.938728561000062],[-67.86930241999994,1.923736399000063],[-67.8711701819999,1.900770535000049],[-67.87883031399991,1.903927424000074],[-67.88489805599994,1.894539896000083],[-67.89623710699993,1.894913577000068],[-67.8973079829999,1.888072826000041],[-67.91056711599992,1.897391903000084],[-67.9217053719999,1.89271040400007],[-67.9088322639999,1.862159234000046],[-67.9224702379999,1.858408896000071],[-67.91439372199994,1.827518394000037],[-67.9218969069999,1.820376793000094],[-67.90925727299992,1.814988926000069],[-67.90305074899993,1.807013002000076],[-67.90770917399993,1.804787934000046],[-67.96023336499991,1.833023251000043],[-67.97213456399993,1.828268519000062],[-67.9956356209999,1.84575519100008],[-68.01544731299992,1.831040874000053],[-68.01915033599994,1.816021118000037],[-68.0309802619999,1.811007583000048],[-68.04017029699992,1.819097531000068],[-68.03847719399994,1.83725349000008],[-68.04802699499993,1.84377173300004],[-68.04378859899992,1.859334844000045],[-68.05449336499993,1.867651465000051],[-68.05196767699994,1.875375580000082],[-68.06042879599994,1.878773601000091],[-68.06193740599991,1.893217230000062],[-68.09418565299995,1.896517678000066],[-68.10918603099992,1.928950060000091],[-68.13126742899993,1.952744670000072],[-68.12907832499991,1.959787874000085],[-68.13926241799993,1.970733395000082],[-68.1466863359999,1.972922499000049],[-68.16657862999995,1.963499833000071],[-68.17466879799991,1.968544291000057],[-68.17209897999993,1.978347670000062],[-68.18333003599992,1.978823562000059],[-68.18827931499993,1.992529258000047],[-68.1920864519999,2.037643838000065],[-68.19902258099995,2.038655109000047],[-68.20565494199991,1.98586397400004],[-68.21538375499995,1.980690646000085],[-68.2128095569999,1.973124122000058],[-68.23099117399994,1.946632194000074],[-68.2336201199999,1.932558222000068],[-68.24514876599994,1.927101583000081],[-68.25356123799992,1.878857542000048],[-68.2698056079999,1.866245553000056],[-68.27332327599993,1.852799057000084],[-68.2851102329999,1.846587019000083],[-68.2731831289999,1.844336344000055],[-68.2852549509999,1.829674733000047],[-68.27646080399995,1.832085865000067],[-68.27459728699995,1.819123494000053],[-68.24910537199992,1.82465527100004],[-68.23617738099995,1.821308612000053],[-68.22663760699993,1.829315740000084],[-68.24462661299992,1.787388392000082],[-68.23978970599995,1.771133736000081],[-68.2304909099999,1.78111597700007],[-68.2184855129999,1.77135707900004],[-68.2054170909999,1.782631327000047],[-68.19214895599993,1.77998401900004],[-68.17754117299995,1.765708280000069],[-68.1887180299999,1.756920107000042],[-68.19302915199995,1.737756580000053],[-68.18528402699991,1.729675026000052],[-68.16957684399995,1.743306309000047],[-68.16329212999995,1.727788333000092],[-69.39327093399993,1.726748056000076],[-69.40611116399992,1.731550069000093],[-69.40787563599991,1.741099430000077],[-69.42155760799994,1.736961229000087],[-69.42339614699995,1.745589455000072],[-69.43304525799994,1.738610895000079],[-69.43671534099991,1.749308533000089],[-69.44741409799991,1.742358736000085],[-69.45527612699993,1.752576573000056],[-69.4673999279999,1.748400403000062],[-69.46149202999993,1.752592226000047],[-69.46665708199993,1.757089457000063],[-69.47618104999992,1.743259760000058],[-69.48263322199995,1.758703062000052],[-69.48671193699994,1.752550258000042],[-69.5047844849999,1.763795521000077],[-69.50883235899994,1.758689833000062],[-69.51380497799994,1.77141830000005],[-69.51798852499991,1.763843746000077],[-69.51985550599994,1.769996765000087],[-69.5343872279999,1.763706838000076],[-69.53419663199992,1.776905471000077],[-69.54723824999991,1.776793865000059],[-69.55316636999993,1.769686507000074],[-69.55907885899995,1.77203099500008],[-69.56390166299991,1.761585107000087],[-69.56974945599995,1.763768545000062],[-69.5660318159999,1.759442323000087],[-69.5718595219999,1.756248506000077],[-69.58373443799991,1.760168209000085],[-69.5873815729999,1.75243339900004],[-69.59000053299991,1.758494717000076],[-69.61787464499992,1.729446205000045],[-69.62260055799993,1.735833292000052],[-69.62222330399993,1.72743994800004],[-69.62900239699991,1.723376066000071],[-69.63694753199991,1.72302565800004],[-69.64177284499993,1.730493220000085],[-69.64631786099994,1.727323881000075],[-69.64144923899994,1.72414481800007],[-69.65528321399995,1.718112226000073],[-69.66510115499995,1.729789480000079],[-69.67664622599995,1.722364981000055],[-69.67677249299993,1.73287687800007],[-69.68726585299993,1.727388762000089],[-69.72115371699994,1.735164832000066],[-69.72036168299991,1.730721649000088],[-69.73842203899994,1.731184455000061],[-69.73790497699991,1.726202207000085],[-69.74532698799993,1.72970323900006],[-69.7543403869999,1.719509628000083],[-69.7488948909999,1.713759027000094],[-69.76196417999995,1.717853523000088],[-69.77619038199992,1.706887777000077],[-69.77329933699991,1.702269244000092],[-69.7808160539999,1.703389970000046],[-69.78257891499993,1.692769568000074],[-69.8037251209999,1.704731526000046],[-69.80929427799992,1.694772127000078],[-69.82211873799992,1.699078386000053],[-69.81916344799993,1.70472484700008],[-69.82865112899992,1.712295456000049],[-69.83499993899994,1.709603428000094],[-69.83957067999995,1.718891134000046],[-69.84778925599994,1.709425819000046],[-69.8590092039999,1.709301430000039],[-69.86585063599995,1.719401871000059],[-69.87430913399993,1.719650650000062],[-69.86856233099991,1.723183317000064],[-69.87689643899995,1.73146766900004],[-69.88164812399992,1.726367692000053],[-69.9027694909999,1.745250048000059],[-69.9106557959999,1.742140303000042],[-69.92334354199994,1.749578805000056],[-69.97501501199991,1.743234932000064],[-70.00455491699995,1.762864600000057],[-70.01615453799991,1.760880439000061],[-70.04677915699995,1.772336816000063],[-70.0693501369999,1.799911807000058],[-70.09435961199995,1.810981819000062],[-70.11111640699994,1.834733067000059],[-70.12350978099994,1.837591244000066],[-70.14893049599993,1.86749123900006],[-70.17477784699992,1.869383163000066],[-70.1801959359999,1.881672610000066],[-70.1749381969999,1.904989630000046],[-70.16333366099991,1.919971149000048],[-70.1656391059999,1.933719005000057],[-70.13973537699991,1.955623441000057],[-70.1406946159999,1.97983660500006],[-70.11153534599993,2.002838902000065],[-70.12170360199991,2.031430570000055],[-70.12076256299991,2.049488135000047],[-70.1085318289999,2.077076981000062],[-70.11259766599994,2.086932738000087],[-70.10382280699991,2.094459400000062],[-70.11468160099992,2.099697237000044],[-70.11166747999994,2.105832159000045],[-70.11901957899994,2.110893051000062],[-70.10782376799995,2.120366430000047],[-70.09221663599993,2.121998071000064],[-70.09953057399991,2.130413954000062],[-70.09133307099995,2.127383749000046],[-70.07962690799991,2.138898527000038],[-70.05835167599992,2.145724465000058],[-70.0518766049999,2.157047863000059],[-70.05525767699993,2.161896195000054],[-70.03356778499995,2.158515120000061],[-70.02709271399993,2.174559262000059],[-70.03171776499994,2.172549759000049],[-70.0292935999999,2.180619675000059],[-70.03624480299993,2.181950970000059],[-70.02732004899991,2.186565137000059],[-70.01757071499992,2.182760610000059],[-70.0232480759999,2.179410082000061],[-70.01857624199994,2.177334293000058],[-70.00664680099993,2.182086932000061],[-70.00798647099992,2.187764577000053],[-70.0140149849999,2.18629732100004],[-70.00623214199993,2.207253585000046],[-69.99617601599994,2.204796520000059],[-69.99601069899995,2.224442538000062],[-70.02411246399993,2.23534651500006],[-70.02245104099995,2.25711115200005],[-70.03142272399992,2.258329527000058],[-70.0263830749999,2.272396240000091],[-70.03651775299994,2.266193596000051],[-70.05313197999993,2.278045078000048],[-70.04521253199994,2.293053262000058],[-70.0692477799999,2.293994737000048],[-70.07323519499994,2.276494415000059],[-70.08515220399994,2.263191609000046],[-70.10277079899993,2.262114999000062],[-70.10802674299993,2.26849872300005],[-70.12290473899992,2.263445080000054],[-70.14670514399995,2.277714952000053],[-70.15310427399993,2.268022166000094],[-70.13793017499995,2.263834768000038],[-70.1417135929999,2.251228711000067],[-70.1482083759999,2.249182114000064],[-70.1596752449999,2.265064130000042],[-70.15677153099995,2.239895736000051],[-70.17449168899992,2.237425654000049],[-70.19139581799993,2.252551337000057],[-70.18272015799994,2.240114528000049],[-70.1944298059999,2.229766358000063],[-70.20474172799993,2.241874947000042],[-70.21466291099995,2.233956091000039],[-70.22517564299994,2.247406648000037],[-70.2317994519999,2.239890811000066],[-70.24730164199991,2.243267210000056],[-70.2492355899999,2.250458934000051],[-70.2351118549999,2.257059009000045],[-70.24348847399995,2.265343212000062],[-70.25323071199995,2.262462465000056],[-70.27355633499991,2.23740796900006],[-70.29562162699995,2.252636963000043],[-70.3054879579999,2.252920798000048],[-70.3082845209999,2.247757127000057],[-70.2970121109999,2.241117407000047],[-70.2928155319999,2.228531417000056],[-70.31223147599991,2.208260854000059],[-70.3412892529999,2.233215547000043],[-70.34203699299991,2.247850675000052],[-70.3659040089999,2.235481269000047],[-70.38621045299993,2.247214193000048],[-70.39896207399994,2.267780044000062],[-70.40792853599993,2.255225548000055],[-70.41860045899995,2.25583815400006],[-70.42078448799992,2.268625788000065],[-70.4581677079999,2.257349650000037],[-70.46444984399994,2.249373376000051],[-70.45444836799993,2.243548519000058],[-70.46472209399991,2.233424792000051],[-70.47312470199995,2.243657727000084],[-70.4840019529999,2.234698821000052],[-70.4968140119999,2.233741834000057],[-70.51432821399993,2.245092328000055],[-70.51117629499993,2.259473132000039],[-70.49834264899994,2.250808425000059],[-70.48857562499995,2.252855414000067],[-70.50981400899991,2.26729662300005],[-70.5110161259999,2.282793235000042],[-70.51879407199993,2.282720355000038],[-70.51894972299993,2.270794459000058],[-70.53073066999991,2.268444203000058],[-70.5619437389999,2.293049543000052],[-70.58680946499993,2.289106254000046],[-70.58963735299994,2.295250076000059],[-70.60832516699992,2.297677852000049],[-70.62999854199995,2.312933052000062],[-70.63841108499992,2.343721947000063],[-70.63479433299995,2.347684953000055],[-70.65497879399993,2.375587139000061],[-70.6552100749999,2.385161293000067],[-70.66132509499994,2.385708072000057],[-70.67049714599995,2.410603820000063],[-70.68092679299991,2.419229405000067],[-70.6797194479999,2.441014216000042],[-70.69977307799991,2.45322100900006],[-70.70633527199993,2.47173093300006],[-70.73318823399995,2.485010806000048],[-70.74572150199992,2.50460180400006],[-70.74322041199991,2.518768389000059],[-70.75405502899991,2.53698950200004],[-70.76989631599992,2.53938925500006],[-70.7929913179999,2.520070615000066],[-70.80023140799995,2.527014403000067],[-70.80694701499993,2.524189874000058],[-70.81806737699992,2.533176063000042],[-70.82930773599992,2.532729152000059],[-70.83808118499991,2.556338449000066],[-70.85261113899992,2.570172759000059],[-70.88855929999994,2.557309341000064],[-70.90248260299995,2.566736542000058],[-70.9168337289999,2.560006289000057],[-70.93004660199995,2.573225725000043],[-70.94249237999992,2.606656134000048],[-70.49757662999991,2.788507680000066],[-70.4987731949999,2.808370642000057],[-70.49386728099995,2.81333638600006],[-70.41081389699991,2.828990621000059],[-70.35590345399993,2.853720420000059],[-70.34851674799995,2.873488067000039],[-70.3540487809999,2.914027245000057],[-70.32401502399995,2.91336913300006],[-70.27836610799994,2.936522647000061],[-70.28269569499992,2.993327727000064],[-70.30331446699995,3.033623814000066],[-70.27187977699992,3.030817630000058],[-70.25533225299995,3.03966646300006],[-70.27274225799994,3.066110524000067],[-70.31522027999995,3.070836955000061],[-70.32180138199993,3.078016337000065],[-70.31994670699993,3.086332455000047],[-70.27992164099993,3.094469091000065],[-70.28793862099991,3.12402422200006],[-70.25993902399995,3.143588045000058],[-70.2443988629999,3.179185415000063],[-70.22926999399994,3.181029125000066],[-70.21615971099993,3.168222158000049],[-70.20652729199992,3.173090093000042],[-70.20808496199993,3.188031394000063],[-70.22023671499994,3.196987444000058],[-70.21785881999995,3.205977460000042],[-70.2039065109999,3.203118915000061],[-70.19225145399992,3.173548111000059],[-70.17841966099991,3.172979736000059],[-70.16464188599991,3.181120792000058],[-70.15772319699994,3.19446180500006],[-70.17820472099993,3.217572959000051],[-70.17435609599994,3.235807600000044],[-70.15717934699995,3.229403063000063],[-70.14810646099994,3.190770143000066],[-70.12798123599993,3.202260878000061],[-70.13181839599991,3.244091734000051],[-70.15680930499991,3.257888799000057],[-70.15785059199993,3.281578099000058],[-70.13618071499991,3.293780835000064],[-70.1156540849999,3.27967437600006],[-70.10877422999994,3.293709149000051],[-70.1534251189999,3.324531223000065],[-70.17294926699992,3.349001487000066],[-70.13338032899992,3.365141447000042],[-70.12661195699991,3.400805558000059],[-70.11541811199993,3.400545234000049],[-70.11026204599995,3.384993479000059],[-70.07601854599994,3.387365488000057],[-70.05259977299994,3.39795199200006],[-70.03513863499995,3.417328311000063],[-70.02580958499993,3.417619678000051],[-70.0149517289999,3.407600500000058],[-70.01573867099995,3.380257599000061],[-70.00192756799993,3.372716341000057],[-69.94354559099992,3.394751987000063],[-69.9395572869999,3.414198365000061],[-69.96124641699993,3.437565371000062],[-69.96027962399995,3.456920550000063],[-69.94592471599992,3.459180677000063],[-69.91496909499995,3.446998145000066],[-69.90253327599993,3.424400898000044],[-69.87816703099992,3.42968393600006],[-69.8717345199999,3.439353681000057],[-69.87170605199992,3.461935305000054],[-69.86167593899995,3.478811183000062],[-69.89553528399995,3.517216695000059],[-69.89355579999994,3.53685467400004],[-69.87244670399991,3.535845381000058],[-69.85158940399992,3.491823882000062],[-69.81720918899993,3.477048249000063],[-69.81621547199995,3.489420087000042],[-69.84489165399992,3.531684618000043],[-69.84389147099995,3.548966608000057],[-69.83410792799992,3.556613073000051],[-69.81710848699993,3.55207273700006],[-69.81539814899992,3.515932921000058],[-69.80192257599992,3.507862187000057],[-69.78803310299992,3.520028788000047],[-69.78972015799991,3.549515960000065],[-69.77734261199993,3.564573575000054],[-69.75423215799992,3.560001222000039],[-69.7340103439999,3.542920379000066],[-69.71373121799991,3.549375284000064],[-69.72038370999991,3.569014804000062],[-69.74235106799995,3.576010316000065],[-69.74500415199992,3.585691961000066],[-69.73991894099993,3.590930866000065],[-69.7297344989999,3.591668875000039],[-69.70981795999995,3.576732892000052],[-69.70063724099992,3.539909485000067],[-69.69075346399995,3.544121874000041],[-69.6730170539999,3.58044790200006],[-69.66314390499991,3.585375440000064],[-69.62904042499991,3.568634852000059],[-69.62183356499992,3.574032952000039],[-69.61993923299991,3.59152081700006],[-69.60888359599994,3.595461580000062],[-69.59260188299993,3.567736303000061],[-69.57613336499992,3.613966581000057],[-69.58096591499992,3.654405204000057],[-69.5705507209999,3.669410364000044],[-69.57733276899995,3.677742131000059],[-69.59495348299993,3.672620709000057],[-69.58903194099992,3.683333281000046],[-69.53773174399993,3.67425720600005],[-69.50430395899991,3.67873849700004],[-69.4967193199999,3.670289126000057],[-69.4996681579999,3.654625792000047],[-69.49287934599994,3.650765078000063],[-69.48655215299993,3.655010613000059],[-69.48753075999991,3.674354880000067],[-69.47844957299992,3.69543843200006],[-69.46293639499993,3.708919052000056],[-69.45474843199992,3.708988304000059],[-69.43864430699995,3.700786687000061],[-69.42324909699994,3.665627487000052],[-69.40770920199992,3.660004850000064],[-69.38787459999992,3.685147701000062],[-69.3755740929999,3.666603167000062],[-69.36635858199992,3.66549606600006],[-69.32048270899992,3.695911179000063],[-69.31285881499991,3.712509888000056],[-69.30350551899994,3.717256469000063],[-69.2915468409999,3.70918596100006],[-69.28958339299993,3.698052808000057],[-69.30565814399995,3.652168163000056],[-69.29198258699995,3.644787372000053],[-69.2813950609999,3.652392152000061],[-69.26799898799993,3.681267784000056],[-69.27085659999995,3.696361324000065],[-69.28709474499993,3.713252345000058],[-69.2870756289999,3.72272528700006],[-69.27967753599995,3.726294526000061],[-69.24703903799991,3.714758265000057],[-69.23496250999995,3.674011446000065],[-69.22101301099991,3.67866239500006],[-69.20804493199995,3.701982387000044],[-69.19689285899995,3.694467674000066],[-69.20008145599991,3.669490350000046],[-69.19065576799994,3.667500842000038],[-69.17804834399993,3.676676568000062],[-69.16809166899992,3.67190320800006],[-69.16855747199992,3.65912299200005],[-69.18729396499992,3.642386418000058],[-69.18669243599993,3.633916194000051],[-69.16908601299991,3.633798739000042],[-69.15252572399993,3.642616873000065],[-69.12111133299993,3.676044875000059],[-69.11303363699994,3.673538473000065],[-69.10043927499993,3.638070239000058],[-69.08733766099994,3.638647081000045],[-69.07876709599992,3.655900475000067],[-69.05594243999991,3.638655851000067],[-68.99581932099994,3.691854143000057],[-68.97535891399991,3.692812521000064],[-68.95573776899994,3.679634469000064],[-68.94231777399995,3.682459365000057],[-68.93549637099994,3.703681712000048],[-68.94793491199994,3.732738664000067],[-68.93762182199993,3.742359308000061],[-68.92529331499992,3.731431354000051],[-68.92974111699994,3.702059598000062],[-68.92564361399991,3.686788309000065],[-68.9066674309999,3.68326649100004],[-68.88651430199991,3.700142332000041],[-68.86422038099994,3.706332605000057],[-68.8518798099999,3.700522005000039],[-68.8410196829999,3.673178168000049],[-68.83213836199991,3.670655340000053],[-68.82937139799992,3.682734035000067],[-68.85306980099995,3.720259467000062],[-68.85211682199991,3.738699607000058],[-68.83782556999995,3.744053636000046],[-68.8127290299999,3.719858692000059],[-68.79481120699995,3.722252638000043],[-68.77506270599991,3.734772754000062],[-68.7679596289999,3.769495425000059],[-68.75430131099995,3.783117517000051],[-68.70812750099992,3.767418933000044],[-68.67048243099993,3.775911651000058],[-68.65083867499993,3.76171011200006],[-68.64558786899994,3.764669964000063],[-68.64643374999991,3.775066229000061],[-68.68049726399994,3.79700394200006],[-68.68039220599991,3.806259969000052],[-68.6720404429999,3.81200135000006],[-68.6552447219999,3.804830836000065],[-68.63467832299995,3.773646675000066],[-68.60601425999994,3.78474906200006],[-68.58783178399995,3.776851658000055],[-68.57602310499993,3.790243940000039],[-68.55061546999991,3.763983588000087],[-68.55109452499994,3.778643850000037],[-68.57237298199993,3.801665426000056],[-68.56930075299994,3.81796735000006],[-68.55777298699991,3.818523299000049],[-68.52561715399992,3.784056200000066],[-68.50989137099992,3.779105307000066],[-68.5024589269999,3.792034200000046],[-68.51500070999992,3.810351810000043],[-68.51296770599993,3.82550765700006],[-68.4762399249999,3.851970011000049],[-68.4444934629999,3.838353735000055],[-68.44015716799993,3.853496222000047],[-68.45028816099995,3.868318353000063],[-68.4467617059999,3.884435556000085],[-68.43136189299992,3.881928609000056],[-68.41178383599993,3.850412715000061],[-68.39471272599991,3.85077085000006],[-68.39304142999993,3.872855852000043],[-68.42957121699993,3.895895881000058],[-68.43661454199992,3.914996423000048],[-68.42037908099991,3.926695505000055],[-68.38181985999995,3.912370099000043],[-68.34672261299994,3.92406918100005],[-68.34230561299995,3.93564888800006],[-68.3555566149999,3.95474942900006],[-68.34636447899993,3.972536811000055],[-68.34887142499991,3.98853351200006],[-68.34182809999993,3.993666783000037],[-68.31389355499994,3.977789459000064],[-68.23665573599993,3.975163135000059],[-68.20657238299992,3.956778860000043],[-68.20048408499991,3.961792753000054],[-68.19952905799994,3.977908835000051],[-68.20502046399992,3.997486891000051],[-68.17374332499992,3.986026568000057],[-68.13052834599995,4.000948865000055],[-68.11954553499993,3.982087079000053],[-68.13578099699993,3.955704455000046],[-68.13279653599994,3.946512320000068],[-68.12312688599991,3.939468994000038],[-68.11286034499994,3.943408481000063],[-68.10414572199994,3.951884347000089],[-68.0982961819999,3.974566240000058],[-68.0783599909999,3.980535161000091],[-68.07213087499991,3.968724274000067],[-68.08338077699995,3.945632366000041],[-68.07897885599994,3.935151576000067],[-68.06369047599992,3.958315783000046],[-68.04492746599993,4.008350479000057],[-68.03453251499991,4.01135548700006],[-68.02875953699993,4.001585832000046],[-68.03186806399992,3.983822828000086],[-68.0247746039999,3.97592058400005],[-67.99589797899995,3.980714305000049],[-67.96616915399994,3.962948628000049],[-67.93742808699994,3.963099322000062],[-67.92493685999995,3.945343827000045],[-67.91964453599991,3.910747062000041],[-67.91357085299995,3.909438039000065],[-67.8760181159999,3.919145549000064],[-67.81317475999992,3.984543514000052],[-67.70760158799993,4.045025831000089],[-67.69990129099995,4.025751232000061],[-67.69238842099992,3.936180024000066]]]}},{"type":"Feature","properties":{"dpto":95,"dpto_nombre":"Guaviare"},"geometry":{"type":"Polygon","coordinates":[[[-71.31265862499993,2.924630433000061],[-71.30076869499993,2.908921700000064],[-71.29956226599995,2.875577234000048],[-71.28368110299994,2.86782080200004],[-71.25964179099992,2.886178782000059],[-71.25177545999992,2.882449516000065],[-71.24717188099993,2.862753263000059],[-71.2217944379999,2.865591849000054],[-71.2131890899999,2.885886733000063],[-71.19033428699993,2.891559513000061],[-71.18350852899994,2.904840702000058],[-71.1514491019999,2.872164049000048],[-71.13883480699991,2.882759372000066],[-71.13720333999993,2.903948657000058],[-71.11583084799992,2.875150103000067],[-71.10291911099995,2.872613693000062],[-71.08778136599994,2.883059269000057],[-71.07584053699992,2.882194386000037],[-71.06559834199993,2.873484485000063],[-71.06469536899993,2.858937217000062],[-71.05805727099994,2.852830165000057],[-71.02745563399992,2.846391208000057],[-71.01059486199995,2.856813025000065],[-70.98848999199993,2.829132152000057],[-70.95456930499995,2.842142824000064],[-70.94779844499993,2.833845200000042],[-70.94793120699995,2.81796022900005],[-70.96200397599995,2.80048875500006],[-70.94655048099992,2.785566308000057],[-70.93141561499993,2.794753436000065],[-70.92514924999995,2.815411199000039],[-70.9412400029999,2.837821421000058],[-70.93805371499991,2.857310880000057],[-70.91134200399995,2.849876209000058],[-70.8990216919999,2.808719995000047],[-70.88367440699994,2.792576139000062],[-70.8710354669999,2.79932044800006],[-70.88354164399993,2.835431706000065],[-70.87610697299993,2.847380284000053],[-70.85799823999992,2.834582029000046],[-70.85417469499993,2.823164501000065],[-70.87047786599993,2.797621096000057],[-70.86851298899995,2.790770576000057],[-70.87552282099995,2.783229694000056],[-70.87143375199992,2.777813008000066],[-70.86240593799994,2.77659159600006],[-70.8450937739999,2.801179117000061],[-70.82156835099994,2.813074588000063],[-70.80807973499992,2.811269025000058],[-70.79639279799994,2.794446338000057],[-70.79897049599992,2.775704813000061],[-70.81529233299995,2.767910545000063],[-70.81134342199994,2.760012718000041],[-70.75442067799992,2.770217958000046],[-70.72477872699994,2.795155012000066],[-70.7167966209999,2.780908664000037],[-70.72051861999995,2.749800096000058],[-70.70916531499995,2.737109026000041],[-70.68902586199994,2.757445926000059],[-70.68172037399995,2.777782823000052],[-70.65782945399991,2.78094195500006],[-70.64041314099995,2.80263990800006],[-70.6402494479999,2.82153971200006],[-70.66343264199992,2.844306394000057],[-70.66221654799995,2.85646739200007],[-70.63541130599992,2.848765566000054],[-70.63181407199994,2.807958554000038],[-70.61830185699995,2.791743902000064],[-70.6054652549999,2.801067327000055],[-70.59567233399991,2.837685792000059],[-70.58332528699992,2.839967263000062],[-70.56992814499995,2.832685895000054],[-70.5112174599999,2.789405105000071],[-70.50115263299995,2.787987389000079],[-70.94249237999992,2.606656134000048],[-70.92824093099995,2.570369002000064],[-70.9168337289999,2.560006289000057],[-70.90248260299995,2.566736542000058],[-70.88855929999994,2.557309341000064],[-70.85261113899992,2.570172759000059],[-70.83808118499991,2.556338449000066],[-70.82930773599992,2.532729152000059],[-70.81806737699992,2.533176063000042],[-70.80694701499993,2.524189874000058],[-70.80023140799995,2.527014403000067],[-70.7929913179999,2.520070615000066],[-70.76989631599992,2.53938925500006],[-70.75405502899991,2.53698950200004],[-70.74322041199991,2.518768389000059],[-70.74572150199992,2.50460180400006],[-70.73318823399995,2.485010806000048],[-70.70633527199993,2.47173093300006],[-70.69977307799991,2.45322100900006],[-70.6797194479999,2.441014216000042],[-70.68092679299991,2.419229405000067],[-70.67049714599995,2.410603820000063],[-70.66132509499994,2.385708072000057],[-70.6552100749999,2.385161293000067],[-70.65497879399993,2.375587139000061],[-70.63479433299995,2.347684953000055],[-70.63841108499992,2.343721947000063],[-70.62999854199995,2.312933052000062],[-70.60832516699992,2.297677852000049],[-70.58963735299994,2.295250076000059],[-70.58680946499993,2.289106254000046],[-70.5619437389999,2.293049543000052],[-70.53073066999991,2.268444203000058],[-70.51894972299993,2.270794459000058],[-70.51879407199993,2.282720355000038],[-70.5110161259999,2.282793235000042],[-70.50981400899991,2.26729662300005],[-70.48875104899992,2.254754509000065],[-70.49486943799991,2.249971448000053],[-70.50649458999993,2.259319361000053],[-70.51344250099993,2.257347107000044],[-70.51432821399993,2.245092328000055],[-70.4984246649999,2.234375489000058],[-70.4840019529999,2.234698821000052],[-70.47312470199995,2.243657727000084],[-70.46472209399991,2.233424792000051],[-70.45444836799993,2.243548519000058],[-70.46444984399994,2.249373376000051],[-70.4581677079999,2.257349650000037],[-70.42078448799992,2.268625788000065],[-70.41860045899995,2.25583815400006],[-70.40792853599993,2.255225548000055],[-70.39896207399994,2.267780044000062],[-70.38621045299993,2.247214193000048],[-70.3659040089999,2.235481269000047],[-70.34203699299991,2.247850675000052],[-70.3412892529999,2.233215547000043],[-70.31223147599991,2.208260854000059],[-70.2928155319999,2.228531417000056],[-70.2970121109999,2.241117407000047],[-70.3082845209999,2.247757127000057],[-70.3054879579999,2.252920798000048],[-70.29562162699995,2.252636963000043],[-70.27355633499991,2.23740796900006],[-70.25323071199995,2.262462465000056],[-70.24348847399995,2.265343212000062],[-70.2351118549999,2.257059009000045],[-70.2492355899999,2.250458934000051],[-70.24730164199991,2.243267210000056],[-70.2317994519999,2.239890811000066],[-70.22517564299994,2.247406648000037],[-70.21466291099995,2.233956091000039],[-70.20474172799993,2.241874947000042],[-70.1944298059999,2.229766358000063],[-70.18272015799994,2.240114528000049],[-70.19139581799993,2.252551337000057],[-70.17449168899992,2.237425654000049],[-70.15677153099995,2.239895736000051],[-70.1596752449999,2.265064130000042],[-70.1482083759999,2.249182114000064],[-70.1417135929999,2.251228711000067],[-70.13793017499995,2.263834768000038],[-70.15310427399993,2.268022166000094],[-70.14670514399995,2.277714952000053],[-70.12290473899992,2.263445080000054],[-70.10802674299993,2.26849872300005],[-70.10277079899993,2.262114999000062],[-70.08515220399994,2.263191609000046],[-70.07323519499994,2.276494415000059],[-70.0692477799999,2.293994737000048],[-70.04704009699992,2.29416087900006],[-70.04510176999992,2.288345897000056],[-70.05379654799992,2.279263453000056],[-70.03651775299994,2.266193596000051],[-70.0263830749999,2.272396240000091],[-70.03142272399992,2.258329527000058],[-70.02245104099995,2.25711115200005],[-70.0233351409999,2.234209733000057],[-69.9954826419999,2.223834539000052],[-69.99617601599994,2.204796520000059],[-70.00588127599991,2.207604452000055],[-70.01299617899991,2.192403253000066],[-70.01328135599994,2.184383508000053],[-70.00798647099992,2.187764577000053],[-70.00594506899995,2.182692970000062],[-70.01857624199994,2.177334293000058],[-70.0232480759999,2.179410082000061],[-70.01757071499992,2.182760610000059],[-70.02732004899991,2.186565137000059],[-70.03624480299993,2.181950970000059],[-70.0292935999999,2.180619675000059],[-70.03171776499994,2.172549759000049],[-70.02709271399993,2.174559262000059],[-70.03356778499995,2.158515120000061],[-70.05525767699993,2.161896195000054],[-70.0518766049999,2.157047863000059],[-70.05835167599992,2.145724465000058],[-70.07962690799991,2.138898527000038],[-70.09133307099995,2.127383749000046],[-70.1001047179999,2.130031191000057],[-70.09221663599993,2.121998071000064],[-70.10782376799995,2.120366430000047],[-70.1193385489999,2.110287008000057],[-70.11166747999994,2.105832159000045],[-70.11468160099992,2.099697237000044],[-70.10382280699991,2.094459400000062],[-70.11259766599994,2.086932738000087],[-70.10884362599995,2.08024862700006],[-70.13946549199994,2.062250277000089],[-70.1514906239999,2.071627965000062],[-70.16312549899993,2.045272019000038],[-70.17196360699995,2.04623483000006],[-70.17117360899994,2.038729844000045],[-70.17635797399993,2.040260466000063],[-70.18102390299993,2.024756746000094],[-70.1906520089999,2.023398936000092],[-70.1940341909999,2.030607671000041],[-70.19391075399994,2.024978932000067],[-70.20339073499991,2.027743928000064],[-70.20563729399993,2.01885644500004],[-70.22963349899993,2.03426141500006],[-70.23849629499995,2.024312372000054],[-70.25054377299995,2.029397987000038],[-70.26069031599991,2.014116452000053],[-70.26508468299994,2.023497686000042],[-70.27636684899994,2.014511454000058],[-70.2757990369999,2.019498317000057],[-70.30554741999993,2.014042390000043],[-70.30631273099993,2.006784279000044],[-70.31764427199994,2.01283270600004],[-70.3225323879999,1.997822735000057],[-70.33016080999994,1.999106483000048],[-70.32979049799991,1.993428367000092],[-70.33927048099991,2.000316166000061],[-70.34072704099992,1.988466189000064],[-70.3478864029999,1.992292743000064],[-70.3511204589999,1.983034949000057],[-70.3552185769999,1.989601812000046],[-70.36479730899993,1.985553068000058],[-70.36810542699993,2.003550223000047],[-70.3790913439999,2.004216783000061],[-70.38173290199995,1.995823052000048],[-70.37635103699995,1.988490877000061],[-70.38652226699992,1.985207446000061],[-70.39866849499992,1.998859606000053],[-70.40560566999994,1.989922750000062],[-70.42076376499995,1.986515882000049],[-70.43471217799993,1.999748355000065],[-70.44206903899993,1.986392442000067],[-70.4656455569999,1.982886823000058],[-70.45804182099994,1.971530595000047],[-70.46295462499995,1.967136230000051],[-70.46648492999992,1.97172809500006],[-70.46443587199991,1.962988736000057],[-70.48529676999993,1.963087486000063],[-70.47989021799992,1.95928562000006],[-70.48899988799991,1.953533442000094],[-70.48662989299993,1.945756893000066],[-70.5022323629999,1.949929075000057],[-70.51111984699992,1.940399716000059],[-70.51398359099994,1.956964997000057],[-70.52336482399994,1.954175316000089],[-70.52385857299993,1.947213454000064],[-70.5308944969999,1.957113123000056],[-70.5496475409999,1.937990798000044],[-70.56187756799994,1.940933487000052],[-70.56565373899991,1.932870858000058],[-70.5721854919999,1.935983643000043],[-70.57914248899993,1.928550373000064],[-70.59033491899993,1.938807269000051],[-70.59955421799992,1.935609430000056],[-70.60589886299994,1.924008764000064],[-70.60914772899991,1.927767926000058],[-70.6097090529999,1.921763472000066],[-70.62091849199993,1.929979193000065],[-70.61697222599992,1.92075989600005],[-70.63447528299992,1.918718724000087],[-70.63653346599995,1.903222819000064],[-70.66259243799993,1.913904958000046],[-70.66805257599992,1.902627477000067],[-70.67846255799992,1.907730409000067],[-70.68118412199993,1.901283707000061],[-70.68297014799992,1.90914222400005],[-70.69106679999993,1.89766062700005],[-70.69557438999993,1.908750996000038],[-70.69982683399991,1.903239831000064],[-70.70501481499991,1.906437666000045],[-70.6998608529999,1.912816331000045],[-70.70940333499993,1.917374951000056],[-70.71238004599991,1.912918391000062],[-70.71656445099995,1.918956863000062],[-70.71989836699993,1.910264865000045],[-70.7212761589999,1.918888821000053],[-70.73314898099994,1.923906704000046],[-70.74536199799991,1.921151125000051],[-70.74303165899994,1.908138645000065],[-70.74725008199994,1.912799323000058],[-70.76106201899995,1.909992709000051],[-70.76488921799995,1.91424515500006],[-70.76000741299993,1.918650685000046],[-70.77045141399992,1.927631845000064],[-70.77322400699995,1.920011467000052],[-70.78130364999993,1.922120678000056],[-70.7799258579999,1.912306039000043],[-70.79572793699992,1.917425982000054],[-70.80103498799991,1.905570169000043],[-70.81081560699994,1.913751870000056],[-70.82034108099992,1.908836044000054],[-70.8342720839999,1.918973870000059],[-70.83255409799995,1.910571043000061],[-70.84697838599993,1.92055577900004],[-70.8525065629999,1.911251434000064],[-70.86045012699992,1.916915689000064],[-70.86613139199994,1.908750996000038],[-70.87004363999995,1.920674847000043],[-70.87751092999991,1.922733031000064],[-70.87735784199992,1.933074972000043],[-70.88518233799994,1.92147430700004],[-70.89445266399991,1.927699883000059],[-70.88996208499992,1.920147547000056],[-70.89601756399992,1.918004312000051],[-70.9025446949999,1.89521899600004],[-70.9041269949999,1.899791808000089],[-70.90820666699994,1.895375242000057],[-70.90243230599992,1.888481517000059],[-70.92119308199995,1.883478539000066],[-70.93151522799991,1.870652151000058],[-70.9349047689999,1.87411591700004],[-70.93564646199991,1.867826704000038],[-70.94431987699994,1.865076253000041],[-70.94123339999993,1.858598320000056],[-70.95653734199993,1.84620846100006],[-70.97932982799995,1.840696121000065],[-70.98428579799992,1.831189967000057],[-70.98958523699991,1.834509009000044],[-70.98673625799995,1.82496476700004],[-70.99504119999995,1.824004720000062],[-71.00033908699993,1.815036605000046],[-71.00504162399994,1.82455320400004],[-71.01257123099992,1.822433081000042],[-71.01265683999992,1.814064655000038],[-71.01996584799991,1.821198778000053],[-71.01845637299994,1.814133217000062],[-71.0246335029999,1.810541049000051],[-71.04171564099994,1.817504645000042],[-71.04839999599994,1.804132954000067],[-71.05871930399991,1.805513738000059],[-71.06471170399993,1.79831930000006],[-71.06942557699995,1.806508288000089],[-71.08203429499991,1.797944217000065],[-71.09337195899991,1.802059444000065],[-71.08648772799995,1.793285131000061],[-71.09265069199995,1.790778140000043],[-71.09258507099992,1.781080235000047],[-71.12582539599993,1.783058837000056],[-71.12792307899991,1.77144766400005],[-71.17452532999994,1.748526932000061],[-71.24528000099991,1.672450002000062],[-71.2586193759999,1.667971697000041],[-71.26697000299993,1.678810005000059],[-71.29208999899993,1.689349999000058],[-71.31388438499994,1.713908394000043],[-71.33044368599991,1.705118779000088],[-71.35176416699994,1.72722047700006],[-71.36775842799995,1.73274463100006],[-71.36781971999994,1.738939205000065],[-71.39817629099991,1.733711396000047],[-71.40167782499992,1.700738714000067],[-71.38884802299992,1.657140116000051],[-71.39829189399995,1.629158105000045],[-71.39017999899994,1.598200008000049],[-71.43948,1.545000007000056],[-71.43994000099991,1.507999998000059],[-71.45400000099994,1.485669998000049],[-71.45532000199995,1.464770005000048],[-71.47941999699992,1.446160002000056],[-71.47863999799995,1.40484000400005],[-71.4896699979999,1.383640007000054],[-71.48772999699992,1.372540002000051],[-71.5028599979999,1.36278000100009],[-71.50744585099994,1.334105992000048],[-71.51169516099992,1.336510686000054],[-71.51936007199993,1.321283109000092],[-71.5158149529999,1.316139760000056],[-71.52214342199994,1.316724751000038],[-71.5172817209999,1.307191633000059],[-71.52254867899995,1.30942547300009],[-71.52155206899994,1.299460544000056],[-71.5273938229999,1.302637904000051],[-71.5227596389999,1.292598726000051],[-71.53061377999995,1.295835636000049],[-71.52640218999994,1.278027441000063],[-71.5525197099999,1.276904710000053],[-71.54569166999994,1.267679515000054],[-71.54766409199993,1.259162425000056],[-71.5412734329999,1.260191922000047],[-71.55077918799992,1.250692684000057],[-71.54387368699992,1.249569442000052],[-71.5431776179999,1.22940458000005],[-71.53890810399992,1.230193897000049],[-71.5515016139999,1.219761850000054],[-71.55301769199991,1.207418853000092],[-71.54432493799993,1.207175679000045],[-71.54310320099995,1.201556133000054],[-71.53468175599994,1.206022099000052],[-71.53306247899991,1.193289709000055],[-71.5273322889999,1.19103021300009],[-71.53193265899995,1.179684474000055],[-71.51307419299991,1.172673670000052],[-71.51759933799991,1.16433666100005],[-71.51106753499994,1.163951569000062],[-71.50762141899992,1.152858337000055],[-71.51187543599991,1.149819667000088],[-71.50190207799994,1.147810115000084],[-71.50799996599994,1.137215246000039],[-71.49283157499991,1.131186783000089],[-71.4850529119999,1.108823129000086],[-71.50265213599994,1.103280832000053],[-71.53551698399991,1.124088756000049],[-71.53162765299993,1.160259533000044],[-71.55622767199992,1.155495105000057],[-71.55700553799994,1.144313275000059],[-71.5399897129999,1.114559893000092],[-71.55233833999995,1.112712461000058],[-71.56332570099994,1.130506150000087],[-71.57122904899995,1.122999693000054],[-71.582542,1.126873751000062],[-71.57295102899991,1.120891239000059],[-71.58223271999992,1.119385698000087],[-71.57438125399995,1.11569430500009],[-71.57528856199991,1.108053074000054],[-71.58568279799994,1.111471119000043],[-71.57754762799993,1.105159393000065],[-71.58345073599992,1.095613770000057],[-71.57268434699995,1.09115448700004],[-71.57913619899995,1.089132075000066],[-71.57309970999995,1.08719910800005],[-71.57993747799992,1.085309977000065],[-71.57416265899991,1.080632950000052],[-71.58107633599991,1.079429515000072],[-71.57872264299994,1.07225793300006],[-71.58849160599993,1.068576914000062],[-71.57931374299994,1.06203417100005],[-71.58821619999992,1.063650614000039],[-71.59206642299995,1.057075370000064],[-71.5852507269999,1.044587708000051],[-71.60194075999993,1.04729758700006],[-71.61129275099995,1.035348178000049],[-71.6157958089999,1.037083463000045],[-71.63702174999992,1.008001924000041],[-71.63831200099992,0.997022427000047],[-71.6655645589999,0.972923942000079],[-71.68838074099995,0.97032788100006],[-71.69211001899993,0.982620071000042],[-71.71023241599994,0.990475244000038],[-71.74028548099994,0.984824232000051],[-71.75502188599995,0.964074075000042],[-71.76570553699992,0.961615475000087],[-71.77409653899991,0.90605789600005],[-71.80304058299993,0.888841305000085],[-72.0333109529999,0.66394918900005],[-72.04855811699991,0.65620057600006],[-72.08618486099994,0.659615219000045],[-72.07068763299992,0.668414493000057],[-72.07035930199993,0.692710993000048],[-72.08112856199995,0.704924909000056],[-72.09399914099993,0.698817953000059],[-72.10982469999993,0.704924909000056],[-72.1213819539999,0.72166979800005],[-72.11947763299992,0.734409041000049],[-72.12670091799993,0.740122004000057],[-72.14029382399991,0.718058155000051],[-72.16337793799994,0.733850787000051],[-72.16393366299991,0.713330187000054],[-72.19079114699991,0.726988759000051],[-72.20037841399994,0.701969929000086],[-72.22092078999992,0.70629376100004],[-72.23051920899991,0.71818948400005],[-72.22185126799991,0.747279620000086],[-72.24869581899992,0.788537374000043],[-72.27034076199993,0.794098496000061],[-72.26098833299994,0.773349109000094],[-72.26171066199993,0.765337832000057],[-72.2696544499999,0.763105179000092],[-72.2926394509999,0.781491722000055],[-72.31011456199991,0.80929046600005],[-72.30329295699994,0.817420325000057],[-72.28675290199993,0.818728577000059],[-72.30142402299992,0.842370577000054],[-72.28843494099993,0.85891063300005],[-72.28852838699993,0.873207971000056],[-72.29768615899991,0.881898506000084],[-72.32310364499995,0.876104817000055],[-72.32534636499992,0.867507725000053],[-72.31665582699992,0.853023496000048],[-72.31880509899992,0.844613295000045],[-72.3288038899999,0.840781984000046],[-72.34356845999991,0.868629083000087],[-72.33235486299992,0.879375447000086],[-72.34693253799992,0.902924],[-72.3399240409999,0.926659448000066],[-72.3544082709999,0.935069645000056],[-72.37403206499994,0.917408229000046],[-72.39160003299992,0.919090273000052],[-72.37702235799992,0.960206793000054],[-72.40046509099994,0.967362853000054],[-72.41047860799995,0.986819486000059],[-72.39946042999992,1.003933852000046],[-72.42365943899995,1.022663494000085],[-72.4262263139999,1.037301620000051],[-72.4524512939999,1.065556749000052],[-72.45568188899995,1.079863666000051],[-72.46856231299995,1.084017287000052],[-72.48414888299993,1.071598377000043],[-72.4984558029999,1.073822034000045],[-72.51091666799994,1.068011162000062],[-72.5205874749999,1.081017449000058],[-72.55703099599992,1.093614066000043],[-72.57430035399994,1.113589574000059],[-72.58663141399995,1.115697449000038],[-72.58968783099994,1.124901831000045],[-72.62257066299992,1.136249217000056],[-72.63630697499991,1.150828678000039],[-72.64990276099991,1.181814424000038],[-72.65503191999994,1.157187433000047],[-72.6621986909999,1.15079355000006],[-72.6691898059999,1.163194874000055],[-72.69437889799991,1.163756971000055],[-72.69919187699992,1.182200868000052],[-72.72585647999995,1.186100435000071],[-72.7305991959999,1.160524899000052],[-72.72276493299995,1.14959908700007],[-72.73874964099991,1.151109729000041],[-72.74061159799993,1.136319480000054],[-72.74960519199993,1.128836530000058],[-72.76446570299993,1.132595569000046],[-72.77802635799992,1.147877655000059],[-72.77128116099993,1.18227113100005],[-72.78431484799995,1.175315146000059],[-72.79762958399994,1.176088033000042],[-72.8028641379999,1.182657572000039],[-72.82390774499993,1.178231037000046],[-72.81624913599995,1.168078112000046],[-72.82689389899991,1.14889646000006],[-72.83051241599992,1.156625331000043],[-72.85924976199993,1.164775776000056],[-72.85085339799991,1.158171107000044],[-72.84979946099992,1.143099807000056],[-72.8690865069999,1.146648063000043],[-72.87207266099995,1.135406069000055],[-72.86841901299994,1.121423838000055],[-72.85004537999993,1.104666243000054],[-72.85928489299994,1.102277319000052],[-72.86567877699991,1.108741464000047],[-72.8837010979999,1.098623670000052],[-72.86912163799991,1.086538528000062],[-72.87214292399995,1.076807177000092],[-72.88405241099991,1.07768545600004],[-72.88334978599994,1.070026849000044],[-72.86083066799995,1.071923937000065],[-72.85802016799994,1.042238048000058],[-72.87375895999992,1.052215316000058],[-72.87934482599991,1.046172744000046],[-72.87744773899993,1.041324633000045],[-72.8722834479999,1.046348401000046],[-72.86515180799995,1.041711077000059],[-72.8745318469999,1.03640626400005],[-72.86718941899994,1.024461644000041],[-72.8848252969999,1.024075199000038],[-72.8950836169999,1.011673875000042],[-72.89996685799991,1.018067760000065],[-72.90787138399992,1.008687722000047],[-72.91760273599994,1.01617067300009],[-72.93249837699994,1.015151868000089],[-72.92891499199993,1.001872262000063],[-72.94030815399992,0.979990039000086],[-72.95422252499992,0.983582477000084],[-72.96047134399993,0.960838804000048],[-72.98344270599995,0.955197161000058],[-72.98571960299995,0.961698966000085],[-72.98622557899995,0.951756515000056],[-72.99664870799995,0.951705919000062],[-72.98787000599992,0.928102084000045],[-72.99664870799995,0.922713429000055],[-72.99166483499994,0.933338947000038],[-73.00621167599991,0.933288349000065],[-72.99970987099994,0.925066222000055],[-73.00476964299992,0.925749290000056],[-73.00972821899995,0.910544679000054],[-73.02657725699993,0.921499083000072],[-73.0382653289999,0.902423742000053],[-73.04097230699995,0.911227746000066],[-73.04975100999991,0.905409009000039],[-73.05159782699991,0.911860219000062],[-73.07671959099991,0.894429306000063],[-73.08352498399995,0.901740673000063],[-73.07849051199992,0.906623353000043],[-73.10287860999995,0.912340896000046],[-73.1092792199999,0.924003669000058],[-73.1307326509999,0.914415401000042],[-73.13943545899991,0.917780150000056],[-73.1389547789999,0.924332554000046],[-73.14452052899992,0.919930552000039],[-73.15481716399995,0.933465442000056],[-73.14586136799994,0.933364245000064],[-73.14694921799992,0.943331995000051],[-73.16425363799993,0.940372029000059],[-73.16534148699992,0.953400939000062],[-73.1822411249999,0.960914700000046],[-73.18067259499992,0.970958349000057],[-73.18950189599991,0.966986426000062],[-73.17292205299992,0.981514871000059],[-73.17689359299993,0.991084393000051],[-73.17164863799991,0.991803054000059],[-73.17857046599994,1.000162200000091],[-73.19875597899994,0.998611407000055],[-73.20647211499994,1.006718395000064],[-73.21633162199993,0.99697235800005],[-73.2167224719999,1.002582948000054],[-73.23490330299995,1.008697860000041],[-73.2478373209999,1.021923530000038],[-73.23888719899992,1.032145565000064],[-73.24646733999992,1.042412501000058],[-73.25241292099992,1.039794013000062],[-73.25155583899993,1.048763],[-73.25767688499991,1.044315626000071],[-73.2788474699999,1.047291789000042],[-73.28201259699995,1.066795452000065],[-73.29091409499995,1.065452468000046],[-73.30790725299994,1.079516701000045],[-73.31005578299994,1.075653168000088],[-73.32283650999995,1.08082109500009],[-73.3250886589999,1.086636114000044],[-73.31926842899992,1.08682034900005],[-73.33443058099994,1.093910016000052],[-73.3328796749999,1.101096763000044],[-73.34054040899991,1.09917749400006],[-73.33371396699994,1.113195759000064],[-73.34421365599991,1.117448787000058],[-73.34356776699991,1.123403287000087],[-73.35565211099993,1.120253417000072],[-73.3607285359999,1.124000686000045],[-73.35731528799994,1.128384357000073],[-73.37338692999992,1.131331730000056],[-73.37503392699995,1.141888956000059],[-73.39302007799995,1.147353838000072],[-73.39182209299992,1.154829626000094],[-73.39780912099991,1.153777195000089],[-73.39298500699994,1.17194151700005],[-73.41097491099993,1.174014972000066],[-73.42106535499994,1.190911878000065],[-73.4072717059999,1.205746666000039],[-73.4167708949999,1.207169373000056],[-73.41572308299993,1.215074727000058],[-73.4241678489999,1.223537486000055],[-73.41526483399991,1.225771425000062],[-73.40874095399994,1.241436497000052],[-73.43187025499992,1.258920563000061],[-73.42226268399992,1.280358793000062],[-73.42825363799994,1.295942497000055],[-73.44675584299995,1.290811114000064],[-73.45612689599994,1.294634577000068],[-73.45150992499993,1.30427680400004],[-73.46134991799994,1.312269062000041],[-73.45515653699994,1.321018638000055],[-73.47004502899995,1.34049310000006],[-73.47210893199991,1.358454795000057],[-73.48499730399993,1.364010695000047],[-73.4829699949999,1.370308847000047],[-73.50321071799993,1.370048603000043],[-73.51027833899991,1.388483280000059],[-73.53511581399994,1.389910731000043],[-73.54812353599993,1.407217016000061],[-73.54725851199993,1.438015103000055],[-73.57794903999991,1.46872453900005],[-73.58452311799994,1.486955622000039],[-73.60697257399994,1.501716913000053],[-73.61531645799994,1.527026520000049],[-73.6434408959999,1.551640110000051],[-73.66390880299991,1.593357368000056],[-73.65666833299991,1.61773194400007],[-73.65693152999995,2.294470947000093],[-73.64340105399992,2.283667961000049],[-73.62970149499995,2.294869136000045],[-73.6350354839999,2.32569802200004],[-73.61384779299993,2.341135077000047],[-73.63297828899994,2.360344732000044],[-73.61850009699992,2.376722600000051],[-73.58637689999995,2.390019462000055],[-73.58543861699991,2.359570088000055],[-73.57196604399991,2.354919430000052],[-73.5280338629999,2.387560190000045],[-73.5143935129999,2.353372755000066],[-73.51862403899992,2.336552827000048],[-73.51228372799994,2.332943709000062],[-73.50496894499992,2.337560805000066],[-73.50586309199991,2.356443895000041],[-73.47403902399992,2.361762919000057],[-73.46418831499994,2.355619397000055],[-73.46084723799993,2.33909701400006],[-73.45030149299993,2.339727075000042],[-73.44578198699992,2.349576598000056],[-73.4556787269999,2.382377819000055],[-73.44230822899993,2.386267030000056],[-73.43082354699993,2.359694666000053],[-73.44101699099991,2.338219020000054],[-73.4367716239999,2.32654410400005],[-73.4252382869999,2.328043488000048],[-73.42409830899993,2.349577445000079],[-73.4121622959999,2.35696859400008],[-73.39034819999995,2.351127101000088],[-73.3880581869999,2.342087947000039],[-73.39630160399992,2.328868420000049],[-73.37897040799993,2.32495612300005],[-73.37460760499994,2.362483334000046],[-73.35690931199991,2.368503833000091],[-73.34508920699994,2.352676085000041],[-73.36001435599991,2.333726347000038],[-73.35670684899992,2.324095045000092],[-73.3331651229999,2.33334588300005],[-73.32984545399995,2.344090130000041],[-73.33625515699993,2.355546030000085],[-73.33041051999993,2.360356222000064],[-73.32003939799995,2.359017919000053],[-73.3006451569999,2.335993596000094],[-73.26742608699993,2.35876924900009],[-73.24247468699991,2.347332252000058],[-73.24115183499993,2.371342010000092],[-73.26337574399992,2.371937293000087],[-73.26787343899991,2.380866541000046],[-73.22594560599993,2.388909077000051],[-73.21652308699993,2.405468079000059],[-73.21122181399994,2.399056354000038],[-73.21768746599992,2.386355632000061],[-73.2015955839999,2.382466563000094],[-73.18618195099992,2.388326856000049],[-73.18005624699992,2.398537766000061],[-73.16573338299992,2.399409688000048],[-73.16350174299993,2.365389844000049],[-73.1413115069999,2.37753901800005],[-73.12406632199992,2.378824614000052],[-73.12500826799993,2.386728646000051],[-73.1412749449999,2.397115805000055],[-73.1277845919999,2.410980743000039],[-73.1183565149999,2.408073662000049],[-73.11055318899992,2.380999203000044],[-73.06953735399992,2.425085488000093],[-73.0536903819999,2.427355876000092],[-73.04522969399994,2.437923030000093],[-73.03792433599995,2.432897677000085],[-73.03279347599994,2.412567497000055],[-72.98609636799995,2.451901510000084],[-72.96576699199994,2.448437309000042],[-72.96335194199992,2.45382922400006],[-72.97178071899992,2.465734695000037],[-72.96255148999995,2.480169904000093],[-72.9541405999999,2.480144795000058],[-72.9348005949999,2.464143249000074],[-72.92755600999993,2.475575649000064],[-72.93273396299992,2.496979690000046],[-72.94320546199992,2.503922382000042],[-72.95423339199994,2.494864608000057],[-72.95834261699991,2.508514786000092],[-72.9497463109999,2.522684523000066],[-72.93304301199993,2.524493092000057],[-72.92103083399991,2.53437649500006],[-72.92032015899991,2.562458742000047],[-72.91174111999993,2.567104191000055],[-72.8980990789999,2.563188292000063],[-72.89166322599993,2.571504588000039],[-72.86850134899993,2.578054781000048],[-72.81821266599991,2.613972693000051],[-72.79873975499993,2.61166651800005],[-72.78889799699994,2.588867081000046],[-72.7616077369999,2.573095014000046],[-72.73966628499994,2.569908940000062],[-72.71970753799991,2.584696828000062],[-72.70215884999993,2.617818255000088],[-72.67942270899994,2.622178103000067],[-72.66635650499995,2.608792382000047],[-72.6631218679999,2.574274570000057],[-72.65295977699992,2.571539949000055],[-72.64308542499992,2.580802163000044],[-72.64592025199994,2.602443171000061],[-72.62087370499995,2.627358627000092],[-72.6026552159999,2.619717331000061],[-72.59904939899991,2.58571151600006],[-72.58641398199995,2.583668139000054],[-72.5804526359999,2.591962374000047],[-72.58671925699991,2.639323478000051],[-72.55582632199992,2.649897259000056],[-72.55495512099992,2.660264552000058],[-72.56959129799992,2.664707673000066],[-72.5714208199999,2.674116644000094],[-72.56506105199992,2.681957453000052],[-72.53724520199995,2.682820065000044],[-72.53630940499994,2.702719789000071],[-72.50729927299994,2.690203031000067],[-72.47220881499993,2.689345507000041],[-72.46384544599994,2.702414298000065],[-72.4705916499999,2.733829400000047],[-72.43463821599994,2.73999426000006],[-72.40665012599993,2.726001370000063],[-72.38202568699995,2.74491299400006],[-72.35841511299992,2.781131545000051],[-72.33550523199995,2.796746853000059],[-72.31302396699994,2.799124677000066],[-72.2949726839999,2.774053756000058],[-72.27995286999993,2.775781908000056],[-72.26646886999993,2.78706543900006],[-72.2721685919999,2.812887246000059],[-72.25948685299994,2.824704323000049],[-72.24745361099991,2.819876614000066],[-72.22872921699991,2.786972687000059],[-72.2151208809999,2.775662055000055],[-72.1928609069999,2.772349222000059],[-72.1840449149999,2.790333927000063],[-72.2058056269999,2.814832739000053],[-72.20270724799991,2.864046535000057],[-72.18281997499992,2.875215112000092],[-72.14396435799995,2.864742260000071],[-72.13517846999991,2.888873997000076],[-72.11599971299995,2.880769686000065],[-72.10004904699991,2.840558525000063],[-72.08212851099995,2.825854397000057],[-72.05162369999994,2.816684629000065],[-72.0251550289999,2.828430883000067],[-72.0048586819999,2.829350460000057],[-71.9922320519999,2.823529565000058],[-71.98191802699995,2.801187395000056],[-71.9539443459999,2.831740239000055],[-71.91175444099991,2.827828469000053],[-71.85554865699993,2.842702982000048],[-71.82791007399993,2.837469388000045],[-71.81895108399993,2.855859560000056],[-71.82314796299994,2.870024026000067],[-71.8508648479999,2.871597855000061],[-71.82061234899993,2.879117263000069],[-71.78843627999993,2.869499415000064],[-71.78406453199995,2.85358625300006],[-71.78922319499992,2.821934791000047],[-71.7800425229999,2.817825348000042],[-71.75800891099993,2.852974205000066],[-71.76762675799995,2.888210497000046],[-71.76185604999995,2.897303734000047],[-71.7417460069999,2.884275924000065],[-71.72906793699991,2.860581047000039],[-71.69706673799993,2.838110260000064],[-71.68333944799991,2.850176288000057],[-71.68150331399994,2.871685288000037],[-71.66200531599992,2.872734508000065],[-71.65798330699994,2.861018222000041],[-71.67389647199991,2.825781930000062],[-71.65221259899994,2.820186094000064],[-71.6340492189999,2.824909994000052],[-71.62778747099992,2.837557898000057],[-71.61058781699995,2.846315808000043],[-71.5751663019999,2.844268215000056],[-71.57180168899993,2.852468552000062],[-71.5844721659999,2.86603378600006],[-71.5832490649999,2.872286166000038],[-71.54509390499993,2.859110219000058],[-71.5299321199999,2.878543112000045],[-71.52067294299991,2.878997282000057],[-71.49305127499991,2.871080986000038],[-71.48178184699992,2.85437399500006],[-71.47029821599995,2.853095306000057],[-71.46352141499995,2.861494149000066],[-71.46840691199992,2.892353469000057],[-71.4633808289999,2.899277686000062],[-71.39124373099992,2.843905206000045],[-71.37977049299991,2.869797797000047],[-71.38266751499992,2.887486254000066],[-71.3616315939999,2.89052743700006],[-71.35853968299995,2.861852027000054],[-71.34770525499994,2.858230990000038],[-71.3276088369999,2.895613734000051],[-71.33081788899995,2.921313295000061],[-71.31265862499993,2.924630433000061]]]}},{"type":"Feature","properties":{"dpto":97,"dpto_nombre":"Vaupés"},"geometry":{"type":"Polygon","coordinates":[[[-70.11032549999993,2.080104576000053],[-70.12176015099993,2.032186879000051],[-70.11154589299991,2.002802809000059],[-70.1406946159999,1.97983660500006],[-70.1400966779999,1.954931272000067],[-70.16566226499992,1.93367334900006],[-70.16337117499995,1.919843282000045],[-70.1805640849999,1.884803857000065],[-70.17556491499994,1.870091528000046],[-70.14907876299992,1.867606421000062],[-70.12350978099994,1.837591244000066],[-70.11111640699994,1.834733067000059],[-70.09435961199995,1.810981819000062],[-70.0693501369999,1.799911807000058],[-70.04649701499994,1.772200054000052],[-70.01615453799991,1.760880439000061],[-70.00455491699995,1.762864600000057],[-69.97501501199991,1.743234932000064],[-69.92334354199994,1.749578805000056],[-69.9106557959999,1.742140303000042],[-69.9027694909999,1.745250048000059],[-69.88164812399992,1.726367692000053],[-69.87689643899995,1.73146766900004],[-69.86856233099991,1.723183317000064],[-69.87430913399993,1.719650650000062],[-69.86585063599995,1.719401871000059],[-69.8590092039999,1.709301430000039],[-69.84571911099994,1.713921054000082],[-69.8465865199999,1.077834658000086],[-69.8324315559999,1.080693542000063],[-69.82106199299994,1.06734737000005],[-69.80383897899992,1.065284851000058],[-69.7911951289999,1.087818980000065],[-69.77364034099992,1.10059132400005],[-69.74473977799994,1.113742381000066],[-69.72254707799993,1.108336403000067],[-69.70367649299993,1.118640024000058],[-69.7020731689999,1.075817509000046],[-69.67428766799992,1.07063458500005],[-69.6681766719999,1.08120159300006],[-69.64504328399994,1.089688283000044],[-69.63335948999992,1.085513731000049],[-69.6185297689999,1.097435282000049],[-69.60524874299995,1.097857852000061],[-69.57419745099992,1.074467121000055],[-69.56108160799994,1.071923120000065],[-69.52040771499992,1.07190465900004],[-69.48468300999991,1.079778476000058],[-69.43756270199992,1.074099810000064],[-69.43095834199994,1.048508147000064],[-69.4131611169999,1.041242167000064],[-69.38102315999993,1.074798788000066],[-69.37617180799992,1.088976566000042],[-69.37108632899992,1.080516385000067],[-69.35665394099993,1.079252168000039],[-69.32091480899993,1.088085465000063],[-69.29903363699992,1.063295584000059],[-69.28873442499992,1.061019074000058],[-69.2877578749999,1.053756013000054],[-69.24419333899993,1.056204686000058],[-69.24266191799995,1.042354506000038],[-69.19806504699994,1.000597120000066],[-69.21770128499992,0.974373700000058],[-69.17298137999995,0.951094866000062],[-69.16571609399995,0.941800688000058],[-69.16970174799991,0.934657383000058],[-69.18801002399994,0.933564914000044],[-69.19102304599994,0.915941433000057],[-69.15483285199991,0.881125284000063],[-69.14006882899992,0.883746374000054],[-69.13658504099993,0.876840167000069],[-69.14166631599994,0.848705725000059],[-69.15983283799994,0.850348238000038],[-69.16737577999993,0.843746690000046],[-69.16777128199993,0.820732638000038],[-69.15429401499995,0.806170337000083],[-69.1475934529999,0.768689067000082],[-69.16099933599992,0.756381543000089],[-69.17571927699993,0.760020928000074],[-69.18764632499995,0.746814920000077],[-69.18779504199995,0.73298430300008],[-69.18109885299992,0.715985655000054],[-69.15876561699991,0.711598897000044],[-69.14563396699992,0.698526584000092],[-69.11790134899991,0.654018766000092],[-69.1205782479999,0.633753248000062],[-69.13474675399993,0.645187339000074],[-69.1556358549999,0.646649728000057],[-69.1587878009999,0.653317576000063],[-69.17066851399994,0.647645935000071],[-69.18328893699993,0.654268610000088],[-69.19816056899992,0.646513550000066],[-69.1958670059999,0.639629531000082],[-69.20425555799994,0.632581092000066],[-69.20012022999992,0.606669454000041],[-69.21350247999993,0.610409606000076],[-69.23069963799992,0.604749265000066],[-69.23142537299992,0.598693537000088],[-69.24409600299992,0.609841312000071],[-69.27198167999995,0.601878752000061],[-69.29478167499991,0.60390605300006],[-69.28468686799994,0.620168080000042],[-69.29058668499994,0.637869527000078],[-69.28575677599991,0.648990916000059],[-69.29098804099993,0.65035877400004],[-69.30553844499991,0.644362532000059],[-69.31953553199992,0.626328231000059],[-69.32273005099995,0.640924211000083],[-69.32706144299993,0.637140222000085],[-69.33651902699995,0.643279877000055],[-69.35314985399992,0.614306915000043],[-69.40411951499993,0.664159647000076],[-69.41420929799995,0.686958650000065],[-69.43557673999993,0.69857525000009],[-69.43386407699995,0.71264446400005],[-69.45609482499992,0.71901450200005],[-69.46378048399993,0.736491643000079],[-69.48077955799994,0.735582479000072],[-69.5066393649999,0.71299268000007],[-69.51501506799991,0.71432517900007],[-69.53250822399991,0.702396738000061],[-69.5357463759999,0.679477168000062],[-69.56263428599993,0.684200399000076],[-69.5668054809999,0.671360827000058],[-69.59290876299991,0.65654868200005],[-69.58749786899995,0.639930526000057],[-69.60628473199995,0.634621129000038],[-69.60668448099995,0.613263087000064],[-69.6207056259999,0.634348311000053],[-69.6305851489999,0.629180122000093],[-69.64936963199995,0.663667209000039],[-69.66402109699993,0.662413340000057],[-69.67107619899991,0.667897997000068],[-69.68787519299991,0.663924297000051],[-69.69114775799994,0.648617611000077],[-69.69561683599994,0.655124944000079],[-69.71583273699991,0.64107660600007],[-69.72405615399992,0.615073857000084],[-69.73875996699991,0.608732699000086],[-69.74872752899995,0.619837644000086],[-69.76273779499991,0.60393332700005],[-69.78256346499995,0.596043034000047],[-69.80283647199991,0.571867710000049],[-69.82331041799995,0.591404275000059],[-69.83795336599991,0.584775875000048],[-69.85220202699992,0.587595841000052],[-69.85997552299995,0.577706937000073],[-69.86943388999993,0.582828697000082],[-69.88722273999991,0.577051366000092],[-69.8948846049999,0.585769711000069],[-69.90287084399995,0.58081095700004],[-69.91646155699993,0.590195508000079],[-69.9141582389999,0.580401647000087],[-69.93608735099991,0.552933149000069],[-69.96102648199991,0.561580110000079],[-69.96376286199995,0.571169338000061],[-69.97831009399994,0.578045981000059],[-69.9883419009999,0.575666520000084],[-69.98552461999992,0.567481174000079],[-70.00044403399994,0.57357367700007],[-69.99168619599993,0.562916292000068],[-69.99558979499994,0.550476597000056],[-70.00543133999992,0.544343489000084],[-70.02134839299993,0.545162459000039],[-70.02097878199993,0.556298790000085],[-70.02798530099994,0.56278085200006],[-70.04647625799993,0.56318989500005],[-70.04775169099992,-0.112114238999936],[-70.04264813599991,-0.122507597999913],[-70.06522743799991,-0.164499165999928],[-70.05330195699992,-0.189243712999939],[-70.00005978299993,-0.222902964999946],[-69.99306968399992,-0.241243073999954],[-69.98197207299995,-0.246842480999931],[-69.96984475999994,-0.268425438999941],[-69.95086536699995,-0.279296945999931],[-69.9455627449999,-0.293820436999908],[-69.93613450799995,-0.294180884999946],[-69.93546638299995,-0.304974154999911],[-69.92073034299995,-0.325624986999912],[-69.88962829799993,-0.341815248999922],[-69.88232802699991,-0.334060647999934],[-69.86803808899992,-0.340263489999927],[-69.84483643599992,-0.337574596999957],[-69.8330942579999,-0.354030935999958],[-69.82912293399994,-0.37547215099994],[-69.8116128819999,-0.372552537999923],[-69.79229902399993,-0.383941970999956],[-69.7900107609999,-0.392579146999935],[-69.77439157999993,-0.391287338999916],[-69.76528017499993,-0.404141154999934],[-69.75367387599994,-0.408415309999953],[-69.74972044399993,-0.420535961999917],[-69.74174438499995,-0.421881747999919],[-69.74020189999993,-0.433872181999959],[-69.72687884499993,-0.445996151999907],[-69.71983559199992,-0.443110463999915],[-69.72021191999994,-0.44941204099996],[-69.71147808799992,-0.448006598999939],[-69.70952601899995,-0.454432667999924],[-69.69655373199993,-0.45070818399995],[-69.69498044799991,-0.459366526999929],[-69.68127552299995,-0.460556138999948],[-69.67964322599994,-0.467359402999932],[-69.66644843199992,-0.46436996999995],[-69.6423364819999,-0.480214102999923],[-69.64125459799993,-0.49365055699991],[-69.60848809399994,-0.500586712999961],[-69.61441018399995,-0.534366932999944],[-69.59889851199995,-0.544813627999929],[-69.60352420599992,-0.547454367999933],[-69.59744619399993,-0.55445330799995],[-69.59473280899994,-0.551057408999952],[-69.5967911809999,-0.557765939999911],[-69.59153797899995,-0.560958],[-69.60348029099993,-0.595664390999957],[-69.58863272299993,-0.602278314999921],[-69.58269084699992,-0.614549574999955],[-69.58622617199995,-0.618199414999935],[-69.57783157699993,-0.614399556999956],[-69.5690316109999,-0.622201054999948],[-69.57458648399995,-0.630461280999953],[-69.56199229299995,-0.636720994999962],[-69.5754294589999,-0.650100831999907],[-69.57354968599992,-0.661811053999941],[-69.58172081599992,-0.660734969999908],[-69.57578673699993,-0.66673884699992],[-69.5851190059999,-0.671849744999918],[-69.58250522399993,-0.680917497999928],[-69.59500029999992,-0.685052433999942],[-69.59300103399994,-0.691556463999916],[-69.59905413899992,-0.687880694999933],[-69.59552474999992,-0.693585607999921],[-69.60252819599992,-0.696320981999918],[-69.59774354199993,-0.69920426199991],[-69.60155492099994,-0.712425367999913],[-69.6086603089999,-0.711903360999941],[-69.60318049499995,-0.715393117999952],[-69.60557564499993,-0.720919813999956],[-69.61617262499993,-0.71898927399991],[-69.6077946179999,-0.725942679999946],[-69.61934648399995,-0.732208894999928],[-69.62371451199994,-0.72888792099991],[-69.62419701199991,-0.736660041999926],[-69.61623367499993,-0.737276835999921],[-69.62559509599993,-0.745645848999914],[-69.61523411299993,-0.745850409999946],[-69.61869252499991,-0.75755395799996],[-69.6062364739999,-0.755006902999924],[-69.6120699949999,-0.765418530999909],[-69.60289184699991,-0.767481430999908],[-69.60226489299993,-0.777688182999952],[-69.5964896509999,-0.779100467999911],[-69.60155680199995,-0.784249039999906],[-69.58617875999994,-0.781363254999917],[-69.58338871699993,-0.800534795999909],[-69.5745112269999,-0.798922372999925],[-69.57533230399991,-0.809459427999911],[-69.56450373099995,-0.806711108999934],[-69.55832498099994,-0.818596629999945],[-69.57331536599992,-0.83865633399995],[-69.54897780699991,-0.851237416999936],[-69.5451348759999,-0.86164871099993],[-69.53899025599992,-0.858338194999931],[-69.53529886399991,-0.86677605899996],[-69.53400811299991,-0.858622292999939],[-69.52567245599994,-0.86879741499996],[-69.5321446829999,-0.873581238999918],[-69.5234775209999,-0.875213361999954],[-69.53028743399994,-0.879096697999955],[-69.52166727699995,-0.892402180999909],[-69.53113164399991,-0.894686338999918],[-69.52077607199993,-0.899864120999951],[-69.53473358299993,-0.904253981999943],[-69.5267043529999,-0.908552305999933],[-69.5293802999999,-0.916894962999947],[-69.52359008899992,-0.921250627999939],[-69.5282613469999,-0.924458601999959],[-69.5190876609999,-0.924402320999945],[-69.5157108329999,-0.932506675999946],[-69.51008282499993,-0.927441456999929],[-69.50838198999992,-0.939593285999933],[-69.49685695599993,-0.943593893999946],[-69.49950211099991,-0.949447038999949],[-69.49179173099992,-0.944494367999937],[-69.49238927399995,-0.952815609999959],[-69.48590403899993,-0.947872979999943],[-69.47130571499991,-0.957663958999944],[-69.46230086899993,-0.967681848999916],[-69.46727692999991,-0.982742310999924],[-69.45909289799994,-0.993795892999913],[-69.45447791999993,-0.990531637999936],[-69.44924383299991,-0.996947582999951],[-69.43855059799995,-0.990475364999952],[-69.4347462369999,-1.004067856999939],[-69.41817714299992,-0.999029962999941],[-69.42161023299991,-1.007640846999948],[-69.43207836399995,-1.006008713999961],[-69.41986555299991,-1.011073935999946],[-69.43477982399992,-1.014563316999954],[-69.43140300199991,-1.019515979999937],[-69.43877571999991,-1.023286756999937],[-69.4370310299999,-1.028464537999923],[-69.4450791079999,-1.023005359999956],[-69.4426166689999,-1.034006974999954],[-69.43196580299991,-1.035612141999934],[-69.43247232099992,-1.041127598999935],[-69.42903923999995,-1.034993052999937],[-69.42448050699994,-1.046417942999938],[-69.4185961149999,-1.043640381999921],[-69.42560613799992,-1.06088197899993],[-69.4305588009999,-1.060769419999929],[-69.42037206799995,-1.069943105999926],[-69.45214878299993,-1.070840261999933],[-69.46988774199991,-1.08974210699995],[-69.45957184799994,-1.134249785999941],[-69.46531078899994,-1.144195618999959],[-69.48334379499994,-1.145174080999936],[-69.48921909099994,-1.152902395999945],[-69.47007362999994,-1.163786644999959],[-69.46503098199992,-1.189306100999943],[-69.47379270899995,-1.20790771299994],[-69.4903966299999,-1.216860331999953],[-69.50865562399991,-1.216546918999938],[-69.53904901599992,-1.191925760999936],[-69.56472594699994,-1.193264966999948],[-69.57784512299992,-1.155323085999953],[-69.59253914499993,-1.145835753999961],[-69.61449466199991,-1.162706815999911],[-69.63306673699992,-1.166418958999941],[-69.6385063219999,-1.214863735999927],[-69.6503766969999,-1.226997011999913],[-69.66652913399992,-1.225066452999954],[-69.68039121399994,-1.200714929999947],[-69.68090618399992,-1.121334095999941],[-69.6769194439999,-1.116156546999946],[-69.66154712299993,-1.116477180999937],[-69.6523046499999,-1.133694926999908],[-69.64967236399991,-1.115785587999937],[-69.70471089199992,-1.047776509999949],[-69.7250935799999,-1.038324222999961],[-69.7377766809999,-1.042438973999936],[-69.74952003999994,-1.027621015999955],[-69.77474981999995,-1.040959186999942],[-69.75758011399995,-1.073477265999941],[-69.73484256899991,-1.081336372999942],[-69.73588841499992,-1.090776626999912],[-69.7453664219999,-1.097500335999939],[-69.76558552099993,-1.097157099999947],[-69.78088484699992,-1.089423090999958],[-69.81479474299994,-1.035480271999916],[-69.83032587999992,-1.027783424999939],[-69.85341641899993,-1.03877892099996],[-69.8763981269999,-1.078556456999934],[-69.91042414499992,-1.080888409999943],[-69.94010498499995,-1.097096490999945],[-69.96088758899992,-1.093303836999951],[-69.9701019499999,-1.081515356999944],[-69.97095026499994,-1.068706591999955],[-69.94118611699992,-1.033114268999952],[-69.95457238799992,-1.006352112999934],[-69.95402128899991,-0.995108141999935],[-69.92106954999991,-0.972951249999937],[-69.9070408739999,-0.980409934999955],[-69.90180814299993,-0.97468091099995],[-69.90930454799991,-0.962843539999938],[-69.93934574699995,-0.946711772999947],[-69.95819482599995,-0.967752770999937],[-69.99683357599991,-0.97649490699996],[-70.00790001199994,-0.966050166999935],[-70.00104254299993,-0.945517299999949],[-70.02032579699994,-0.937555910999947],[-70.02627415099994,-0.947572899999955],[-70.0230873349999,-0.971529162999957],[-70.0393068919999,-0.980852937999941],[-70.05199161599995,-0.974254766999934],[-70.07315042499994,-0.948208034999936],[-70.10528081899992,-0.955799543999944],[-70.13667410699992,-0.990644646999954],[-70.13805316499992,-1.009858954999913],[-70.12561151699992,-1.021262600999933],[-70.1060203209999,-1.010965886999941],[-70.08742363199991,-1.012571624999907],[-70.07933379099995,-1.038374373999943],[-70.11364104299992,-1.07850439799995],[-70.12828683399994,-1.111075936999953],[-70.1503737569999,-1.117056076999916],[-70.1695188139999,-1.112295644999961],[-70.17798579499993,-1.099918978999938],[-70.17755044499995,-1.074900279999952],[-70.21675573399995,-1.065362577999906],[-70.22759869599992,-1.049673616999939],[-70.22446555599993,-1.032055204999949],[-70.2005749029999,-1.010481314999936],[-70.1974684679999,-0.985065028999941],[-70.21991951899992,-0.985347434999937],[-70.23206285399993,-1.014576162999958],[-70.25317850199991,-1.020778424999946],[-70.2839855599999,-0.999746440999957],[-70.30712294499995,-0.964603714999953],[-70.29588596799994,-0.936491687999933],[-70.26058557399995,-0.938044904999913],[-70.25094626999993,-0.910474500999953],[-70.22560003399991,-0.896021262999909],[-70.22125288899991,-0.886345634999941],[-70.25894088899992,-0.831818342999952],[-70.28990808999993,-0.80875167399995],[-70.29712697799994,-0.79131932599995],[-70.29023166699994,-0.752465437999945],[-70.2783188169999,-0.745133952999936],[-70.25607882799994,-0.746862205999946],[-70.24879939999994,-0.739398321999943],[-70.26190984899995,-0.711549517999913],[-70.25241539199993,-0.671843232999947],[-70.26079147299993,-0.653267978999907],[-70.25534090899993,-0.639504450999937],[-70.26040722699992,-0.616161108999961],[-70.25613432699993,-0.60285579799995],[-70.28223959499991,-0.558178063999947],[-70.29993715099994,-0.55928659999995],[-70.30123144399994,-0.583366140999942],[-70.30974686999991,-0.590287803999956],[-70.32425370899995,-0.580618410999932],[-70.32523368199992,-0.56134252399994],[-70.29375286099992,-0.514369847999944],[-70.26227161799994,-0.496483692999959],[-70.24451148499992,-0.46985140299995],[-70.23179213999992,-0.468079805999935],[-70.21018882499993,-0.477782364999939],[-70.20257212599995,-0.473843551999948],[-70.19959734699995,-0.460246910999956],[-70.21159646699994,-0.440119670999934],[-70.22299010499995,-0.435791407999943],[-70.24660537699992,-0.445440743999939],[-70.26811211299992,-0.418098074999932],[-70.2883338279999,-0.412934934999953],[-70.29701048499993,-0.416733749999935],[-70.30975953699993,-0.441497733999938],[-70.33398036299991,-0.43815798299994],[-70.36506578199993,-0.453960751999944],[-70.36498931699992,-0.464139407999937],[-70.35116228699991,-0.472538910999958],[-70.32124820999991,-0.469823274999953],[-70.32217263599995,-0.489812614999948],[-70.33461479499994,-0.499275617999956],[-70.37776695399992,-0.497901044999935],[-70.38767206499995,-0.468109125999945],[-70.39962306299992,-0.462851503999957],[-70.43686763699992,-0.477961768999933],[-70.4573535369999,-0.495480120999957],[-70.46478387999991,-0.48221895599994],[-70.44844277999994,-0.460273330999939],[-70.45259458699991,-0.439688103999913],[-70.47757335699993,-0.400493788999938],[-70.51168117499992,-0.371630487999937],[-70.51930303899991,-0.357653871999958],[-70.52873497199994,-0.357882328999949],[-70.53122400599995,-0.37467023499994],[-70.54729678899992,-0.363124871999958],[-70.56065235699992,-0.365860311999938],[-70.5689511459999,-0.389637261999951],[-70.57951492099994,-0.391992763999951],[-70.59007928799991,-0.384245125999939],[-70.60653087199995,-0.345276721999937],[-70.6303763009999,-0.31990594499996],[-70.65550279999991,-0.333580567999945],[-70.6656133379999,-0.349913302999937],[-70.67798822399993,-0.352116796999951],[-70.68983585299992,-0.331151116999933],[-70.7366963259999,-0.286713410999937],[-70.7669544769999,-0.296361846999957],[-70.78008365999995,-0.312314902999958],[-70.77857435599992,-0.317404522999936],[-70.7594835029999,-0.319075171999941],[-70.7621241459999,-0.331077734999951],[-70.8060402559999,-0.346196156999952],[-70.80973719099995,-0.36389619299996],[-70.82618707799992,-0.365719844999944],[-70.84271344699994,-0.327737510999953],[-70.86497402299995,-0.30965817799995],[-70.86791727199994,-0.290438912999946],[-70.8781797609999,-0.279955824999945],[-70.8725961749999,-0.261116221999941],[-70.88308550599993,-0.213941635999959],[-70.91507976799994,-0.201787464999938],[-70.91734367499993,-0.183783554999934],[-70.94473504199993,-0.159474649999936],[-70.94624428299994,-0.144813209999938],[-70.93454841599993,-0.131746980999935],[-70.91719321599993,-0.122706928999946],[-70.9015734269999,-0.132506426999953],[-70.8921413679999,-0.113059103999944],[-70.89902187199993,-0.101618518999942],[-70.92496360299992,-0.091646113999957],[-70.92348121799995,-0.081067279999957],[-70.93048885499991,-0.076283219999937],[-70.92725456099993,-0.051756490999935],[-70.96128202699992,-0.039830031999941],[-70.9728715789999,-0.026758097999959],[-70.9688960929999,-0.009306385999935],[-71.00171069899994,-0.00378113499994],[-71.01862335999994,-0.018335453999953],[-71.01208739099991,-0.041514559999939],[-71.03108886699994,-0.04744409999995],[-71.05305511199992,-0.027701433999937],[-71.03587292599991,-0.01227115599994],[-71.03951150699993,-0.00452232799995],[-71.06457728399994,-0.010114960999942],[-71.08135518199992,0.001541972000041],[-71.09503354999993,-0.008160906999933],[-71.1043321439999,0.026001320000091],[-71.1134285949999,0.023575602000051],[-71.12164909199993,0.005045791000043],[-71.13397983699991,0.004169837000063],[-71.14945226399993,0.038720884000043],[-71.14543462699993,0.062926173000051],[-71.1843135339999,0.097054710000066],[-71.19233188699991,0.09408994100005],[-71.1871435409999,0.081152767000049],[-71.19799190099991,0.078659664000043],[-71.22575292199991,0.054200320000064],[-71.23491675499992,0.066396300000065],[-71.25027964999992,0.057771518000038],[-71.26436230399992,0.07010226500006],[-71.29266237399992,0.068350355000064],[-71.29751381499995,0.072595363000062],[-71.2903040349999,0.095909231000064],[-71.32850912999993,0.112889273000064],[-71.3209624449999,0.136337906000051],[-71.33524724199992,0.15500247500006],[-71.34373726299992,0.152441990000057],[-71.3418505919999,0.138291955000057],[-71.36543398399994,0.144558399000061],[-71.3731154319999,0.172117278000087],[-71.39959621199995,0.185863027000039],[-71.40175240799994,0.160123441000053],[-71.40882742499991,0.15069008100005],[-71.42183198099991,0.141997919000062],[-71.4495930029999,0.139033149000056],[-71.47034638799994,0.15264413500006],[-71.4687966219999,0.159112721000042],[-71.45666801999994,0.16308820800009],[-71.45558992199994,0.174071330000061],[-71.47351329999992,0.184987074000048],[-71.48308141899992,0.150555322000059],[-71.4948731149999,0.145569117000093],[-71.49521002099993,0.134788137000044],[-71.50302623099992,0.129465030000063],[-71.51636769099991,0.132227655000065],[-71.52970915399993,0.119896912000058],[-71.54500466799993,0.131014794000066],[-71.52613795499991,0.152509373000044],[-71.53146106299994,0.165244405000067],[-71.54830634299992,0.173869190000062],[-71.5821990469999,0.163222970000049],[-71.58994787499995,0.166255122000052],[-71.57788665499993,0.179798726000058],[-71.57721284399992,0.197991629000057],[-71.5617151859999,0.208098797000048],[-71.56077185099991,0.216251914000054],[-71.57114854299994,0.215308575000051],[-71.60578243899994,0.18330254500006],[-71.63614882999991,0.182972109000048],[-71.63207449399994,0.189808884000058],[-71.61712267399992,0.192939287000058],[-71.62747011099992,0.204796547000058],[-71.62411135999992,0.21587327900005],[-71.64390655499994,0.20958455400006],[-71.69793243099991,0.237455044000058],[-71.72630316099992,0.280975888000057],[-71.7243736659999,0.288122170000065],[-71.70086240499995,0.299556216000042],[-71.7050072479999,0.318422398000052],[-71.72716071499991,0.308560528000044],[-71.73724486499992,0.285695175000058],[-71.75132351499991,0.297222659000056],[-71.75368570499995,0.33241928700005],[-71.7693233999999,0.327458686000057],[-71.78907130499994,0.335679105000054],[-71.78524455799993,0.34536408300005],[-71.77348085299991,0.348387689000049],[-71.76696120999992,0.369600150000053],[-71.78888232999992,0.363836407000065],[-71.81481917099995,0.373568627000054],[-71.80187437199993,0.355285279000043],[-71.82346478499994,0.339364122000063],[-71.85313388599991,0.35235616600005],[-71.8347088079999,0.36761591000004],[-71.83626785299992,0.395111795000048],[-71.82341754099991,0.405741650000039],[-71.84689770599994,0.413584119000063],[-71.84727565599991,0.438056404000065],[-71.8589921169999,0.457001166000055],[-71.8871021729999,0.469379038000056],[-71.88984231299992,0.447552405000067],[-71.90420442499993,0.442780781000067],[-71.9193696829999,0.451001202000043],[-71.92078699599995,0.46007201000009],[-71.90146428499992,0.47197744500005],[-71.9054327639999,0.47863882200005],[-71.92192084699991,0.478544333000059],[-71.92900741599993,0.48662302300005],[-71.92914914699992,0.497205629000064],[-71.91313350199994,0.514544102000059],[-71.92929087899995,0.553425742000059],[-71.94138528999991,0.57104767900006],[-71.94336952899994,0.550591114000042],[-71.95310174999992,0.54000850500006],[-71.96387333399991,0.556024150000042],[-71.9897629319999,0.563016231000063],[-71.99067712399994,0.589001081000049],[-72.01184477499993,0.597714822000057],[-71.99496045699993,0.606634838000048],[-71.98147424099994,0.632014411000057],[-71.99496045699993,0.633076318000064],[-71.9993142749999,0.658774461000064],[-72.01365001699992,0.653252549000058],[-72.0331922229999,0.664277520000041],[-71.80304058299993,0.888841305000085],[-71.77409653899991,0.90605789600005],[-71.76570553699992,0.961615475000087],[-71.75502188599995,0.964074075000042],[-71.74028548099994,0.984824232000051],[-71.71023241599994,0.990475244000038],[-71.69211001899993,0.982620071000042],[-71.68838074099995,0.97032788100006],[-71.6655645589999,0.972923942000079],[-71.63831200099992,0.997022427000047],[-71.63702174999992,1.008001924000041],[-71.6157958089999,1.037083463000045],[-71.61129275099995,1.035348178000049],[-71.60194075999993,1.04729758700006],[-71.58514693399991,1.044694144000061],[-71.59206642299995,1.057075370000064],[-71.58821619999992,1.063650614000039],[-71.57931374299994,1.06203417100005],[-71.58849160599993,1.068576914000062],[-71.57872264299994,1.07225793300006],[-71.58107633599991,1.079429515000072],[-71.57416265899991,1.080632950000052],[-71.57993747799992,1.085309977000065],[-71.57309970999995,1.08719910800005],[-71.57913619899995,1.089132075000066],[-71.57268434699995,1.09115448700004],[-71.58345073599992,1.095613770000057],[-71.57754762799993,1.105159393000065],[-71.58568279799994,1.111471119000043],[-71.57528856199991,1.108053074000054],[-71.57438125399995,1.11569430500009],[-71.58223271999992,1.119385698000087],[-71.57295102899991,1.120891239000059],[-71.582542,1.126873751000062],[-71.57122904899995,1.122999693000054],[-71.56332570099994,1.130506150000087],[-71.55233833999995,1.112712461000058],[-71.5399897129999,1.114559893000092],[-71.55700553799994,1.144313275000059],[-71.55622767199992,1.155495105000057],[-71.53162765299993,1.160259533000044],[-71.53551698399991,1.124088756000049],[-71.50265213599994,1.103280832000053],[-71.4850529119999,1.108823129000086],[-71.49283157499991,1.131186783000089],[-71.50799996599994,1.137215246000039],[-71.50190207799994,1.147810115000084],[-71.51187543599991,1.149819667000088],[-71.50762141899992,1.152858337000055],[-71.51106753499994,1.163951569000062],[-71.51759933799991,1.16433666100005],[-71.51307419299991,1.172673670000052],[-71.53193265899995,1.179684474000055],[-71.5273322889999,1.19103021300009],[-71.53306247899991,1.193289709000055],[-71.53468175599994,1.206022099000052],[-71.54310320099995,1.201556133000054],[-71.54432493799993,1.207175679000045],[-71.55301769199991,1.207418853000092],[-71.5515016139999,1.219761850000054],[-71.53890810399992,1.230193897000049],[-71.5431776179999,1.22940458000005],[-71.54387368699992,1.249569442000052],[-71.55077918799992,1.250692684000057],[-71.5412734329999,1.260191922000047],[-71.54766409199993,1.259162425000056],[-71.54569166999994,1.267679515000054],[-71.5525197099999,1.276904710000053],[-71.52640218999994,1.278027441000063],[-71.53061377999995,1.295835636000049],[-71.5227596389999,1.292598726000051],[-71.5273938229999,1.302637904000051],[-71.52155206899994,1.299460544000056],[-71.52254867899995,1.30942547300009],[-71.5172817209999,1.307191633000059],[-71.52214342199994,1.316724751000038],[-71.5158149529999,1.316139760000056],[-71.51936007199993,1.321283109000092],[-71.51169516099992,1.336510686000054],[-71.50744585099994,1.334105992000048],[-71.5028599979999,1.36278000100009],[-71.48772999699992,1.372540002000051],[-71.4896699979999,1.383640007000054],[-71.47863999799995,1.40484000400005],[-71.47941999699992,1.446160002000056],[-71.45532000199995,1.464770005000048],[-71.45400000099994,1.485669998000049],[-71.43994000099991,1.507999998000059],[-71.43948,1.545000007000056],[-71.39017999899994,1.598200008000049],[-71.39829189399995,1.629158105000045],[-71.38884802299992,1.657140116000051],[-71.40167782499992,1.700738714000067],[-71.39817629099991,1.733711396000047],[-71.36781971999994,1.738939205000065],[-71.36775842799995,1.73274463100006],[-71.35176416699994,1.72722047700006],[-71.33044368599991,1.705118779000088],[-71.31388438499994,1.713908394000043],[-71.29208999899993,1.689349999000058],[-71.26697000299993,1.678810005000059],[-71.2586193759999,1.667971697000041],[-71.24528000099991,1.672450002000062],[-71.17452532999994,1.748526932000061],[-71.12792307899991,1.77144766400005],[-71.12582539599993,1.783058837000056],[-71.09258507099992,1.781080235000047],[-71.09265069199995,1.790778140000043],[-71.08648772799995,1.793285131000061],[-71.09337195899991,1.802059444000065],[-71.08203429499991,1.797944217000065],[-71.06942557699995,1.806508288000089],[-71.06471170399993,1.79831930000006],[-71.05871930399991,1.805513738000059],[-71.04839999599994,1.804132954000067],[-71.04196625399993,1.817404447000058],[-71.0246335029999,1.810541049000051],[-71.01845637299994,1.814133217000062],[-71.01996584799991,1.821198778000053],[-71.01265683999992,1.814064655000038],[-71.01257123099992,1.822433081000042],[-71.00504162399994,1.82455320400004],[-71.00011729199991,1.81519088400006],[-70.99504119999995,1.824004720000062],[-70.98673625799995,1.82496476700004],[-70.98958523699991,1.834509009000044],[-70.98154824499994,1.832186225000044],[-70.97423913799992,1.843309470000065],[-70.96479192499993,1.84048888600006],[-70.94123339999993,1.858598320000056],[-70.94431987699994,1.865076253000041],[-70.93564646199991,1.867826704000038],[-70.9349047689999,1.87411591700004],[-70.93151522799991,1.870652151000058],[-70.92119308199995,1.883478539000066],[-70.9026115289999,1.888278787000047],[-70.90820666699994,1.895375242000057],[-70.9041269949999,1.899791808000089],[-70.9025446949999,1.89521899600004],[-70.89601756399992,1.918004312000051],[-70.88996208499992,1.920147547000056],[-70.89467379199994,1.927529789000062],[-70.88470606499993,1.921627395000087],[-70.87963715199993,1.933160021000049],[-70.86613139199994,1.908750996000038],[-70.86045012699992,1.916915689000064],[-70.8525065629999,1.911251434000064],[-70.84697838599993,1.92055577900004],[-70.83255409799995,1.910571043000061],[-70.8342720839999,1.918973870000059],[-70.82034108099992,1.908836044000054],[-70.81081560699994,1.913751870000056],[-70.80103498799991,1.905570169000043],[-70.79572793699992,1.917425982000054],[-70.7799258579999,1.912306039000043],[-70.78130364999993,1.922120678000056],[-70.77322400699995,1.920011467000052],[-70.77045141399992,1.927631845000064],[-70.76000741299993,1.918650685000046],[-70.76488921799995,1.91424515500006],[-70.76106201899995,1.909992709000051],[-70.74725008199994,1.912799323000058],[-70.74303165899994,1.908138645000065],[-70.74536199799991,1.921151125000051],[-70.73314898099994,1.923906704000046],[-70.7212761589999,1.918888821000053],[-70.71989836699993,1.910264865000045],[-70.71656445099995,1.918956863000062],[-70.71238004599991,1.912918391000062],[-70.70940333499993,1.917374951000056],[-70.6998608529999,1.912816331000045],[-70.70501481499991,1.906437666000045],[-70.69982683399991,1.903239831000064],[-70.69557438999993,1.908750996000038],[-70.69106679999993,1.89766062700005],[-70.68297014799992,1.90914222400005],[-70.68118412199993,1.901283707000061],[-70.67846255799992,1.907730409000067],[-70.66805257599992,1.902627477000067],[-70.66259243799993,1.913904958000046],[-70.63614223999991,1.903290858000048],[-70.63447528299992,1.918718724000087],[-70.61697222599992,1.92075989600005],[-70.62091849199993,1.929979193000065],[-70.6097090529999,1.921763472000066],[-70.60914772899991,1.927767926000058],[-70.60589886299994,1.924008764000064],[-70.59955421799992,1.935609430000056],[-70.59033491899993,1.938807269000051],[-70.57914248899993,1.928550373000064],[-70.5721854919999,1.935983643000043],[-70.56565373899991,1.932870858000058],[-70.56187756799994,1.940933487000052],[-70.5496475409999,1.937990798000044],[-70.5308944969999,1.957113123000056],[-70.52385857299993,1.947213454000064],[-70.52336482399994,1.954175316000089],[-70.51398359099994,1.956964997000057],[-70.51111984699992,1.940399716000059],[-70.5022323629999,1.949929075000057],[-70.48662989299993,1.945756893000066],[-70.48899988799991,1.953533442000094],[-70.47989021799992,1.95928562000006],[-70.48529676999993,1.963087486000063],[-70.46443587199991,1.962988736000057],[-70.46648492999992,1.97172809500006],[-70.46295462499995,1.967136230000051],[-70.45804182099994,1.971530595000047],[-70.4656455569999,1.982886823000058],[-70.44206903899993,1.986392442000067],[-70.43471217799993,1.999748355000065],[-70.42076376499995,1.986515882000049],[-70.40560566999994,1.989922750000062],[-70.39866849499992,1.998859606000053],[-70.38652226699992,1.985207446000061],[-70.37635103699995,1.988490877000061],[-70.38173290199995,1.995823052000048],[-70.3790913439999,2.004216783000061],[-70.36810542699993,2.003550223000047],[-70.36479730899993,1.985553068000058],[-70.3552185769999,1.989601812000046],[-70.3511204589999,1.983034949000057],[-70.3478864029999,1.992292743000064],[-70.34072704099992,1.988466189000064],[-70.33927048099991,2.000316166000061],[-70.32979049799991,1.993428367000092],[-70.33016080999994,1.999106483000048],[-70.3225323879999,1.997822735000057],[-70.31764427199994,2.01283270600004],[-70.30631273099993,2.006784279000044],[-70.30554741999993,2.014042390000043],[-70.2757990369999,2.019498317000057],[-70.27636684899994,2.014511454000058],[-70.26508468299994,2.023497686000042],[-70.26069031599991,2.014116452000053],[-70.25054377299995,2.029397987000038],[-70.23849629499995,2.024312372000054],[-70.22963349899993,2.03426141500006],[-70.20563729399993,2.01885644500004],[-70.20339073499991,2.027743928000064],[-70.19391075399994,2.024978932000067],[-70.1940341909999,2.030607671000041],[-70.1906520089999,2.023398936000092],[-70.18102390299993,2.024756746000094],[-70.17635797399993,2.040260466000063],[-70.17117360899994,2.038729844000045],[-70.17196360699995,2.04623483000006],[-70.16312549899993,2.045272019000038],[-70.1514906239999,2.071627965000062],[-70.13946549199994,2.062250277000089],[-70.11032549999993,2.080104576000053]]]}},{"type":"Feature","properties":{"dpto":99,"dpto_nombre":"Vichada"},"geometry":{"type":"Polygon","coordinates":[[[-67.80972446399994,6.324317080000071],[-67.79713060499995,6.320698423000067],[-67.76176763399991,6.291370332000042],[-67.71879691499993,6.30046051000005],[-67.69957399099991,6.293668862000061],[-67.62525919899991,6.291350296000076],[-67.58637739999995,6.262439335000067],[-67.54719368299993,6.266227387000072],[-67.51146617499995,6.233887289000052],[-67.47250754299995,6.210496653000064],[-67.45590750399992,6.189933730000064],[-67.48624494899991,6.163079439000057],[-67.49327384399993,6.126999458000057],[-67.46617343399993,6.072346847000063],[-67.42778398399992,6.038652979000062],[-67.42769755699993,6.026199071000065],[-67.40990899699995,6.00186652800005],[-67.41551970199993,5.984847758000058],[-67.4586387139999,5.962015764000057],[-67.47776272399994,5.936981451000065],[-67.53377170199991,5.903017857000066],[-67.5633344869999,5.85932570500006],[-67.59735997899992,5.827751836000061],[-67.61943782899993,5.748175672000059],[-67.63109543599995,5.732347743000048],[-67.63795207099992,5.674736080000059],[-67.62018233299995,5.566250803000059],[-67.59888591999993,5.544088504000058],[-67.6049350479999,5.525450471000056],[-67.61902904999994,5.512605704000066],[-67.62537359099991,5.475248394000062],[-67.68113562199994,5.42775910000006],[-67.70743280399995,5.419281678000061],[-67.72681439799993,5.397013341000047],[-67.79966924399992,5.358674592000057],[-67.84951036199993,5.303959710000072],[-67.84932593799994,5.27392141100006],[-67.82387062099991,5.251042579000057],[-67.83075994499995,5.223989705000065],[-67.82444601899994,5.196136910000064],[-67.83791619399994,5.177861065000059],[-67.85428492699992,5.13522497200006],[-67.8221061509999,5.083885527000064],[-67.82194302499994,5.06594586500006],[-67.80592663899995,5.054005089000043],[-67.81972288399993,5.028809125000066],[-67.82328130799993,4.977061251000066],[-67.83873226799994,4.943478120000066],[-67.83570577299992,4.881573345000049],[-67.82328108399992,4.83985092100005],[-67.82635737399994,4.767549432000067],[-67.81784417499995,4.707232718000057],[-67.8449355219999,4.645093814000063],[-67.84611332999992,4.593813082000054],[-67.8392983139999,4.557475663000048],[-67.85515276199993,4.539007477000041],[-67.85722970199993,4.524694280000062],[-67.83980355299991,4.505358763000061],[-67.81762037699991,4.496542400000067],[-67.79921978099992,4.479774770000063],[-67.79178903799993,4.467048444000056],[-67.79782470599991,4.437063991000059],[-67.77318225199991,4.418996923000066],[-67.78145849299995,4.392416643000047],[-67.76160990299991,4.349344510000037],[-67.76380715599993,4.341148649000047],[-67.79101082799991,4.340048539000065],[-67.80401210299993,4.327284572000053],[-67.80567298999995,4.315227232000041],[-67.79129937599993,4.276596638000058],[-67.79839459899995,4.23662452800005],[-67.77655098699995,4.204229413000064],[-67.76843594599995,4.162304878000043],[-67.73557122499994,4.128123717000051],[-67.71853177499992,4.06273503500006],[-67.70760158799993,4.045025831000089],[-67.81317475999992,3.984543514000052],[-67.8760181159999,3.919145549000064],[-67.91357085299995,3.909438039000065],[-67.91964453599991,3.910747062000041],[-67.92493685999995,3.945343827000045],[-67.93742808699994,3.963099322000062],[-67.96616915399994,3.962948628000049],[-67.99589797899995,3.980714305000049],[-68.0247746039999,3.97592058400005],[-68.03186806399992,3.983822828000086],[-68.02875953699993,4.001585832000046],[-68.03453251499991,4.01135548700006],[-68.04492746599993,4.008350479000057],[-68.06369047599992,3.958315783000046],[-68.07897885599994,3.935151576000067],[-68.08338077699995,3.945632366000041],[-68.07213087499991,3.968724274000067],[-68.0783599909999,3.980535161000091],[-68.0982961819999,3.974566240000058],[-68.10414572199994,3.951884347000089],[-68.11286034499994,3.943408481000063],[-68.12312688599991,3.939468994000038],[-68.13279653599994,3.946512320000068],[-68.13578099699993,3.955704455000046],[-68.11954553499993,3.982087079000053],[-68.13052834599995,4.000948865000055],[-68.17374332499992,3.986026568000057],[-68.20502046399992,3.997486891000051],[-68.19952905799994,3.977908835000051],[-68.20048408499991,3.961792753000054],[-68.20657238299992,3.956778860000043],[-68.23665573599993,3.975163135000059],[-68.31389355499994,3.977789459000064],[-68.33287471999995,3.992473002000054],[-68.34457380299995,3.993189271000062],[-68.3555566149999,3.95474942900006],[-68.34230561299995,3.93564888800006],[-68.34672261299994,3.92406918100005],[-68.38181985999995,3.912370099000043],[-68.42037908099991,3.926695505000055],[-68.43661454199992,3.914996423000048],[-68.42957121699993,3.895895881000058],[-68.39304142999993,3.872855852000043],[-68.39471272599991,3.85077085000006],[-68.41178383599993,3.850412715000061],[-68.43136189299992,3.881928609000056],[-68.4467617059999,3.884435556000085],[-68.45028816099995,3.868318353000063],[-68.44015716799993,3.853496222000047],[-68.4444934629999,3.838353735000055],[-68.4762399249999,3.851970011000049],[-68.51296770599993,3.82550765700006],[-68.51500070999992,3.810351810000043],[-68.5024589269999,3.792034200000046],[-68.50989137099992,3.779105307000066],[-68.52561715399992,3.784056200000066],[-68.55777298699991,3.818523299000049],[-68.56930075299994,3.81796735000006],[-68.57237298199993,3.801665426000056],[-68.55109452499994,3.778643850000037],[-68.55061546999991,3.763983588000087],[-68.57602310499993,3.790243940000039],[-68.58783178399995,3.776851658000055],[-68.60601425999994,3.78474906200006],[-68.63467832299995,3.773646675000066],[-68.6552447219999,3.804830836000065],[-68.6720404429999,3.81200135000006],[-68.68039220599991,3.806259969000052],[-68.68049726399994,3.79700394200006],[-68.64643374999991,3.775066229000061],[-68.64558786899994,3.764669964000063],[-68.65083867499993,3.76171011200006],[-68.67048243099993,3.775911651000058],[-68.70812750099992,3.767418933000044],[-68.75430131099995,3.783117517000051],[-68.7679596289999,3.769495425000059],[-68.77506270599991,3.734772754000062],[-68.79481120699995,3.722252638000043],[-68.8127290299999,3.719858692000059],[-68.83782556999995,3.744053636000046],[-68.85211682199991,3.738699607000058],[-68.85306980099995,3.720259467000062],[-68.82917552099991,3.682189214000061],[-68.83499382899993,3.670101439000064],[-68.85147031299994,3.700045107000051],[-68.86422038099994,3.706332605000057],[-68.88651430199991,3.700142332000041],[-68.9069121679999,3.683189389000063],[-68.92583977799995,3.686925196000061],[-68.92973789299992,3.702323750000062],[-68.92529331499992,3.731431354000051],[-68.93762182199993,3.742359308000061],[-68.94793491199994,3.732738664000067],[-68.93549637099994,3.703681712000048],[-68.94231777399995,3.682459365000057],[-68.95573776899994,3.679634469000064],[-68.97535891399991,3.692812521000064],[-68.99581932099994,3.691854143000057],[-69.05594243999991,3.638655851000067],[-69.07876709599992,3.655900475000067],[-69.08733766099994,3.638647081000045],[-69.10043927499993,3.638070239000058],[-69.11303363699994,3.673538473000065],[-69.12111133299993,3.676044875000059],[-69.15252572399993,3.642616873000065],[-69.16908601299991,3.633798739000042],[-69.18669243599993,3.633916194000051],[-69.18729396499992,3.642386418000058],[-69.16855747199992,3.65912299200005],[-69.16809166899992,3.67190320800006],[-69.17804834399993,3.676676568000062],[-69.19065576799994,3.667500842000038],[-69.20008145599991,3.669490350000046],[-69.19689285899995,3.694467674000066],[-69.20804493199995,3.701982387000044],[-69.22101301099991,3.67866239500006],[-69.23496250999995,3.674011446000065],[-69.24703903799991,3.714758265000057],[-69.27967753599995,3.726294526000061],[-69.2870756289999,3.72272528700006],[-69.28709474499993,3.713252345000058],[-69.27085659999995,3.696361324000065],[-69.26799898799993,3.681267784000056],[-69.2813950609999,3.652392152000061],[-69.29198258699995,3.644787372000053],[-69.30565814399995,3.652168163000056],[-69.28958339299993,3.698052808000057],[-69.2915468409999,3.70918596100006],[-69.30350551899994,3.717256469000063],[-69.31285881499991,3.712509888000056],[-69.32048270899992,3.695911179000063],[-69.36635858199992,3.66549606600006],[-69.3755740929999,3.666603167000062],[-69.38787459999992,3.685147701000062],[-69.40770920199992,3.660004850000064],[-69.42324909699994,3.665627487000052],[-69.43864430699995,3.700786687000061],[-69.45474843199992,3.708988304000059],[-69.46293639499993,3.708919052000056],[-69.47844957299992,3.69543843200006],[-69.48753075999991,3.674354880000067],[-69.48655215299993,3.655010613000059],[-69.49287934599994,3.650765078000063],[-69.4996681579999,3.654625792000047],[-69.4967193199999,3.670289126000057],[-69.50430395899991,3.67873849700004],[-69.53773174399993,3.67425720600005],[-69.58866676699995,3.683466],[-69.5954949959999,3.673031842000057],[-69.57733276899995,3.677742131000059],[-69.5705507209999,3.669410364000044],[-69.58096591499992,3.654405204000057],[-69.57613336499992,3.613966581000057],[-69.59260188299993,3.567736303000061],[-69.60888359599994,3.595461580000062],[-69.61993923299991,3.59152081700006],[-69.62183356499992,3.574032952000039],[-69.62904042499991,3.568634852000059],[-69.66314390499991,3.585375440000064],[-69.6730170539999,3.58044790200006],[-69.69075346399995,3.544121874000041],[-69.70063724099992,3.539909485000067],[-69.70981795999995,3.576732892000052],[-69.7297344989999,3.591668875000039],[-69.73991894099993,3.590930866000065],[-69.74500415199992,3.585691961000066],[-69.74235106799995,3.576010316000065],[-69.72038370999991,3.569014804000062],[-69.71373121799991,3.549375284000064],[-69.7340103439999,3.542920379000066],[-69.75423215799992,3.560001222000039],[-69.77734261199993,3.564573575000054],[-69.78972015799991,3.549515960000065],[-69.78803310299992,3.520028788000047],[-69.80192257599992,3.507862187000057],[-69.81539814899992,3.515932921000058],[-69.81710848699993,3.55207273700006],[-69.83410792799992,3.556613073000051],[-69.84389147099995,3.548966608000057],[-69.84489165399992,3.531684618000043],[-69.81621547199995,3.489420087000042],[-69.81720918899993,3.477048249000063],[-69.85158940399992,3.491823882000062],[-69.87244670399991,3.535845381000058],[-69.89355579999994,3.53685467400004],[-69.89553528399995,3.517216695000059],[-69.86167593899995,3.478811183000062],[-69.87170605199992,3.461935305000054],[-69.8717345199999,3.439353681000057],[-69.87816703099992,3.42968393600006],[-69.90253327599993,3.424400898000044],[-69.91496909499995,3.446998145000066],[-69.94592471599992,3.459180677000063],[-69.96027962399995,3.456920550000063],[-69.96124641699993,3.437565371000062],[-69.9395572869999,3.414198365000061],[-69.94354559099992,3.394751987000063],[-70.00192756799993,3.372716341000057],[-70.01573867099995,3.380257599000061],[-70.0149517289999,3.407600500000058],[-70.02580958499993,3.417619678000051],[-70.03513863499995,3.417328311000063],[-70.05259977299994,3.39795199200006],[-70.07601854599994,3.387365488000057],[-70.11026204599995,3.384993479000059],[-70.11541811199993,3.400545234000049],[-70.12661195699991,3.400805558000059],[-70.13338032899992,3.365141447000042],[-70.17294926699992,3.349001487000066],[-70.1534251189999,3.324531223000065],[-70.10877422999994,3.293709149000051],[-70.1156540849999,3.27967437600006],[-70.13618071499991,3.293780835000064],[-70.15785059199993,3.281578099000058],[-70.15680930499991,3.257888799000057],[-70.13181839599991,3.244091734000051],[-70.12798123599993,3.202260878000061],[-70.14810646099994,3.190770143000066],[-70.15717934699995,3.229403063000063],[-70.17435609599994,3.235807600000044],[-70.17820472099993,3.217572959000051],[-70.15772319699994,3.19446180500006],[-70.16464188599991,3.181120792000058],[-70.17841966099991,3.172979736000059],[-70.19225145399992,3.173548111000059],[-70.2039065109999,3.203118915000061],[-70.21785881999995,3.205977460000042],[-70.22023671499994,3.196987444000058],[-70.20808496199993,3.188031394000063],[-70.20652729199992,3.173090093000042],[-70.21615971099993,3.168222158000049],[-70.22926999399994,3.181029125000066],[-70.2443988629999,3.179185415000063],[-70.25993902399995,3.143588045000058],[-70.28793862099991,3.12402422200006],[-70.27992164099993,3.094469091000065],[-70.31994670699993,3.086332455000047],[-70.32180138199993,3.078016337000065],[-70.31522027999995,3.070836955000061],[-70.27274225799994,3.066110524000067],[-70.25533225299995,3.03966646300006],[-70.27187977699992,3.030817630000058],[-70.30331446699995,3.033623814000066],[-70.28269569499992,2.993327727000064],[-70.27836610799994,2.936522647000061],[-70.32401502399995,2.91336913300006],[-70.3540487809999,2.914027245000057],[-70.34851674799995,2.873488067000039],[-70.35871538099991,2.851865744000065],[-70.41081389699991,2.828990621000059],[-70.49386728099995,2.81333638600006],[-70.4987731949999,2.808370642000057],[-70.49757662999991,2.788507680000066],[-70.50469618499994,2.787849570000049],[-70.58733211399993,2.840513456000053],[-70.59718911099992,2.836270812000066],[-70.60668135799995,2.798905370000057],[-70.6203286889999,2.792554630000041],[-70.63235456099994,2.809850262000054],[-70.63541130599992,2.848765566000054],[-70.66005458899991,2.857413247000068],[-70.66451362099991,2.847008841000047],[-70.6402494479999,2.82153971200006],[-70.64041314099995,2.80263990800006],[-70.65782945399991,2.78094195500006],[-70.68172037399995,2.777782823000052],[-70.68902586199994,2.757445926000059],[-70.70916531499995,2.737109026000041],[-70.72051861999995,2.749800096000058],[-70.7167966209999,2.780908664000037],[-70.72477872699994,2.795155012000066],[-70.75442067799992,2.770217958000046],[-70.81134342199994,2.760012718000041],[-70.81529233299995,2.767910545000063],[-70.79897049599992,2.775704813000061],[-70.79639279799994,2.794446338000057],[-70.80807973499992,2.811269025000058],[-70.82156835099994,2.813074588000063],[-70.8450937739999,2.801179117000061],[-70.86240593799994,2.77659159600006],[-70.87143375199992,2.777813008000066],[-70.87552282099995,2.783229694000056],[-70.86851298899995,2.790770576000057],[-70.87047786599993,2.797621096000057],[-70.85417469499993,2.823164501000065],[-70.85799823999992,2.834582029000046],[-70.87531040099992,2.847114761000057],[-70.88157676799995,2.845468514000061],[-70.88354164399993,2.835431706000065],[-70.87148685599993,2.811162815000046],[-70.87146030499991,2.796293473000048],[-70.88367440699994,2.792576139000062],[-70.8990216919999,2.808719995000047],[-70.91134200399995,2.849876209000058],[-70.93805371499991,2.857310880000057],[-70.9412400029999,2.837821421000058],[-70.92514924999995,2.815411199000039],[-70.93141561499993,2.794753436000065],[-70.94570080499994,2.785460096000065],[-70.96200397599995,2.80048875500006],[-70.94793120699995,2.81796022900005],[-70.94779844499993,2.833845200000042],[-70.95456930499995,2.842142824000064],[-70.98756065799995,2.828933007000046],[-71.01059486199995,2.856813025000065],[-71.02911515799991,2.846324826000057],[-71.06243841499992,2.856281975000059],[-71.06559834199993,2.873484485000063],[-71.07752569599995,2.882232412000064],[-71.0779310449999,4.899101335000069],[-71.05650919099992,4.906405543000062],[-71.01311442699995,4.977377511000043],[-71.0018935679999,4.980725215000064],[-70.98678788599995,5.043670654000039],[-70.9677458569999,5.05827909900006],[-70.97445859699991,5.080088493000062],[-70.95590640899991,5.096122987000058],[-70.94379012999991,5.124293326000043],[-70.9145708229999,5.140522912000051],[-70.87642411099995,5.148309057000063],[-70.8608510439999,5.145032228000048],[-70.8241092909999,5.186049009000044],[-70.81404655499995,5.187072640000054],[-70.69378213699991,5.283534201000066],[-70.67410880199992,5.315471392000063],[-70.68185900999993,5.35726748400009],[-70.67439002799995,5.367530999000053],[-70.66592775899994,5.373944317000053],[-70.6524240569999,5.373181377000037],[-70.60321783899991,5.423740060000057],[-70.57057134599995,5.435401495000065],[-70.5691317479999,5.442391194000038],[-70.53164200799995,5.471468969000057],[-70.51123874399991,5.476239943000053],[-70.49665144799991,5.497821603000091],[-70.46955112099994,5.509962435000091],[-70.44551768499991,5.530778275000046],[-70.42057114199991,5.534468390000086],[-70.41330497599995,5.551311171000066],[-70.3864132679999,5.563399086000061],[-70.36081440999993,5.586876195000059],[-70.33705070199994,5.574695574000089],[-70.29835427499995,5.577267677000066],[-70.26382741399993,5.56357495900005],[-70.21546308899991,5.583384090000038],[-70.19466896299991,5.603156701000046],[-70.15979625799991,5.599001527000041],[-70.14015863799995,5.609920909000039],[-70.1144176549999,5.632117397000059],[-70.07885014099992,5.687052350000044],[-70.05675565299993,5.703642752000064],[-70.0437779849999,5.746221490000039],[-70.01126363999992,5.767220328000064],[-69.97881541099991,5.807338303000051],[-69.96628333799993,5.829038604000061],[-69.9676874509999,5.859419415000048],[-69.93252810099995,5.876453498000046],[-69.92433177899994,5.910699621000049],[-69.90277593499991,5.929298685000049],[-69.88279430999995,5.969788246000064],[-69.85457762199991,5.984132880000061],[-69.84174657299991,6.034264474000054],[-69.80418080899994,6.055369719000055],[-69.7805185169999,6.05818399900005],[-69.74385410299993,6.042954264000059],[-69.70449497499993,6.045654761000037],[-69.68257957799995,6.038423383000065],[-69.61396126699992,6.036349347000055],[-69.54154856799994,6.043653390000088],[-69.45226164299993,6.083469696000066],[-69.43530480099992,6.105205818000059],[-69.4042683529999,6.125582978000068],[-69.3844175349999,6.125520678000044],[-69.34465521599992,6.144379280000067],[-69.32925593499994,6.131966524000063],[-69.3072669199999,6.088953679000042],[-69.23860897199995,6.079534203000037],[-69.21731740699994,6.102009330000044],[-69.2119695639999,6.117884629000059],[-69.17769517099993,6.147265233000041],[-69.15030421099993,6.150879750000058],[-69.12372812799993,6.190909756000053],[-69.10176398699991,6.194115754000052],[-69.08902417799993,6.209959664000053],[-69.0461775409999,6.221698220000064],[-69.03130905599994,6.217230254000071],[-69.01416425199994,6.192928580000057],[-68.9733114149999,6.196189312000058],[-68.93443782699995,6.176976610000054],[-68.88221973799995,6.167354208000063],[-68.82961148599992,6.179920720000041],[-68.80932695999991,6.170420572000069],[-68.79271185099992,6.147409892000042],[-68.75181005599995,6.15686555700006],[-68.70645452199994,6.152071943000067],[-68.69567654399992,6.14734143000004],[-68.68688986099994,6.131950614000061],[-68.64484500999993,6.129152470000065],[-68.58846870299993,6.166326282000057],[-68.57667921399991,6.166886196000064],[-68.54199567799992,6.148979032000057],[-68.5226813779999,6.159330302000058],[-68.51008480599995,6.179066934000048],[-68.44856769199993,6.187729280000042],[-68.42720354399995,6.182134990000065],[-68.3735696839999,6.185884681000061],[-68.32837838799992,6.163954455000066],[-68.30697303599993,6.162989562000064],[-68.28458713599991,6.172836544000063],[-68.25738806299995,6.197032944000057],[-68.1867932209999,6.210197536000067],[-68.14185391299992,6.228674985000055],[-68.12049367299994,6.225495004000038],[-68.09790899399991,6.231868614000064],[-68.0776860119999,6.22709629600007],[-68.04315238499993,6.198946616000057],[-68.02753799399994,6.196109170000057],[-68.00159993099993,6.208168435000061],[-67.97830477499991,6.208088456000041],[-67.92980708199991,6.236351361000061],[-67.90294018899993,6.266881835000049],[-67.86082763499991,6.294941225000059],[-67.8456663629999,6.312044431000061],[-67.80972446399994,6.324317080000071]]]}}]}